  [1m[35m (1442.6ms)[0m  [1m[35mCREATE DATABASE "code_critic_development" ENCODING = 'unicode' /*application:CodeCritic*/[0m
  [1m[35m (299.9ms)[0m  [1m[35mCREATE DATABASE "code_critic_test" ENCODING = 'unicode' /*application:CodeCritic*/[0m
  [1m[35m (29.7ms)[0m  [1m[35mCREATE TABLE "schema_migrations" ("version" character varying NOT NULL PRIMARY KEY) /*application:CodeCritic*/[0m
  [1m[35m (9.1ms)[0m  [1m[35mCREATE TABLE "ar_internal_metadata" ("key" character varying NOT NULL PRIMARY KEY, "value" character varying, "created_at" timestamp(6) NOT NULL, "updated_at" timestamp(6) NOT NULL) /*application:CodeCritic*/[0m
  [1m[35m (1.5ms)[0m  [1m[34mSELECT pg_try_advisory_lock(2910238632764231055)[0m
  [1m[36mActiveRecord::SchemaMigration Pluck (1.5ms)[0m  [1m[34mSELECT "schema_migrations"."version" FROM "schema_migrations" ORDER BY "schema_migrations"."version" ASC /*application:CodeCritic*/[0m
Migrating to DeviseCreateUsers (20260318095732)
  [1m[36mTRANSACTION (0.4ms)[0m  [1m[35mBEGIN /*application:CodeCritic*/[0m
  [1m[35m (22.0ms)[0m  [1m[35mCREATE TABLE "users" ("id" bigserial primary key, "email" character varying DEFAULT '' NOT NULL, "encrypted_password" character varying DEFAULT '' NOT NULL, "reset_password_token" character varying, "reset_password_sent_at" timestamp(6), "remember_created_at" timestamp(6), "created_at" timestamp(6) NOT NULL, "updated_at" timestamp(6) NOT NULL) /*application:CodeCritic*/[0m
  [1m[35m (13.0ms)[0m  [1m[35mCREATE UNIQUE INDEX "index_users_on_email" ON "users" ("email") /*application:CodeCritic*/[0m
  [1m[35m (4.8ms)[0m  [1m[35mCREATE UNIQUE INDEX "index_users_on_reset_password_token" ON "users" ("reset_password_token") /*application:CodeCritic*/[0m
  [1m[36mActiveRecord::SchemaMigration Create (3.2ms)[0m  [1m[32mINSERT INTO "schema_migrations" ("version") VALUES ($1) RETURNING "version" /*application:CodeCritic*/[0m  [["version", "20260318095732"]]
  [1m[36mTRANSACTION (0.7ms)[0m  [1m[35mCOMMIT /*application:CodeCritic*/[0m
  [1m[36mActiveRecord::InternalMetadata Load (1.9ms)[0m  [1m[34mSELECT "ar_internal_metadata".* FROM "ar_internal_metadata" WHERE "ar_internal_metadata"."key" = $1 LIMIT $2 /*application:CodeCritic*/[0m  [["key", "environment"], ["LIMIT", 1]]
  [1m[36mTRANSACTION (0.2ms)[0m  [1m[35mBEGIN /*application:CodeCritic*/[0m
  [1m[36mActiveRecord::InternalMetadata Create (3.0ms)[0m  [1m[32mINSERT INTO "ar_internal_metadata" ("key", "value", "created_at", "updated_at") VALUES ($1, $2, $3, $4) RETURNING "key" /*application:CodeCritic*/[0m  [["key", "environment"], ["value", "development"], ["created_at", "2026-03-18 10:00:27.059559"], ["updated_at", "2026-03-18 10:00:27.059559"]]
  [1m[36mTRANSACTION (0.4ms)[0m  [1m[35mCOMMIT /*application:CodeCritic*/[0m
  [1m[35m (0.3ms)[0m  [1m[34mSELECT pg_advisory_unlock(2910238632764231055)[0m
  [1m[36mActiveRecord::SchemaMigration Pluck (2.2ms)[0m  [1m[34mSELECT "schema_migrations"."version" FROM "schema_migrations" ORDER BY "schema_migrations"."version" ASC /*application:CodeCritic*/[0m
Started GET "/favicon.ico" for 127.0.0.1 at 2026-03-18 15:01:38 +0500
  [1m[36mActiveRecord::SchemaMigration Pluck (2.8ms)[0m  [1m[34mSELECT "schema_migrations"."version" FROM "schema_migrations" ORDER BY "schema_migrations"."version" ASC /*application:CodeCritic*/[0m
  
ActionController::RoutingError (No route matches [GET] "/favicon.ico"):
  
Started GET "/" for 127.0.0.1 at 2026-03-18 15:04:28 +0500
  [1m[36mActiveRecord::SchemaMigration Pluck (1.1ms)[0m  [1m[34mSELECT "schema_migrations"."version" FROM "schema_migrations" ORDER BY "schema_migrations"."version" ASC /*application:CodeCritic*/[0m
Processing by Rails::WelcomeController#index as HTML
  Rendering C:/Ruby34-x64/lib/ruby/gems/3.4.0/gems/railties-7.0.10/lib/rails/templates/rails/welcome/index.html.erb
  Rendered C:/Ruby34-x64/lib/ruby/gems/3.4.0/gems/railties-7.0.10/lib/rails/templates/rails/welcome/index.html.erb (Duration: 6.8ms | Allocations: 384)
Completed 200 OK in 1272ms (Views: 18.0ms | ActiveRecord: 0.0ms | Allocations: 5303)


Started GET "/users/sign_in" for 127.0.0.1 at 2026-03-18 15:04:40 +0500
  
NoMethodError (undefined method 'allow_browser' for class ApplicationController):
  
app/controllers/application_controller.rb:3:in '<class:ApplicationController>'
app/controllers/application_controller.rb:1:in '<main>'
Started GET "/users/sign_in" for 127.0.0.1 at 2026-03-18 15:05:21 +0500
Processing by Devise::SessionsController#new as HTML
  Rendering layout layouts/application.html.erb
  Rendering devise/sessions/new.html.erb within layouts/application
  Rendered devise/shared/_links.html.erb (Duration: 4.2ms | Allocations: 466)
  Rendered devise/sessions/new.html.erb within layouts/application (Duration: 142.4ms | Allocations: 4502)
  Rendered layout layouts/application.html.erb (Duration: 203.3ms | Allocations: 12597)
Completed 200 OK in 2222ms (Views: 248.8ms | ActiveRecord: 26.9ms | Allocations: 19245)


Started GET "/users/password/new" for 127.0.0.1 at 2026-03-18 15:05:37 +0500
Processing by Devise::PasswordsController#new as HTML
  Rendering layout layouts/application.html.erb
  Rendering devise/passwords/new.html.erb within layouts/application
  Rendered devise/shared/_error_messages.html.erb (Duration: 0.6ms | Allocations: 167)
  Rendered devise/shared/_links.html.erb (Duration: 0.4ms | Allocations: 153)
  Rendered devise/passwords/new.html.erb within layouts/application (Duration: 5.5ms | Allocations: 1246)
  Rendered layout layouts/application.html.erb (Duration: 9.5ms | Allocations: 1898)
Completed 200 OK in 912ms (Views: 15.8ms | ActiveRecord: 0.0ms | Allocations: 3060)


Started POST "/users/password" for 127.0.0.1 at 2026-03-18 15:05:42 +0500
Processing by Devise::PasswordsController#create as TURBO_STREAM
  Parameters: {"authenticity_token" => "[FILTERED]", "user" => {"email" => "[FILTERED]"}, "commit" => "Send me password reset instructions"}
  Rendering layout layouts/application.html.erb
  Rendering devise/passwords/new.html.erb within layouts/application
  Rendered devise/shared/_error_messages.html.erb (Duration: 0.6ms | Allocations: 442)
  Rendered devise/shared/_links.html.erb (Duration: 0.2ms | Allocations: 120)
  Rendered devise/passwords/new.html.erb within layouts/application (Duration: 3.5ms | Allocations: 1603)
  Rendered layout layouts/application.html.erb (Duration: 5.2ms | Allocations: 2211)
Completed 422 Unprocessable Entity in 944ms (Views: 7.4ms | ActiveRecord: 0.0ms | Allocations: 4206)


  [1m[35m (0.4ms)[0m  [1m[34mSELECT pg_try_advisory_lock(2910238632764231055)[0m
  [1m[36mActiveRecord::SchemaMigration Pluck (5.7ms)[0m  [1m[34mSELECT "schema_migrations"."version" FROM "schema_migrations" ORDER BY "schema_migrations"."version" ASC /*application:CodeCritic*/[0m
Migrating to CreateProjects (20260319073401)
  [1m[36mTRANSACTION (0.4ms)[0m  [1m[35mBEGIN /*application:CodeCritic*/[0m
  [1m[35m (101.4ms)[0m  [1m[35mCREATE TABLE "projects" ("id" bigserial primary key, "name" character varying, "description" text, "user_id" bigint NOT NULL, "created_at" timestamp(6) NOT NULL, "updated_at" timestamp(6) NOT NULL, CONSTRAINT "fk_rails_b872a6760a"
FOREIGN KEY ("user_id")
  REFERENCES "users" ("id")
) /*application:CodeCritic*/[0m
  [1m[35m (4.0ms)[0m  [1m[35mCREATE INDEX "index_projects_on_user_id" ON "projects" ("user_id") /*application:CodeCritic*/[0m
  [1m[36mActiveRecord::SchemaMigration Create (1.6ms)[0m  [1m[32mINSERT INTO "schema_migrations" ("version") VALUES ($1) RETURNING "version" /*application:CodeCritic*/[0m  [["version", "20260319073401"]]
  [1m[36mTRANSACTION (3.4ms)[0m  [1m[35mCOMMIT /*application:CodeCritic*/[0m
Migrating to CreateCodeFiles (20260319074230)
  [1m[36mTRANSACTION (1.4ms)[0m  [1m[35mBEGIN /*application:CodeCritic*/[0m
  [1m[35m (14.4ms)[0m  [1m[35mCREATE TABLE "code_files" ("id" bigserial primary key, "content" text, "language" character varying, "project_id" bigint NOT NULL, "created_at" timestamp(6) NOT NULL, "updated_at" timestamp(6) NOT NULL, CONSTRAINT "fk_rails_e073a3aba8"
FOREIGN KEY ("project_id")
  REFERENCES "projects" ("id")
) /*application:CodeCritic*/[0m
  [1m[35m (6.6ms)[0m  [1m[35mCREATE INDEX "index_code_files_on_project_id" ON "code_files" ("project_id") /*application:CodeCritic*/[0m
  [1m[36mActiveRecord::SchemaMigration Create (0.7ms)[0m  [1m[32mINSERT INTO "schema_migrations" ("version") VALUES ($1) RETURNING "version" /*application:CodeCritic*/[0m  [["version", "20260319074230"]]
  [1m[36mTRANSACTION (0.9ms)[0m  [1m[35mCOMMIT /*application:CodeCritic*/[0m
Migrating to CreateReviews (20260319074430)
  [1m[36mTRANSACTION (1.1ms)[0m  [1m[35mBEGIN /*application:CodeCritic*/[0m
  [1m[35m (9.2ms)[0m  [1m[35mCREATE TABLE "reviews" ("id" bigserial primary key, "status" character varying, "result" text, "summary" text, "code_file_id" bigint NOT NULL, "created_at" timestamp(6) NOT NULL, "updated_at" timestamp(6) NOT NULL, CONSTRAINT "fk_rails_b591213069"
FOREIGN KEY ("code_file_id")
  REFERENCES "code_files" ("id")
) /*application:CodeCritic*/[0m
  [1m[35m (2.8ms)[0m  [1m[35mCREATE INDEX "index_reviews_on_code_file_id" ON "reviews" ("code_file_id") /*application:CodeCritic*/[0m
  [1m[36mActiveRecord::SchemaMigration Create (0.4ms)[0m  [1m[32mINSERT INTO "schema_migrations" ("version") VALUES ($1) RETURNING "version" /*application:CodeCritic*/[0m  [["version", "20260319074430"]]
  [1m[36mTRANSACTION (0.6ms)[0m  [1m[35mCOMMIT /*application:CodeCritic*/[0m
Migrating to CreateComments (20260319074549)
  [1m[36mTRANSACTION (0.8ms)[0m  [1m[35mBEGIN /*application:CodeCritic*/[0m
  [1m[35m (10.9ms)[0m  [1m[35mCREATE TABLE "comments" ("id" bigserial primary key, "content" text, "line_number" integer, "review_id" bigint NOT NULL, "user_id" bigint NOT NULL, "created_at" timestamp(6) NOT NULL, "updated_at" timestamp(6) NOT NULL, CONSTRAINT "fk_rails_5350d1b47c"
FOREIGN KEY ("review_id")
  REFERENCES "reviews" ("id")
, CONSTRAINT "fk_rails_03de2dc08c"
FOREIGN KEY ("user_id")
  REFERENCES "users" ("id")
) /*application:CodeCritic*/[0m
  [1m[35m (4.6ms)[0m  [1m[35mCREATE INDEX "index_comments_on_review_id" ON "comments" ("review_id") /*application:CodeCritic*/[0m
  [1m[35m (2.8ms)[0m  [1m[35mCREATE INDEX "index_comments_on_user_id" ON "comments" ("user_id") /*application:CodeCritic*/[0m
  [1m[36mActiveRecord::SchemaMigration Create (0.4ms)[0m  [1m[32mINSERT INTO "schema_migrations" ("version") VALUES ($1) RETURNING "version" /*application:CodeCritic*/[0m  [["version", "20260319074549"]]
  [1m[36mTRANSACTION (0.5ms)[0m  [1m[35mCOMMIT /*application:CodeCritic*/[0m
Migrating to AddNameToUser (20260319074702)
  [1m[36mTRANSACTION (1.1ms)[0m  [1m[35mBEGIN /*application:CodeCritic*/[0m
  [1m[35m (0.5ms)[0m  [1m[35mALTER TABLE "users" ADD "name" character varying /*application:CodeCritic*/[0m
  [1m[36mActiveRecord::SchemaMigration Create (1.6ms)[0m  [1m[32mINSERT INTO "schema_migrations" ("version") VALUES ($1) RETURNING "version" /*application:CodeCritic*/[0m  [["version", "20260319074702"]]
  [1m[36mTRANSACTION (0.6ms)[0m  [1m[35mCOMMIT /*application:CodeCritic*/[0m
  [1m[36mActiveRecord::InternalMetadata Load (5.3ms)[0m  [1m[34mSELECT "ar_internal_metadata".* FROM "ar_internal_metadata" WHERE "ar_internal_metadata"."key" = $1 LIMIT $2 /*application:CodeCritic*/[0m  [["key", "environment"], ["LIMIT", 1]]
  [1m[35m (0.5ms)[0m  [1m[34mSELECT pg_advisory_unlock(2910238632764231055)[0m
  [1m[36mActiveRecord::SchemaMigration Pluck (1.1ms)[0m  [1m[34mSELECT "schema_migrations"."version" FROM "schema_migrations" ORDER BY "schema_migrations"."version" ASC /*application:CodeCritic*/[0m
  [1m[36mActiveRecord::SchemaMigration Pluck (2.8ms)[0m  [1m[34mSELECT "schema_migrations"."version" FROM "schema_migrations" ORDER BY "schema_migrations"."version" ASC /*application:CodeCritic*/[0m
Started GET "/" for 127.0.0.1 at 2026-03-19 16:18:03 +0500
Started GET "/users/password/new" for 127.0.0.1 at 2026-03-19 16:18:04 +0500
  [1m[36mActiveRecord::SchemaMigration Pluck (2.3ms)[0m  [1m[34mSELECT "schema_migrations"."version" FROM "schema_migrations" ORDER BY "schema_migrations"."version" ASC /*application:CodeCritic*/[0m
Processing by Rails::WelcomeController#index as HTML
Processing by Devise::PasswordsController#new as HTML
  Rendering C:/Ruby34-x64/lib/ruby/gems/3.4.0/gems/railties-7.0.10/lib/rails/templates/rails/welcome/index.html.erb
  Rendered C:/Ruby34-x64/lib/ruby/gems/3.4.0/gems/railties-7.0.10/lib/rails/templates/rails/welcome/index.html.erb (Duration: 8.2ms | Allocations: 397)
Completed 200 OK in 3069ms (Views: 30.7ms | ActiveRecord: 0.0ms | Allocations: 7649)


  Rendering layout layouts/application.html.erb
  Rendering devise/passwords/new.html.erb within layouts/application
  Rendered devise/shared/_error_messages.html.erb (Duration: 1.8ms | Allocations: 180)
  Rendered devise/shared/_links.html.erb (Duration: 3.4ms | Allocations: 455)
  Rendered devise/passwords/new.html.erb within layouts/application (Duration: 67.9ms | Allocations: 3014)
  Rendered layout layouts/application.html.erb (Duration: 135.7ms | Allocations: 11129)
Completed 200 OK in 3378ms (Views: 166.7ms | ActiveRecord: 55.6ms | Allocations: 27318)


Started GET "/" for 127.0.0.1 at 2026-03-19 16:27:36 +0500
  [1m[36mActiveRecord::SchemaMigration Pluck (1.9ms)[0m  [1m[34mSELECT "schema_migrations"."version" FROM "schema_migrations" ORDER BY "schema_migrations"."version" ASC /*application:CodeCritic*/[0m
Processing by Rails::WelcomeController#index as HTML
  Rendering C:/Ruby34-x64/lib/ruby/gems/3.4.0/gems/railties-7.0.10/lib/rails/templates/rails/welcome/index.html.erb
  Rendered C:/Ruby34-x64/lib/ruby/gems/3.4.0/gems/railties-7.0.10/lib/rails/templates/rails/welcome/index.html.erb (Duration: 4.2ms | Allocations: 384)
Completed 200 OK in 1232ms (Views: 17.6ms | ActiveRecord: 0.0ms | Allocations: 4737)


Started GET "/signin" for 127.0.0.1 at 2026-03-19 16:27:48 +0500
  
ActionController::RoutingError (No route matches [GET] "/signin"):
  
Started GET "/favicon.ico" for 127.0.0.1 at 2026-03-19 16:27:51 +0500
  
ActionController::RoutingError (No route matches [GET] "/favicon.ico"):
  
Started GET "/" for 127.0.0.1 at 2026-03-19 16:28:10 +0500
Processing by Rails::WelcomeController#index as HTML
  Rendering C:/Ruby34-x64/lib/ruby/gems/3.4.0/gems/railties-7.0.10/lib/rails/templates/rails/welcome/index.html.erb
  Rendered C:/Ruby34-x64/lib/ruby/gems/3.4.0/gems/railties-7.0.10/lib/rails/templates/rails/welcome/index.html.erb (Duration: 1.3ms | Allocations: 128)
Completed 200 OK in 1352ms (Views: 3.1ms | ActiveRecord: 0.0ms | Allocations: 758)


Started GET "/users/sign_in" for 127.0.0.1 at 2026-03-19 16:28:18 +0500
Processing by Devise::SessionsController#new as HTML
  Rendering layout layouts/application.html.erb
  Rendering devise/sessions/new.html.erb within layouts/application
  Rendered devise/shared/_links.html.erb (Duration: 3.0ms | Allocations: 461)
  Rendered devise/sessions/new.html.erb within layouts/application (Duration: 77.4ms | Allocations: 3450)
  Rendered layout layouts/application.html.erb (Duration: 140.6ms | Allocations: 11553)
Completed 200 OK in 2057ms (Views: 183.8ms | ActiveRecord: 23.4ms | Allocations: 17952)


Started POST "/users/sign_in" for 127.0.0.1 at 2026-03-19 16:28:30 +0500
Processing by Devise::SessionsController#create as TURBO_STREAM
  Parameters: {"authenticity_token" => "[FILTERED]", "user" => {"email" => "[FILTERED]", "password" => "[FILTERED]", "remember_me" => "0"}, "commit" => "Log in"}
  [1m[36mUser Load (5.8ms)[0m  [1m[34mSELECT "users".* FROM "users" WHERE "users"."email" = $1 ORDER BY "users"."id" ASC LIMIT $2 /*application:CodeCritic,controller:sessions,action:create*/[0m  [["email", "[FILTERED]"], ["LIMIT", 1]]
Completed 401 Unauthorized in 1814ms (ActiveRecord: 6.1ms | Allocations: 3797)


Processing by Devise::SessionsController#new as TURBO_STREAM
  Parameters: {"authenticity_token" => "[FILTERED]", "user" => {"email" => "[FILTERED]", "password" => "[FILTERED]", "remember_me" => "0"}, "commit" => "Log in"}
  Rendering layout layouts/application.html.erb
  Rendering devise/sessions/new.html.erb within layouts/application
  Rendered devise/shared/_links.html.erb (Duration: 0.4ms | Allocations: 123)
  Rendered devise/sessions/new.html.erb within layouts/application (Duration: 3.7ms | Allocations: 1138)
  Rendered layout layouts/application.html.erb (Duration: 6.5ms | Allocations: 1746)
Completed 200 OK in 2469ms (Views: 10.7ms | ActiveRecord: 0.0ms | Allocations: 3852)


Started GET "/users/sign_up" for 127.0.0.1 at 2026-03-19 16:28:38 +0500
Processing by Devise::RegistrationsController#new as HTML
  Rendering layout layouts/application.html.erb
  Rendering devise/registrations/new.html.erb within layouts/application
  Rendered devise/shared/_error_messages.html.erb (Duration: 1.2ms | Allocations: 168)
  Rendered devise/shared/_links.html.erb (Duration: 0.5ms | Allocations: 102)
  Rendered devise/registrations/new.html.erb within layouts/application (Duration: 15.4ms | Allocations: 1706)
  Rendered layout layouts/application.html.erb (Duration: 18.9ms | Allocations: 2358)
Completed 200 OK in 1881ms (Views: 33.7ms | ActiveRecord: 0.0ms | Allocations: 3535)


Started POST "/users" for 127.0.0.1 at 2026-03-19 16:29:02 +0500
Processing by Devise::RegistrationsController#create as TURBO_STREAM
  Parameters: {"authenticity_token" => "[FILTERED]", "user" => {"email" => "[FILTERED]", "password" => "[FILTERED]", "password_confirmation" => "[FILTERED]"}, "commit" => "Sign up"}
  [1m[36mTRANSACTION (0.8ms)[0m  [1m[35mBEGIN /*application:CodeCritic,controller:registrations,action:create*/[0m
  [1m[36mUser Exists? (0.7ms)[0m  [1m[34mSELECT 1 AS one FROM "users" WHERE "users"."email" = $1 LIMIT $2 /*application:CodeCritic,controller:registrations,action:create*/[0m  [["email", "[FILTERED]"], ["LIMIT", 1]]
  [1m[36mCACHE User Exists? (0.0ms)[0m  [1m[34mSELECT 1 AS one FROM "users" WHERE "users"."email" = $1 LIMIT $2[0m  [["email", "[FILTERED]"], ["LIMIT", 1]]
  [1m[36mTRANSACTION (2.5ms)[0m  [1m[31mROLLBACK /*application:CodeCritic,controller:registrations,action:create*/[0m
  Rendering layout layouts/application.html.erb
  Rendering devise/registrations/new.html.erb within layouts/application
  Rendered devise/shared/_error_messages.html.erb (Duration: 1.9ms | Allocations: 673)
  Rendered devise/shared/_links.html.erb (Duration: 0.3ms | Allocations: 70)
  Rendered devise/registrations/new.html.erb within layouts/application (Duration: 7.1ms | Allocations: 2037)
  Rendered layout layouts/application.html.erb (Duration: 12.0ms | Allocations: 2645)
Completed 422 Unprocessable Entity in 2506ms (Views: 14.0ms | ActiveRecord: 4.0ms | Allocations: 10859)


  [1m[35m (9.5ms)[0m  [1m[34mSELECT pg_try_advisory_lock(2910238632764231055)[0m
  [1m[36mActiveRecord::SchemaMigration Pluck (3.4ms)[0m  [1m[34mSELECT "schema_migrations"."version" FROM "schema_migrations" ORDER BY "schema_migrations"."version" ASC /*application:CodeCritic*/[0m
Migrating to CreateActiveStorageTables (20260319141017)
  [1m[36mTRANSACTION (1.1ms)[0m  [1m[35mBEGIN /*application:CodeCritic*/[0m
  [1m[35m (47.3ms)[0m  [1m[35mCREATE TABLE "active_storage_blobs" ("id" bigserial primary key, "key" character varying NOT NULL, "filename" character varying NOT NULL, "content_type" character varying, "metadata" text, "service_name" character varying NOT NULL, "byte_size" bigint NOT NULL, "checksum" character varying, "created_at" timestamp(6) NOT NULL) /*application:CodeCritic*/[0m
  [1m[35m (8.4ms)[0m  [1m[35mCREATE UNIQUE INDEX "index_active_storage_blobs_on_key" ON "active_storage_blobs" ("key") /*application:CodeCritic*/[0m
  [1m[35m (23.2ms)[0m  [1m[35mCREATE TABLE "active_storage_attachments" ("id" bigserial primary key, "name" character varying NOT NULL, "record_type" character varying NOT NULL, "record_id" bigint NOT NULL, "blob_id" bigint NOT NULL, "created_at" timestamp(6) NOT NULL, CONSTRAINT "fk_rails_c3b3935057"
FOREIGN KEY ("blob_id")
  REFERENCES "active_storage_blobs" ("id")
) /*application:CodeCritic*/[0m
  [1m[35m (3.1ms)[0m  [1m[35mCREATE INDEX "index_active_storage_attachments_on_blob_id" ON "active_storage_attachments" ("blob_id") /*application:CodeCritic*/[0m
  [1m[35m (4.0ms)[0m  [1m[35mCREATE UNIQUE INDEX "index_active_storage_attachments_uniqueness" ON "active_storage_attachments" ("record_type", "record_id", "name", "blob_id") /*application:CodeCritic*/[0m
  [1m[35m (18.7ms)[0m  [1m[35mCREATE TABLE "active_storage_variant_records" ("id" bigserial primary key, "blob_id" bigint NOT NULL, "variation_digest" character varying NOT NULL, CONSTRAINT "fk_rails_993965df05"
FOREIGN KEY ("blob_id")
  REFERENCES "active_storage_blobs" ("id")
) /*application:CodeCritic*/[0m
  [1m[35m (2.6ms)[0m  [1m[35mCREATE UNIQUE INDEX "index_active_storage_variant_records_uniqueness" ON "active_storage_variant_records" ("blob_id", "variation_digest") /*application:CodeCritic*/[0m
  [1m[36mActiveRecord::SchemaMigration Create (2.8ms)[0m  [1m[32mINSERT INTO "schema_migrations" ("version") VALUES ($1) RETURNING "version" /*application:CodeCritic*/[0m  [["version", "20260319141017"]]
  [1m[36mTRANSACTION (2.4ms)[0m  [1m[35mCOMMIT /*application:CodeCritic*/[0m
  [1m[36mActiveRecord::InternalMetadata Load (3.3ms)[0m  [1m[34mSELECT "ar_internal_metadata".* FROM "ar_internal_metadata" WHERE "ar_internal_metadata"."key" = $1 LIMIT $2 /*application:CodeCritic*/[0m  [["key", "environment"], ["LIMIT", 1]]
  [1m[35m (0.5ms)[0m  [1m[34mSELECT pg_advisory_unlock(2910238632764231055)[0m
  [1m[36mActiveRecord::SchemaMigration Pluck (1.3ms)[0m  [1m[34mSELECT "schema_migrations"."version" FROM "schema_migrations" ORDER BY "schema_migrations"."version" ASC /*application:CodeCritic*/[0m
Started GET "/" for 127.0.0.1 at 2026-03-20 01:44:41 +0500
  [1m[36mActiveRecord::SchemaMigration Pluck (2.9ms)[0m  [1m[34mSELECT "schema_migrations"."version" FROM "schema_migrations" ORDER BY "schema_migrations"."version" ASC /*application:CodeCritic*/[0m
Processing by Rails::WelcomeController#index as HTML
  Rendering C:/Ruby34-x64/lib/ruby/gems/3.4.0/gems/railties-7.0.10/lib/rails/templates/rails/welcome/index.html.erb
  Rendered C:/Ruby34-x64/lib/ruby/gems/3.4.0/gems/railties-7.0.10/lib/rails/templates/rails/welcome/index.html.erb (Duration: 7.4ms | Allocations: 384)
Completed 200 OK in 1690ms (Views: 21.9ms | ActiveRecord: 0.0ms | Allocations: 4825)


Started GET "/users/sign_in" for 127.0.0.1 at 2026-03-20 01:44:55 +0500
Processing by Devise::SessionsController#new as HTML
  Rendering layout layouts/application.html.erb
  Rendering devise/sessions/new.html.erb within layouts/application
  Rendered devise/sessions/new.html.erb within layouts/application (Duration: 95.7ms | Allocations: 3329)
  Rendered layout layouts/application.html.erb (Duration: 193.4ms | Allocations: 11515)
Completed 200 OK in 2167ms (Views: 237.3ms | ActiveRecord: 16.2ms | Allocations: 18165)


Started GET "/users/sign_in" for 127.0.0.1 at 2026-03-20 01:58:49 +0500
Processing by Devise::SessionsController#new as HTML
  Rendering layout layouts/application.html.erb
  Rendering devise/sessions/new.html.erb within layouts/application
  Rendered devise/sessions/new.html.erb within layouts/application (Duration: 6.1ms | Allocations: 1130)
  Rendered layout layouts/application.html.erb (Duration: 9.0ms | Allocations: 1747)
Completed 200 OK in 1218ms (Views: 11.4ms | ActiveRecord: 0.0ms | Allocations: 2472)


Started GET "/users/sign_in" for 127.0.0.1 at 2026-03-20 02:00:17 +0500
Processing by Devise::SessionsController#new as HTML
  Rendering layout layouts/application.html.erb
  Rendering devise/sessions/new.html.erb within layouts/application
  Rendered devise/sessions/new.html.erb within layouts/application (Duration: 2.0ms | Allocations: 1130)
  Rendered layout layouts/application.html.erb (Duration: 3.7ms | Allocations: 1748)
Completed 200 OK in 1218ms (Views: 5.0ms | ActiveRecord: 0.0ms | Allocations: 2469)


Started GET "/" for 127.0.0.1 at 2026-03-20 02:00:46 +0500
  [1m[36mActiveRecord::SchemaMigration Pluck (2.4ms)[0m  [1m[34mSELECT "schema_migrations"."version" FROM "schema_migrations" ORDER BY "schema_migrations"."version" ASC /*application:CodeCritic*/[0m
Processing by Rails::WelcomeController#index as HTML
  Rendering C:/Ruby34-x64/lib/ruby/gems/3.4.0/gems/railties-7.0.10/lib/rails/templates/rails/welcome/index.html.erb
  Rendered C:/Ruby34-x64/lib/ruby/gems/3.4.0/gems/railties-7.0.10/lib/rails/templates/rails/welcome/index.html.erb (Duration: 6.8ms | Allocations: 384)
Completed 200 OK in 1380ms (Views: 24.6ms | ActiveRecord: 0.0ms | Allocations: 4821)


Started GET "/users/sign_in" for 127.0.0.1 at 2026-03-20 02:00:57 +0500
Processing by Devise::SessionsController#new as HTML
  Rendering layout layouts/application.html.erb
  Rendering devise/sessions/new.html.erb within layouts/application
  Rendered devise/sessions/new.html.erb within layouts/application (Duration: 73.5ms | Allocations: 3330)
  Rendered layout layouts/application.html.erb (Duration: 211.9ms | Allocations: 11515)
Completed 200 OK in 2477ms (Views: 277.4ms | ActiveRecord: 14.9ms | Allocations: 26913)


Started GET "/users/sign_in" for 127.0.0.1 at 2026-03-20 02:04:40 +0500
Processing by Devise::SessionsController#new as HTML
  Rendering layout layouts/application.html.erb
  Rendering devise/sessions/new.html.erb within layouts/application
  Rendered devise/sessions/new.html.erb within layouts/application (Duration: 6.3ms | Allocations: 1519)
  Rendered layout layouts/application.html.erb (Duration: 10.0ms | Allocations: 2379)
Completed 200 OK in 1263ms (Views: 32.0ms | ActiveRecord: 0.0ms | Allocations: 3703)


Started GET "/users/sign_in" for 127.0.0.1 at 2026-03-20 02:04:56 +0500
Processing by Devise::SessionsController#new as HTML
  Rendering layout layouts/application.html.erb
  Rendering devise/sessions/new.html.erb within layouts/application
  Rendered devise/sessions/new.html.erb within layouts/application (Duration: 3.6ms | Allocations: 1078)
  Rendered layout layouts/application.html.erb (Duration: 14.3ms | Allocations: 1686)
Completed 200 OK in 2236ms (Views: 24.3ms | ActiveRecord: 0.0ms | Allocations: 2578)


Started GET "/users/sign_in" for 127.0.0.1 at 2026-03-20 02:05:00 +0500
Processing by Devise::SessionsController#new as HTML
  Rendering layout layouts/application.html.erb
  Rendering devise/sessions/new.html.erb within layouts/application
  Rendered devise/sessions/new.html.erb within layouts/application (Duration: 4.2ms | Allocations: 1078)
  Rendered layout layouts/application.html.erb (Duration: 6.9ms | Allocations: 1686)
Completed 200 OK in 1994ms (Views: 8.5ms | ActiveRecord: 0.0ms | Allocations: 2407)


Started GET "/" for 127.0.0.1 at 2026-03-20 02:05:11 +0500
Processing by Rails::WelcomeController#index as HTML
  Rendering C:/Ruby34-x64/lib/ruby/gems/3.4.0/gems/railties-7.0.10/lib/rails/templates/rails/welcome/index.html.erb
  Rendered C:/Ruby34-x64/lib/ruby/gems/3.4.0/gems/railties-7.0.10/lib/rails/templates/rails/welcome/index.html.erb (Duration: 1.7ms | Allocations: 126)
Completed 200 OK in 1917ms (Views: 4.2ms | ActiveRecord: 0.0ms | Allocations: 739)


Started GET "/users/sign_in" for 127.0.0.1 at 2026-03-20 15:08:11 +0500
Started GET "/" for 127.0.0.1 at 2026-03-20 15:08:11 +0500
  [1m[36mActiveRecord::SchemaMigration Pluck (3.9ms)[0m  [1m[34mSELECT "schema_migrations"."version" FROM "schema_migrations" ORDER BY "schema_migrations"."version" ASC /*application:CodeCritic*/[0m
Processing by Rails::WelcomeController#index as HTML
Processing by Devise::SessionsController#new as HTML
  Rendering C:/Ruby34-x64/lib/ruby/gems/3.4.0/gems/railties-7.0.10/lib/rails/templates/rails/welcome/index.html.erb
  Rendered C:/Ruby34-x64/lib/ruby/gems/3.4.0/gems/railties-7.0.10/lib/rails/templates/rails/welcome/index.html.erb (Duration: 20.2ms | Allocations: 442)
Completed 200 OK in 3164ms (Views: 67.6ms | ActiveRecord: 0.0ms | Allocations: 11902)


  Rendering layout layouts/application.html.erb
  Rendering devise/sessions/new.html.erb within layouts/application
  Rendered devise/sessions/new.html.erb within layouts/application (Duration: 1347.2ms | Allocations: 11136)
  Rendered layout layouts/application.html.erb (Duration: 1586.7ms | Allocations: 19833)
Completed 200 OK in 4948ms (Views: 1946.1ms | ActiveRecord: 23.8ms | Allocations: 32116)


Started GET "/" for 127.0.0.1 at 2026-03-20 15:08:24 +0500
Processing by Rails::WelcomeController#index as HTML
  Rendering C:/Ruby34-x64/lib/ruby/gems/3.4.0/gems/railties-7.0.10/lib/rails/templates/rails/welcome/index.html.erb
  Rendered C:/Ruby34-x64/lib/ruby/gems/3.4.0/gems/railties-7.0.10/lib/rails/templates/rails/welcome/index.html.erb (Duration: 9.2ms | Allocations: 128)
Completed 200 OK in 5278ms (Views: 25.7ms | ActiveRecord: 0.0ms | Allocations: 1484)


Started GET "/users/sign_in" for 127.0.0.1 at 2026-03-20 15:08:40 +0500
Processing by Devise::SessionsController#new as HTML
  Rendering layout layouts/application.html.erb
  Rendering devise/sessions/new.html.erb within layouts/application
  Rendered devise/sessions/new.html.erb within layouts/application (Duration: 6.7ms | Allocations: 1458)
  Rendered layout layouts/application.html.erb (Duration: 16.2ms | Allocations: 2374)
Completed 200 OK in 1929ms (Views: 50.2ms | ActiveRecord: 0.0ms | Allocations: 3654)


Started GET "/favicon.ico" for 127.0.0.1 at 2026-03-20 15:08:56 +0500
  
ActionController::RoutingError (No route matches [GET] "/favicon.ico"):
  
Started POST "/users/sign_in" for 127.0.0.1 at 2026-03-20 15:09:13 +0500
Processing by Devise::SessionsController#create as TURBO_STREAM
  Parameters: {"authenticity_token" => "[FILTERED]", "user" => {"email" => "[FILTERED]", "password" => "[FILTERED]", "remember_me" => "1"}, "commit" => "Sign in"}
  [1m[36mUser Load (8.9ms)[0m  [1m[34mSELECT "users".* FROM "users" WHERE "users"."email" = $1 ORDER BY "users"."id" ASC LIMIT $2 /*application:CodeCritic,controller:sessions,action:create*/[0m  [["email", "[FILTERED]"], ["LIMIT", 1]]
Completed 401 Unauthorized in 1935ms (ActiveRecord: 9.2ms | Allocations: 3797)


Processing by Devise::SessionsController#new as TURBO_STREAM
  Parameters: {"authenticity_token" => "[FILTERED]", "user" => {"email" => "[FILTERED]", "password" => "[FILTERED]", "remember_me" => "1"}, "commit" => "Sign in"}
  Rendering layout layouts/application.html.erb
  Rendering devise/sessions/new.html.erb within layouts/application
  Rendered devise/sessions/new.html.erb within layouts/application (Duration: 9.1ms | Allocations: 1077)
  Rendered layout layouts/application.html.erb (Duration: 17.8ms | Allocations: 1745)
Completed 200 OK in 2442ms (Views: 22.4ms | ActiveRecord: 0.0ms | Allocations: 3135)


Started GET "/users/sign_up" for 127.0.0.1 at 2026-03-20 15:09:27 +0500
Processing by Devise::RegistrationsController#new as HTML
  Rendering layout layouts/application.html.erb
  Rendering devise/registrations/new.html.erb within layouts/application
  Rendered devise/registrations/new.html.erb within layouts/application (Duration: 10.5ms | Allocations: 1993)
  Rendered layout layouts/application.html.erb (Duration: 16.4ms | Allocations: 2705)
Completed 200 OK in 2038ms (Views: 32.0ms | ActiveRecord: 0.0ms | Allocations: 3872)


Started POST "/users" for 127.0.0.1 at 2026-03-20 15:09:55 +0500
Processing by Devise::RegistrationsController#create as TURBO_STREAM
  Parameters: {"authenticity_token" => "[FILTERED]", "user" => {"name" => "Fassih", "email" => "[FILTERED]", "password" => "[FILTERED]", "password_confirmation" => "[FILTERED]"}, "commit" => "Create account"}
[31mUnpermitted parameter: :name. Context: { controller: Devise::RegistrationsController, action: create, request: #<ActionDispatch::Request:0x000002610f1c6728>, params: {"authenticity_token" => "[FILTERED]", "user" => {"name" => "Fassih", "email" => "[FILTERED]", "password" => "[FILTERED]", "password_confirmation" => "[FILTERED]"}, "commit" => "Create account", "controller" => "devise/registrations", "action" => "create"} }[0m
  [1m[36mTRANSACTION (2.1ms)[0m  [1m[35mBEGIN /*application:CodeCritic,controller:registrations,action:create*/[0m
  [1m[36mUser Exists? (0.7ms)[0m  [1m[34mSELECT 1 AS one FROM "users" WHERE "users"."email" = $1 LIMIT $2 /*application:CodeCritic,controller:registrations,action:create*/[0m  [["email", "[FILTERED]"], ["LIMIT", 1]]
  [1m[36mCACHE User Exists? (0.0ms)[0m  [1m[34mSELECT 1 AS one FROM "users" WHERE "users"."email" = $1 LIMIT $2[0m  [["email", "[FILTERED]"], ["LIMIT", 1]]
  [1m[36mTRANSACTION (4.8ms)[0m  [1m[31mROLLBACK /*application:CodeCritic,controller:registrations,action:create*/[0m
  Rendering layout layouts/application.html.erb
  Rendering devise/registrations/new.html.erb within layouts/application
  Rendered devise/registrations/new.html.erb within layouts/application (Duration: 10.2ms | Allocations: 3492)
  Rendered layout layouts/application.html.erb (Duration: 18.6ms | Allocations: 4159)
Completed 422 Unprocessable Entity in 2656ms (Views: 20.7ms | ActiveRecord: 7.7ms | Allocations: 12710)


Started POST "/users" for 127.0.0.1 at 2026-03-20 15:10:31 +0500
Processing by Devise::RegistrationsController#create as TURBO_STREAM
  Parameters: {"authenticity_token" => "[FILTERED]", "user" => {"name" => "Fassih ", "email" => "[FILTERED]", "password" => "[FILTERED]", "password_confirmation" => "[FILTERED]"}, "commit" => "Create account"}
[31mUnpermitted parameter: :name. Context: { controller: Devise::RegistrationsController, action: create, request: #<ActionDispatch::Request:0x000002611166bce0>, params: {"authenticity_token" => "[FILTERED]", "user" => {"name" => "Fassih ", "email" => "[FILTERED]", "password" => "[FILTERED]", "password_confirmation" => "[FILTERED]"}, "commit" => "Create account", "controller" => "devise/registrations", "action" => "create"} }[0m
  [1m[36mTRANSACTION (0.3ms)[0m  [1m[35mBEGIN /*application:CodeCritic,controller:registrations,action:create*/[0m
  [1m[36mUser Exists? (0.6ms)[0m  [1m[34mSELECT 1 AS one FROM "users" WHERE "users"."email" = $1 LIMIT $2 /*application:CodeCritic,controller:registrations,action:create*/[0m  [["email", "[FILTERED]"], ["LIMIT", 1]]
  [1m[36mCACHE User Exists? (0.0ms)[0m  [1m[34mSELECT 1 AS one FROM "users" WHERE "users"."email" = $1 LIMIT $2[0m  [["email", "[FILTERED]"], ["LIMIT", 1]]
  [1m[36mTRANSACTION (0.4ms)[0m  [1m[31mROLLBACK /*application:CodeCritic,controller:registrations,action:create*/[0m
  Rendering layout layouts/application.html.erb
  Rendering devise/registrations/new.html.erb within layouts/application
  Rendered devise/registrations/new.html.erb within layouts/application (Duration: 11.8ms | Allocations: 2596)
  Rendered layout layouts/application.html.erb (Duration: 15.6ms | Allocations: 3263)
Completed 422 Unprocessable Entity in 2614ms (Views: 18.7ms | ActiveRecord: 1.4ms | Allocations: 10650)


Started POST "/users" for 127.0.0.1 at 2026-03-20 15:11:04 +0500
Processing by Devise::RegistrationsController#create as TURBO_STREAM
  Parameters: {"authenticity_token" => "[FILTERED]", "user" => {"name" => "Fassih Kamran ", "email" => "[FILTERED]", "password" => "[FILTERED]", "password_confirmation" => "[FILTERED]"}, "commit" => "Create account"}
[31mUnpermitted parameter: :name. Context: { controller: Devise::RegistrationsController, action: create, request: #<ActionDispatch::Request:0x000002610ff36908>, params: {"authenticity_token" => "[FILTERED]", "user" => {"name" => "Fassih Kamran ", "email" => "[FILTERED]", "password" => "[FILTERED]", "password_confirmation" => "[FILTERED]"}, "commit" => "Create account", "controller" => "devise/registrations", "action" => "create"} }[0m
  [1m[36mTRANSACTION (0.3ms)[0m  [1m[35mBEGIN /*application:CodeCritic,controller:registrations,action:create*/[0m
  [1m[36mUser Exists? (0.6ms)[0m  [1m[34mSELECT 1 AS one FROM "users" WHERE "users"."email" = $1 LIMIT $2 /*application:CodeCritic,controller:registrations,action:create*/[0m  [["email", "[FILTERED]"], ["LIMIT", 1]]
  [1m[36mCACHE User Exists? (0.0ms)[0m  [1m[34mSELECT 1 AS one FROM "users" WHERE "users"."email" = $1 LIMIT $2[0m  [["email", "[FILTERED]"], ["LIMIT", 1]]
  [1m[36mTRANSACTION (0.4ms)[0m  [1m[31mROLLBACK /*application:CodeCritic,controller:registrations,action:create*/[0m
  Rendering layout layouts/application.html.erb
  Rendering devise/registrations/new.html.erb within layouts/application
  Rendered devise/registrations/new.html.erb within layouts/application (Duration: 13.5ms | Allocations: 3375)
  Rendered layout layouts/application.html.erb (Duration: 16.2ms | Allocations: 4042)
Completed 422 Unprocessable Entity in 2670ms (Views: 18.0ms | ActiveRecord: 1.3ms | Allocations: 11466)


Started POST "/users" for 127.0.0.1 at 2026-03-20 15:11:40 +0500
Processing by Devise::RegistrationsController#create as TURBO_STREAM
  Parameters: {"authenticity_token" => "[FILTERED]", "user" => {"name" => "Fassih Kamran", "email" => "[FILTERED]", "password" => "[FILTERED]", "password_confirmation" => "[FILTERED]"}, "commit" => "Create account"}
[31mUnpermitted parameter: :name. Context: { controller: Devise::RegistrationsController, action: create, request: #<ActionDispatch::Request:0x00000261103037c0>, params: {"authenticity_token" => "[FILTERED]", "user" => {"name" => "Fassih Kamran", "email" => "[FILTERED]", "password" => "[FILTERED]", "password_confirmation" => "[FILTERED]"}, "commit" => "Create account", "controller" => "devise/registrations", "action" => "create"} }[0m
  [1m[36mTRANSACTION (0.3ms)[0m  [1m[35mBEGIN /*application:CodeCritic,controller:registrations,action:create*/[0m
  [1m[36mUser Exists? (0.6ms)[0m  [1m[34mSELECT 1 AS one FROM "users" WHERE "users"."email" = $1 LIMIT $2 /*application:CodeCritic,controller:registrations,action:create*/[0m  [["email", "[FILTERED]"], ["LIMIT", 1]]
  [1m[36mCACHE User Exists? (0.1ms)[0m  [1m[34mSELECT 1 AS one FROM "users" WHERE "users"."email" = $1 LIMIT $2[0m  [["email", "[FILTERED]"], ["LIMIT", 1]]
  [1m[36mTRANSACTION (0.4ms)[0m  [1m[31mROLLBACK /*application:CodeCritic,controller:registrations,action:create*/[0m
  Rendering layout layouts/application.html.erb
  Rendering devise/registrations/new.html.erb within layouts/application
  Rendered devise/registrations/new.html.erb within layouts/application (Duration: 14.3ms | Allocations: 3375)
  Rendered layout layouts/application.html.erb (Duration: 17.2ms | Allocations: 4043)
Completed 422 Unprocessable Entity in 2705ms (Views: 19.1ms | ActiveRecord: 1.4ms | Allocations: 11456)


Started POST "/users" for 127.0.0.1 at 2026-03-20 15:13:39 +0500
Processing by Devise::RegistrationsController#create as TURBO_STREAM
  Parameters: {"authenticity_token" => "[FILTERED]", "user" => {"name" => "Ahmad Kamran", "email" => "[FILTERED]", "password" => "[FILTERED]", "password_confirmation" => "[FILTERED]"}, "commit" => "Create account"}
[31mUnpermitted parameter: :name. Context: { controller: Devise::RegistrationsController, action: create, request: #<ActionDispatch::Request:0x000002610b68b910>, params: {"authenticity_token" => "[FILTERED]", "user" => {"name" => "Ahmad Kamran", "email" => "[FILTERED]", "password" => "[FILTERED]", "password_confirmation" => "[FILTERED]"}, "commit" => "Create account", "controller" => "devise/registrations", "action" => "create"} }[0m
  [1m[36mTRANSACTION (0.4ms)[0m  [1m[35mBEGIN /*application:CodeCritic,controller:registrations,action:create*/[0m
  [1m[36mUser Exists? (0.7ms)[0m  [1m[34mSELECT 1 AS one FROM "users" WHERE "users"."email" = $1 LIMIT $2 /*application:CodeCritic,controller:registrations,action:create*/[0m  [["email", "[FILTERED]"], ["LIMIT", 1]]
  [1m[36mCACHE User Exists? (0.0ms)[0m  [1m[34mSELECT 1 AS one FROM "users" WHERE "users"."email" = $1 LIMIT $2[0m  [["email", "[FILTERED]"], ["LIMIT", 1]]
  [1m[36mTRANSACTION (0.3ms)[0m  [1m[31mROLLBACK /*application:CodeCritic,controller:registrations,action:create*/[0m
  Rendering layout layouts/application.html.erb
  Rendering devise/registrations/new.html.erb within layouts/application
  Rendered devise/registrations/new.html.erb within layouts/application (Duration: 7.6ms | Allocations: 2596)
  Rendered layout layouts/application.html.erb (Duration: 11.0ms | Allocations: 3263)
Completed 422 Unprocessable Entity in 2656ms (Views: 13.9ms | ActiveRecord: 1.4ms | Allocations: 10669)


Started POST "/users" for 127.0.0.1 at 2026-03-20 15:15:16 +0500
Processing by Devise::RegistrationsController#create as TURBO_STREAM
  Parameters: {"authenticity_token" => "[FILTERED]", "user" => {"name" => "fassih", "email" => "[FILTERED]", "password" => "[FILTERED]", "password_confirmation" => "[FILTERED]"}, "commit" => "Create account"}
[31mUnpermitted parameter: :name. Context: { controller: Devise::RegistrationsController, action: create, request: #<ActionDispatch::Request:0x00000261100fe7e0>, params: {"authenticity_token" => "[FILTERED]", "user" => {"name" => "fassih", "email" => "[FILTERED]", "password" => "[FILTERED]", "password_confirmation" => "[FILTERED]"}, "commit" => "Create account", "controller" => "devise/registrations", "action" => "create"} }[0m
  [1m[36mTRANSACTION (0.3ms)[0m  [1m[35mBEGIN /*application:CodeCritic,controller:registrations,action:create*/[0m
  [1m[36mUser Exists? (0.6ms)[0m  [1m[34mSELECT 1 AS one FROM "users" WHERE "users"."email" = $1 LIMIT $2 /*application:CodeCritic,controller:registrations,action:create*/[0m  [["email", "[FILTERED]"], ["LIMIT", 1]]
  [1m[36mCACHE User Exists? (0.0ms)[0m  [1m[34mSELECT 1 AS one FROM "users" WHERE "users"."email" = $1 LIMIT $2[0m  [["email", "[FILTERED]"], ["LIMIT", 1]]
  [1m[36mTRANSACTION (0.4ms)[0m  [1m[31mROLLBACK /*application:CodeCritic,controller:registrations,action:create*/[0m
  Rendering layout layouts/application.html.erb
  Rendering devise/registrations/new.html.erb within layouts/application
  Rendered devise/registrations/new.html.erb within layouts/application (Duration: 17.2ms | Allocations: 3621)
  Rendered layout layouts/application.html.erb (Duration: 20.4ms | Allocations: 4288)
Completed 422 Unprocessable Entity in 2644ms (Views: 22.1ms | ActiveRecord: 1.3ms | Allocations: 11749)


Started GET "/" for 127.0.0.1 at 2026-03-20 16:21:39 +0500
  [1m[36mActiveRecord::SchemaMigration Pluck (4.1ms)[0m  [1m[34mSELECT "schema_migrations"."version" FROM "schema_migrations" ORDER BY "schema_migrations"."version" ASC /*application:CodeCritic*/[0m
Processing by Rails::WelcomeController#index as HTML
  Rendering C:/Ruby34-x64/lib/ruby/gems/3.4.0/gems/railties-7.0.10/lib/rails/templates/rails/welcome/index.html.erb
  Rendered C:/Ruby34-x64/lib/ruby/gems/3.4.0/gems/railties-7.0.10/lib/rails/templates/rails/welcome/index.html.erb (Duration: 8.1ms | Allocations: 384)
Completed 200 OK in 2821ms (Views: 38.6ms | ActiveRecord: 0.0ms | Allocations: 5010)


Started GET "/users/sign_up" for 127.0.0.1 at 2026-03-20 16:21:45 +0500
Processing by Devise::RegistrationsController#new as HTML
  Rendering layout layouts/application.html.erb
  Rendering devise/registrations/new.html.erb within layouts/application
  Rendered devise/registrations/new.html.erb within layouts/application (Duration: 102.6ms | Allocations: 3619)
  Rendered layout layouts/application.html.erb (Duration: 251.9ms | Allocations: 12034)
Completed 200 OK in 3072ms (Views: 301.1ms | ActiveRecord: 18.9ms | Allocations: 18580)


Started GET "/users/sign_in" for 127.0.0.1 at 2026-03-20 16:21:51 +0500
Processing by Devise::SessionsController#new as HTML
  Rendering layout layouts/application.html.erb
  Rendering devise/sessions/new.html.erb within layouts/application
  Rendered devise/sessions/new.html.erb within layouts/application (Duration: 29.3ms | Allocations: 1777)
  Rendered layout layouts/application.html.erb (Duration: 41.0ms | Allocations: 2490)
Completed 200 OK in 2670ms (Views: 71.4ms | ActiveRecord: 0.0ms | Allocations: 3944)


Started POST "/users/sign_in" for 127.0.0.1 at 2026-03-20 16:22:00 +0500
Processing by Devise::SessionsController#create as TURBO_STREAM
  Parameters: {"authenticity_token" => "[FILTERED]", "user" => {"email" => "[FILTERED]", "password" => "[FILTERED]", "remember_me" => "0"}, "commit" => "Sign in"}
  [1m[36mUser Load (5.2ms)[0m  [1m[34mSELECT "users".* FROM "users" WHERE "users"."email" = $1 ORDER BY "users"."id" ASC LIMIT $2 /*application:CodeCritic,controller:sessions,action:create*/[0m  [["email", "[FILTERED]"], ["LIMIT", 1]]
Completed 401 Unauthorized in 2470ms (ActiveRecord: 5.6ms | Allocations: 3777)


Processing by Devise::SessionsController#new as TURBO_STREAM
  Parameters: {"authenticity_token" => "[FILTERED]", "user" => {"email" => "[FILTERED]", "password" => "[FILTERED]", "remember_me" => "0"}, "commit" => "Sign in"}
  Rendering layout layouts/application.html.erb
  Rendering devise/sessions/new.html.erb within layouts/application
  Rendered devise/sessions/new.html.erb within layouts/application (Duration: 2.8ms | Allocations: 1076)
  Rendered layout layouts/application.html.erb (Duration: 7.3ms | Allocations: 1744)
Completed 200 OK in 2773ms (Views: 9.6ms | ActiveRecord: 0.0ms | Allocations: 3131)


Started GET "/users/password/new" for 127.0.0.1 at 2026-03-20 16:22:11 +0500
Processing by Devise::PasswordsController#new as HTML
  Rendering layout layouts/application.html.erb
  Rendering devise/passwords/new.html.erb within layouts/application
  Rendered devise/passwords/new.html.erb within layouts/application (Duration: 5.2ms | Allocations: 1142)
  Rendered layout layouts/application.html.erb (Duration: 8.4ms | Allocations: 1854)
Completed 200 OK in 2590ms (Views: 23.1ms | ActiveRecord: 0.0ms | Allocations: 2980)


Started POST "/users/sign_in" for 127.0.0.1 at 2026-03-20 16:22:17 +0500
Processing by Devise::SessionsController#create as TURBO_STREAM
  Parameters: {"authenticity_token" => "[FILTERED]", "user" => {"email" => "[FILTERED]", "password" => "[FILTERED]", "remember_me" => "1"}, "commit" => "Sign in"}
  [1m[36mUser Load (1.1ms)[0m  [1m[34mSELECT "users".* FROM "users" WHERE "users"."email" = $1 ORDER BY "users"."id" ASC LIMIT $2 /*application:CodeCritic,controller:sessions,action:create*/[0m  [["email", "[FILTERED]"], ["LIMIT", 1]]
Completed 401 Unauthorized in 2772ms (ActiveRecord: 1.1ms | Allocations: 1820)


Processing by Devise::SessionsController#new as TURBO_STREAM
  Parameters: {"authenticity_token" => "[FILTERED]", "user" => {"email" => "[FILTERED]", "password" => "[FILTERED]", "remember_me" => "1"}, "commit" => "Sign in"}
  Rendering layout layouts/application.html.erb
  Rendering devise/sessions/new.html.erb within layouts/application
  Rendered devise/sessions/new.html.erb within layouts/application (Duration: 2.7ms | Allocations: 1066)
  Rendered layout layouts/application.html.erb (Duration: 8.6ms | Allocations: 1734)
Completed 200 OK in 3136ms (Views: 11.7ms | ActiveRecord: 0.0ms | Allocations: 2327)


Started GET "/users/sign_up" for 127.0.0.1 at 2026-03-20 16:22:30 +0500
Processing by Devise::RegistrationsController#new as HTML
  Rendering layout layouts/application.html.erb
  Rendering devise/registrations/new.html.erb within layouts/application
  Rendered devise/registrations/new.html.erb within layouts/application (Duration: 2.9ms | Allocations: 1307)
  Rendered layout layouts/application.html.erb (Duration: 8.0ms | Allocations: 1974)
Completed 200 OK in 2578ms (Views: 10.1ms | ActiveRecord: 0.0ms | Allocations: 2665)


Started POST "/users" for 127.0.0.1 at 2026-03-20 16:23:48 +0500
Processing by Devise::RegistrationsController#create as TURBO_STREAM
  Parameters: {"authenticity_token" => "[FILTERED]", "user" => {"name" => "Fassih Kamran", "email" => "[FILTERED]", "password" => "[FILTERED]", "password_confirmation" => "[FILTERED]"}, "commit" => "Create account"}
[31mUnpermitted parameter: :name. Context: { controller: Devise::RegistrationsController, action: create, request: #<ActionDispatch::Request:0x000002bc6b957318>, params: {"authenticity_token" => "[FILTERED]", "user" => {"name" => "Fassih Kamran", "email" => "[FILTERED]", "password" => "[FILTERED]", "password_confirmation" => "[FILTERED]"}, "commit" => "Create account", "controller" => "devise/registrations", "action" => "create"} }[0m
  [1m[36mTRANSACTION (0.7ms)[0m  [1m[35mBEGIN /*application:CodeCritic,controller:registrations,action:create*/[0m
  [1m[36mUser Exists? (0.6ms)[0m  [1m[34mSELECT 1 AS one FROM "users" WHERE "users"."email" = $1 LIMIT $2 /*application:CodeCritic,controller:registrations,action:create*/[0m  [["email", "[FILTERED]"], ["LIMIT", 1]]
  [1m[36mCACHE User Exists? (0.0ms)[0m  [1m[34mSELECT 1 AS one FROM "users" WHERE "users"."email" = $1 LIMIT $2[0m  [["email", "[FILTERED]"], ["LIMIT", 1]]
  [1m[36mTRANSACTION (2.7ms)[0m  [1m[31mROLLBACK /*application:CodeCritic,controller:registrations,action:create*/[0m
  Rendering layout layouts/application.html.erb
  Rendering devise/registrations/new.html.erb within layouts/application
  Rendered devise/registrations/new.html.erb within layouts/application (Duration: 11.1ms | Allocations: 3718)
  Rendered layout layouts/application.html.erb (Duration: 16.7ms | Allocations: 4385)
Completed 422 Unprocessable Entity in 3690ms (Views: 19.6ms | ActiveRecord: 4.0ms | Allocations: 22205)


Started GET "/" for 127.0.0.1 at 2026-03-20 16:32:48 +0500
  [1m[36mActiveRecord::SchemaMigration Pluck (2.1ms)[0m  [1m[34mSELECT "schema_migrations"."version" FROM "schema_migrations" ORDER BY "schema_migrations"."version" ASC /*application:CodeCritic*/[0m
Processing by Rails::WelcomeController#index as HTML
  Rendering C:/Ruby34-x64/lib/ruby/gems/3.4.0/gems/railties-7.0.10/lib/rails/templates/rails/welcome/index.html.erb
  Rendered C:/Ruby34-x64/lib/ruby/gems/3.4.0/gems/railties-7.0.10/lib/rails/templates/rails/welcome/index.html.erb (Duration: 5.4ms | Allocations: 384)
Completed 200 OK in 2384ms (Views: 21.9ms | ActiveRecord: 0.0ms | Allocations: 4828)


Started GET "/users/sign_in" for 127.0.0.1 at 2026-03-20 16:32:59 +0500
Processing by Devise::SessionsController#new as HTML
  Rendering layout layouts/application.html.erb
  Rendering devise/sessions/new.html.erb within layouts/application
  Rendered devise/sessions/new.html.erb within layouts/application (Duration: 77.7ms | Allocations: 3388)
  Rendered layout layouts/application.html.erb (Duration: 151.7ms | Allocations: 11805)
Completed 200 OK in 2678ms (Views: 198.1ms | ActiveRecord: 17.6ms | Allocations: 18463)


Started GET "/users/sign_up" for 127.0.0.1 at 2026-03-20 16:33:10 +0500
Processing by Devise::RegistrationsController#new as HTML
  Rendering layout layouts/application.html.erb
  Rendering devise/registrations/new.html.erb within layouts/application
  Rendered devise/registrations/new.html.erb within layouts/application (Duration: 11.3ms | Allocations: 1994)
  Rendered layout layouts/application.html.erb (Duration: 13.8ms | Allocations: 2707)
Completed 200 OK in 2741ms (Views: 35.4ms | ActiveRecord: 0.0ms | Allocations: 3875)


Started POST "/users" for 127.0.0.1 at 2026-03-20 16:33:36 +0500
Processing by Devise::RegistrationsController#create as TURBO_STREAM
  Parameters: {"authenticity_token" => "[FILTERED]", "user" => {"name" => "Fassih", "email" => "[FILTERED]", "password" => "[FILTERED]", "password_confirmation" => "[FILTERED]"}, "commit" => "Create account"}
[31mUnpermitted parameter: :name. Context: { controller: Devise::RegistrationsController, action: create, request: #<ActionDispatch::Request:0x000001d878bf2be0>, params: {"authenticity_token" => "[FILTERED]", "user" => {"name" => "Fassih", "email" => "[FILTERED]", "password" => "[FILTERED]", "password_confirmation" => "[FILTERED]"}, "commit" => "Create account", "controller" => "devise/registrations", "action" => "create"} }[0m
  [1m[36mTRANSACTION (0.7ms)[0m  [1m[35mBEGIN /*application:CodeCritic,controller:registrations,action:create*/[0m
  [1m[36mUser Exists? (2.8ms)[0m  [1m[34mSELECT 1 AS one FROM "users" WHERE "users"."email" = $1 LIMIT $2 /*application:CodeCritic,controller:registrations,action:create*/[0m  [["email", "[FILTERED]"], ["LIMIT", 1]]
  [1m[36mCACHE User Exists? (0.0ms)[0m  [1m[34mSELECT 1 AS one FROM "users" WHERE "users"."email" = $1 LIMIT $2[0m  [["email", "[FILTERED]"], ["LIMIT", 1]]
  [1m[36mTRANSACTION (2.1ms)[0m  [1m[31mROLLBACK /*application:CodeCritic,controller:registrations,action:create*/[0m
  Rendering layout layouts/application.html.erb
  Rendering devise/registrations/new.html.erb within layouts/application
  Rendered devise/registrations/new.html.erb within layouts/application (Duration: 10.0ms | Allocations: 2701)
  Rendered layout layouts/application.html.erb (Duration: 14.3ms | Allocations: 3368)
Completed 422 Unprocessable Entity in 3284ms (Views: 17.1ms | ActiveRecord: 5.7ms | Allocations: 14409)


Started GET "/users/sign_up" for 127.0.0.1 at 2026-03-20 16:34:04 +0500
Processing by Devise::RegistrationsController#new as HTML
  Rendering layout layouts/application.html.erb
  Rendering devise/registrations/new.html.erb within layouts/application
  Rendered devise/registrations/new.html.erb within layouts/application (Duration: 2.1ms | Allocations: 1438)
  Rendered layout layouts/application.html.erb (Duration: 10.8ms | Allocations: 3756)
Completed 200 OK in 1267ms (Views: 12.7ms | ActiveRecord: 4.5ms | Allocations: 7151)


Started POST "/users" for 127.0.0.1 at 2026-03-20 16:34:28 +0500
Processing by Devise::RegistrationsController#create as TURBO_STREAM
  Parameters: {"authenticity_token" => "[FILTERED]", "user" => {"name" => "Fassih", "email" => "[FILTERED]", "password" => "[FILTERED]", "password_confirmation" => "[FILTERED]"}, "commit" => "Create account"}
[31mUnpermitted parameter: :name. Context: { controller: Devise::RegistrationsController, action: create, request: #<ActionDispatch::Request:0x000001d87850d668>, params: {"authenticity_token" => "[FILTERED]", "user" => {"name" => "Fassih", "email" => "[FILTERED]", "password" => "[FILTERED]", "password_confirmation" => "[FILTERED]"}, "commit" => "Create account", "controller" => "devise/registrations", "action" => "create"} }[0m
  [1m[36mTRANSACTION (0.6ms)[0m  [1m[35mBEGIN /*application:CodeCritic,controller:registrations,action:create*/[0m
  [1m[36mUser Exists? (0.9ms)[0m  [1m[34mSELECT 1 AS one FROM "users" WHERE "users"."email" = $1 LIMIT $2 /*application:CodeCritic,controller:registrations,action:create*/[0m  [["email", "[FILTERED]"], ["LIMIT", 1]]
  [1m[36mCACHE User Exists? (0.1ms)[0m  [1m[34mSELECT 1 AS one FROM "users" WHERE "users"."email" = $1 LIMIT $2[0m  [["email", "[FILTERED]"], ["LIMIT", 1]]
  [1m[36mTRANSACTION (0.5ms)[0m  [1m[31mROLLBACK /*application:CodeCritic,controller:registrations,action:create*/[0m
  Rendering layout layouts/application.html.erb
  Rendering devise/registrations/new.html.erb within layouts/application
  Rendered devise/registrations/new.html.erb within layouts/application (Duration: 16.4ms | Allocations: 2604)
  Rendered layout layouts/application.html.erb (Duration: 20.1ms | Allocations: 3271)
Completed 422 Unprocessable Entity in 3061ms (Views: 31.8ms | ActiveRecord: 2.0ms | Allocations: 11124)


Started GET "/users/sign_up" for 127.0.0.1 at 2026-03-20 16:35:51 +0500
  
ArgumentError (You need to supply at least one validation):
  
app/models/user.rb:7:in '<class:User>'
app/models/user.rb:1:in '<main>'
config/routes.rb:2:in 'block in <main>'
config/routes.rb:1:in '<main>'
Started GET "/users/sign_up" for 127.0.0.1 at 2026-03-20 16:36:56 +0500
Processing by Devise::RegistrationsController#new as HTML
  Rendering layout layouts/application.html.erb
  Rendering devise/registrations/new.html.erb within layouts/application
  Rendered devise/registrations/new.html.erb within layouts/application (Duration: 9.0ms | Allocations: 1438)
  Rendered layout layouts/application.html.erb (Duration: 32.4ms | Allocations: 3763)
Completed 200 OK in 3597ms (Views: 37.8ms | ActiveRecord: 7.0ms | Allocations: 7145)


Started GET "/users/sign_up" for 127.0.0.1 at 2026-03-20 16:38:37 +0500
Processing by Devise::RegistrationsController#new as HTML
  Rendering layout layouts/application.html.erb
  Rendering devise/registrations/new.html.erb within layouts/application
  Rendered devise/registrations/new.html.erb within layouts/application (Duration: 3.4ms | Allocations: 1438)
  Rendered layout layouts/application.html.erb (Duration: 19.9ms | Allocations: 3754)
Completed 200 OK in 2668ms (Views: 22.4ms | ActiveRecord: 5.3ms | Allocations: 7167)


Started POST "/users" for 127.0.0.1 at 2026-03-20 16:39:04 +0500
Processing by Devise::RegistrationsController#create as TURBO_STREAM
  Parameters: {"authenticity_token" => "[FILTERED]", "user" => {"name" => "Fassih", "email" => "[FILTERED]", "password" => "[FILTERED]", "password_confirmation" => "[FILTERED]"}, "commit" => "Create account"}
  [1m[36mTRANSACTION (0.4ms)[0m  [1m[35mBEGIN /*application:CodeCritic,controller:registrations,action:create*/[0m
  [1m[36mUser Exists? (0.6ms)[0m  [1m[34mSELECT 1 AS one FROM "users" WHERE "users"."email" = $1 LIMIT $2 /*application:CodeCritic,controller:registrations,action:create*/[0m  [["email", "[FILTERED]"], ["LIMIT", 1]]
  [1m[36mCACHE User Exists? (0.0ms)[0m  [1m[34mSELECT 1 AS one FROM "users" WHERE "users"."email" = $1 LIMIT $2[0m  [["email", "[FILTERED]"], ["LIMIT", 1]]
  [1m[36mUser Create (36.1ms)[0m  [1m[32mINSERT INTO "users" ("email", "encrypted_password", "reset_password_token", "reset_password_sent_at", "remember_created_at", "created_at", "updated_at", "name") VALUES ($1, $2, $3, $4, $5, $6, $7, $8) RETURNING "id" /*application:CodeCritic,controller:registrations,action:create*/[0m  [["email", "[FILTERED]"], ["encrypted_password", "[FILTERED]"], ["reset_password_token", "[FILTERED]"], ["reset_password_sent_at", "[FILTERED]"], ["remember_created_at", nil], ["created_at", "2026-03-20 11:39:08.370793"], ["updated_at", "2026-03-20 11:39:08.370793"], ["name", "Fassih"]]
  [1m[36mTRANSACTION (7.3ms)[0m  [1m[35mCOMMIT /*application:CodeCritic,controller:registrations,action:create*/[0m
Redirected to http://127.0.0.1:3000/
Completed 303 See Other in 3302ms (ActiveRecord: 44.5ms | Allocations: 10170)


Started GET "/" for 127.0.0.1 at 2026-03-20 16:39:10 +0500
Processing by Rails::WelcomeController#index as TURBO_STREAM
  Rendering C:/Ruby34-x64/lib/ruby/gems/3.4.0/gems/railties-7.0.10/lib/rails/templates/rails/welcome/index.html.erb
  Rendered C:/Ruby34-x64/lib/ruby/gems/3.4.0/gems/railties-7.0.10/lib/rails/templates/rails/welcome/index.html.erb (Duration: 4.4ms | Allocations: 130)
Completed 200 OK in 2417ms (Views: 6.6ms | ActiveRecord: 0.0ms | Allocations: 780)


Started GET "/" for 127.0.0.1 at 2026-03-20 16:39:16 +0500
Processing by Rails::WelcomeController#index as HTML
  Rendering C:/Ruby34-x64/lib/ruby/gems/3.4.0/gems/railties-7.0.10/lib/rails/templates/rails/welcome/index.html.erb
  Rendered C:/Ruby34-x64/lib/ruby/gems/3.4.0/gems/railties-7.0.10/lib/rails/templates/rails/welcome/index.html.erb (Duration: 0.1ms | Allocations: 15)
Completed 200 OK in 2483ms (Views: 3.0ms | ActiveRecord: 0.0ms | Allocations: 298)


Started GET "/users/sign_in" for 127.0.0.1 at 2026-03-20 16:39:31 +0500
Processing by Devise::SessionsController#new as HTML
  [1m[36mUser Load (1.0ms)[0m  [1m[34mSELECT "users".* FROM "users" WHERE "users"."id" = $1 ORDER BY "users"."id" ASC LIMIT $2 /*application:CodeCritic,controller:sessions,action:new*/[0m  [["id", 1], ["LIMIT", 1]]
Redirected to http://127.0.0.1:3000/
Filter chain halted as :require_no_authentication rendered or redirected
Completed 302 Found in 17ms (ActiveRecord: 1.5ms | Allocations: 2223)


Started GET "/users/sign_in" for 127.0.0.1 at 2026-03-20 16:39:39 +0500
Processing by Devise::SessionsController#new as HTML
  [1m[36mUser Load (0.6ms)[0m  [1m[34mSELECT "users".* FROM "users" WHERE "users"."id" = $1 ORDER BY "users"."id" ASC LIMIT $2 /*application:CodeCritic,controller:sessions,action:new*/[0m  [["id", 1], ["LIMIT", 1]]
Redirected to http://127.0.0.1:3000/
Filter chain halted as :require_no_authentication rendered or redirected
Completed 302 Found in 13ms (ActiveRecord: 0.6ms | Allocations: 1747)


Started GET "/" for 127.0.0.1 at 2026-03-20 16:39:42 +0500
Processing by Rails::WelcomeController#index as HTML
  Rendering C:/Ruby34-x64/lib/ruby/gems/3.4.0/gems/railties-7.0.10/lib/rails/templates/rails/welcome/index.html.erb
  Rendered C:/Ruby34-x64/lib/ruby/gems/3.4.0/gems/railties-7.0.10/lib/rails/templates/rails/welcome/index.html.erb (Duration: 0.1ms | Allocations: 15)
Completed 200 OK in 2274ms (Views: 2.0ms | ActiveRecord: 0.0ms | Allocations: 296)


Started GET "/users/sign_in" for 127.0.0.1 at 2026-03-20 16:39:54 +0500
Processing by Devise::SessionsController#new as HTML
  [1m[36mUser Load (0.5ms)[0m  [1m[34mSELECT "users".* FROM "users" WHERE "users"."id" = $1 ORDER BY "users"."id" ASC LIMIT $2 /*application:CodeCritic,controller:sessions,action:new*/[0m  [["id", 1], ["LIMIT", 1]]
Redirected to http://127.0.0.1:3000/
Filter chain halted as :require_no_authentication rendered or redirected
Completed 302 Found in 7ms (ActiveRecord: 0.5ms | Allocations: 1739)


Started GET "/" for 127.0.0.1 at 2026-03-20 16:39:57 +0500
Processing by Rails::WelcomeController#index as HTML
  Rendering C:/Ruby34-x64/lib/ruby/gems/3.4.0/gems/railties-7.0.10/lib/rails/templates/rails/welcome/index.html.erb
  Rendered C:/Ruby34-x64/lib/ruby/gems/3.4.0/gems/railties-7.0.10/lib/rails/templates/rails/welcome/index.html.erb (Duration: 0.2ms | Allocations: 15)
Completed 200 OK in 2196ms (Views: 2.0ms | ActiveRecord: 0.0ms | Allocations: 296)


Started GET "/" for 127.0.0.1 at 2026-03-20 16:40:39 +0500
  [1m[36mActiveRecord::SchemaMigration Pluck (2.3ms)[0m  [1m[34mSELECT "schema_migrations"."version" FROM "schema_migrations" ORDER BY "schema_migrations"."version" ASC /*application:CodeCritic*/[0m
Processing by Rails::WelcomeController#index as HTML
  Rendering C:/Ruby34-x64/lib/ruby/gems/3.4.0/gems/railties-7.0.10/lib/rails/templates/rails/welcome/index.html.erb
  Rendered C:/Ruby34-x64/lib/ruby/gems/3.4.0/gems/railties-7.0.10/lib/rails/templates/rails/welcome/index.html.erb (Duration: 4.8ms | Allocations: 384)
Completed 200 OK in 2199ms (Views: 20.1ms | ActiveRecord: 0.0ms | Allocations: 4830)


Started GET "/users/sign_in" for 127.0.0.1 at 2026-03-20 16:40:53 +0500
Processing by Devise::SessionsController#new as HTML
  [1m[36mUser Load (1.6ms)[0m  [1m[34mSELECT "users".* FROM "users" WHERE "users"."id" = $1 ORDER BY "users"."id" ASC LIMIT $2 /*application:CodeCritic,controller:sessions,action:new*/[0m  [["id", 1], ["LIMIT", 1]]
Redirected to http://127.0.0.1:3000/
Filter chain halted as :require_no_authentication rendered or redirected
Completed 302 Found in 71ms (ActiveRecord: 13.9ms | Allocations: 8636)


Started GET "/" for 127.0.0.1 at 2026-03-20 16:40:57 +0500
Processing by Rails::WelcomeController#index as HTML
  Rendering C:/Ruby34-x64/lib/ruby/gems/3.4.0/gems/railties-7.0.10/lib/rails/templates/rails/welcome/index.html.erb
  Rendered C:/Ruby34-x64/lib/ruby/gems/3.4.0/gems/railties-7.0.10/lib/rails/templates/rails/welcome/index.html.erb (Duration: 1.8ms | Allocations: 128)
Completed 200 OK in 2588ms (Views: 5.6ms | ActiveRecord: 0.0ms | Allocations: 802)


Started GET "/users/sign_up" for 127.0.0.1 at 2026-03-20 16:41:19 +0500
Processing by Devise::RegistrationsController#new as HTML
  [1m[36mUser Load (0.6ms)[0m  [1m[34mSELECT "users".* FROM "users" WHERE "users"."id" = $1 ORDER BY "users"."id" ASC LIMIT $2 /*application:CodeCritic,controller:registrations,action:new*/[0m  [["id", 1], ["LIMIT", 1]]
Redirected to http://127.0.0.1:3000/
Filter chain halted as :require_no_authentication rendered or redirected
Completed 302 Found in 10ms (ActiveRecord: 0.6ms | Allocations: 1919)


Started GET "/" for 127.0.0.1 at 2026-03-20 16:41:22 +0500
Processing by Rails::WelcomeController#index as HTML
  Rendering C:/Ruby34-x64/lib/ruby/gems/3.4.0/gems/railties-7.0.10/lib/rails/templates/rails/welcome/index.html.erb
  Rendered C:/Ruby34-x64/lib/ruby/gems/3.4.0/gems/railties-7.0.10/lib/rails/templates/rails/welcome/index.html.erb (Duration: 0.2ms | Allocations: 16)
Completed 200 OK in 2462ms (Views: 2.9ms | ActiveRecord: 0.0ms | Allocations: 299)


Started GET "/users/sign_in" for 127.0.0.1 at 2026-03-20 16:41:37 +0500
Processing by Devise::SessionsController#new as HTML
  [1m[36mUser Load (0.6ms)[0m  [1m[34mSELECT "users".* FROM "users" WHERE "users"."id" = $1 ORDER BY "users"."id" ASC LIMIT $2 /*application:CodeCritic,controller:sessions,action:new*/[0m  [["id", 1], ["LIMIT", 1]]
Redirected to http://127.0.0.1:3000/
Filter chain halted as :require_no_authentication rendered or redirected
Completed 302 Found in 16ms (ActiveRecord: 0.6ms | Allocations: 1759)


Started GET "/" for 127.0.0.1 at 2026-03-20 16:41:41 +0500
Processing by Rails::WelcomeController#index as HTML
  Rendering C:/Ruby34-x64/lib/ruby/gems/3.4.0/gems/railties-7.0.10/lib/rails/templates/rails/welcome/index.html.erb
  Rendered C:/Ruby34-x64/lib/ruby/gems/3.4.0/gems/railties-7.0.10/lib/rails/templates/rails/welcome/index.html.erb (Duration: 0.2ms | Allocations: 15)
Completed 200 OK in 2525ms (Views: 1.7ms | ActiveRecord: 0.0ms | Allocations: 298)


Started GET "/users/sign_in" for 127.0.0.1 at 2026-03-20 16:41:46 +0500
Processing by Devise::SessionsController#new as HTML
  [1m[36mUser Load (1.2ms)[0m  [1m[34mSELECT "users".* FROM "users" WHERE "users"."id" = $1 ORDER BY "users"."id" ASC LIMIT $2 /*application:CodeCritic,controller:sessions,action:new*/[0m  [["id", 1], ["LIMIT", 1]]
Redirected to http://127.0.0.1:3000/
Filter chain halted as :require_no_authentication rendered or redirected
Completed 302 Found in 14ms (ActiveRecord: 1.2ms | Allocations: 1752)


Started GET "/" for 127.0.0.1 at 2026-03-20 16:41:49 +0500
Processing by Rails::WelcomeController#index as HTML
  Rendering C:/Ruby34-x64/lib/ruby/gems/3.4.0/gems/railties-7.0.10/lib/rails/templates/rails/welcome/index.html.erb
  Rendered C:/Ruby34-x64/lib/ruby/gems/3.4.0/gems/railties-7.0.10/lib/rails/templates/rails/welcome/index.html.erb (Duration: 0.2ms | Allocations: 15)
Completed 200 OK in 2464ms (Views: 2.1ms | ActiveRecord: 0.0ms | Allocations: 296)


Started GET "/users/sign_in" for 127.0.0.1 at 2026-03-20 16:42:02 +0500
Processing by Devise::SessionsController#new as HTML
  [1m[36mUser Load (0.5ms)[0m  [1m[34mSELECT "users".* FROM "users" WHERE "users"."id" = $1 ORDER BY "users"."id" ASC LIMIT $2 /*application:CodeCritic,controller:sessions,action:new*/[0m  [["id", 1], ["LIMIT", 1]]
Redirected to http://127.0.0.1:3000/
Filter chain halted as :require_no_authentication rendered or redirected
Completed 302 Found in 8ms (ActiveRecord: 0.5ms | Allocations: 1740)


Started GET "/" for 127.0.0.1 at 2026-03-20 16:42:05 +0500
Processing by Rails::WelcomeController#index as HTML
  Rendering C:/Ruby34-x64/lib/ruby/gems/3.4.0/gems/railties-7.0.10/lib/rails/templates/rails/welcome/index.html.erb
  Rendered C:/Ruby34-x64/lib/ruby/gems/3.4.0/gems/railties-7.0.10/lib/rails/templates/rails/welcome/index.html.erb (Duration: 0.1ms | Allocations: 15)
Completed 200 OK in 2599ms (Views: 2.6ms | ActiveRecord: 0.0ms | Allocations: 297)


Started GET "/" for 127.0.0.1 at 2026-03-20 16:43:00 +0500
Processing by Rails::WelcomeController#index as HTML
  Rendering C:/Ruby34-x64/lib/ruby/gems/3.4.0/gems/railties-7.0.10/lib/rails/templates/rails/welcome/index.html.erb
  Rendered C:/Ruby34-x64/lib/ruby/gems/3.4.0/gems/railties-7.0.10/lib/rails/templates/rails/welcome/index.html.erb (Duration: 0.2ms | Allocations: 15)
Completed 200 OK in 2930ms (Views: 4.8ms | ActiveRecord: 0.0ms | Allocations: 297)


Started GET "/users/sign_in" for 127.0.0.1 at 2026-03-20 16:43:08 +0500
Processing by Devise::SessionsController#new as HTML
  [1m[36mUser Load (0.7ms)[0m  [1m[34mSELECT "users".* FROM "users" WHERE "users"."id" = $1 ORDER BY "users"."id" ASC LIMIT $2 /*application:CodeCritic,controller:sessions,action:new*/[0m  [["id", 1], ["LIMIT", 1]]
Redirected to http://127.0.0.1:3000/
Filter chain halted as :require_no_authentication rendered or redirected
Completed 302 Found in 10ms (ActiveRecord: 0.7ms | Allocations: 1710)


Started GET "/" for 127.0.0.1 at 2026-03-20 16:43:11 +0500
Processing by Rails::WelcomeController#index as HTML
  Rendering C:/Ruby34-x64/lib/ruby/gems/3.4.0/gems/railties-7.0.10/lib/rails/templates/rails/welcome/index.html.erb
  Rendered C:/Ruby34-x64/lib/ruby/gems/3.4.0/gems/railties-7.0.10/lib/rails/templates/rails/welcome/index.html.erb (Duration: 0.1ms | Allocations: 15)
Completed 200 OK in 2215ms (Views: 3.1ms | ActiveRecord: 0.0ms | Allocations: 296)


Started GET "/users/sign_in" for 127.0.0.1 at 2026-03-20 16:43:26 +0500
Processing by Devise::SessionsController#new as HTML
  [1m[36mUser Load (0.5ms)[0m  [1m[34mSELECT "users".* FROM "users" WHERE "users"."id" = $1 ORDER BY "users"."id" ASC LIMIT $2 /*application:CodeCritic,controller:sessions,action:new*/[0m  [["id", 1], ["LIMIT", 1]]
Redirected to http://127.0.0.1:3000/
Filter chain halted as :require_no_authentication rendered or redirected
Completed 302 Found in 8ms (ActiveRecord: 0.5ms | Allocations: 1737)


Started GET "/" for 127.0.0.1 at 2026-03-20 16:43:29 +0500
Processing by Rails::WelcomeController#index as HTML
  Rendering C:/Ruby34-x64/lib/ruby/gems/3.4.0/gems/railties-7.0.10/lib/rails/templates/rails/welcome/index.html.erb
  Rendered C:/Ruby34-x64/lib/ruby/gems/3.4.0/gems/railties-7.0.10/lib/rails/templates/rails/welcome/index.html.erb (Duration: 0.2ms | Allocations: 15)
Completed 200 OK in 2398ms (Views: 3.7ms | ActiveRecord: 0.0ms | Allocations: 302)


Started GET "/" for 127.0.0.1 at 2026-03-20 16:43:38 +0500
Processing by Rails::WelcomeController#index as HTML
  Rendering C:/Ruby34-x64/lib/ruby/gems/3.4.0/gems/railties-7.0.10/lib/rails/templates/rails/welcome/index.html.erb
  Rendered C:/Ruby34-x64/lib/ruby/gems/3.4.0/gems/railties-7.0.10/lib/rails/templates/rails/welcome/index.html.erb (Duration: 0.1ms | Allocations: 15)
Completed 200 OK in 2167ms (Views: 1.3ms | ActiveRecord: 0.0ms | Allocations: 299)


Started GET "/users/sign_in" for 127.0.0.1 at 2026-03-20 16:43:53 +0500
Processing by Devise::SessionsController#new as HTML
  Rendering layout layouts/application.html.erb
  Rendering devise/sessions/new.html.erb within layouts/application
  Rendered devise/sessions/new.html.erb within layouts/application (Duration: 43.5ms | Allocations: 3211)
  Rendered layout layouts/application.html.erb (Duration: 82.3ms | Allocations: 11619)
Completed 200 OK in 1550ms (Views: 100.3ms | ActiveRecord: 0.0ms | Allocations: 21733)


Started GET "/users/sign_up" for 127.0.0.1 at 2026-03-20 16:44:05 +0500
Processing by Devise::RegistrationsController#new as HTML
  Rendering layout layouts/application.html.erb
  Rendering devise/registrations/new.html.erb within layouts/application
  Rendered devise/registrations/new.html.erb within layouts/application (Duration: 4.4ms | Allocations: 1993)
  Rendered layout layouts/application.html.erb (Duration: 6.4ms | Allocations: 2705)
Completed 200 OK in 1129ms (Views: 17.0ms | ActiveRecord: 0.0ms | Allocations: 3681)


Started GET "/favicon.ico" for 127.0.0.1 at 2026-03-20 16:44:08 +0500
  
ActionController::RoutingError (No route matches [GET] "/favicon.ico"):
  
Started POST "/users" for 127.0.0.1 at 2026-03-20 16:45:05 +0500
Processing by Devise::RegistrationsController#create as TURBO_STREAM
  Parameters: {"authenticity_token" => "[FILTERED]", "user" => {"name" => "ahmad kamran", "email" => "[FILTERED]", "password" => "[FILTERED]", "password_confirmation" => "[FILTERED]"}, "commit" => "Create account"}
  [1m[36mTRANSACTION (1.0ms)[0m  [1m[35mBEGIN /*application:CodeCritic,controller:registrations,action:create*/[0m
  [1m[36mUser Exists? (1.7ms)[0m  [1m[34mSELECT 1 AS one FROM "users" WHERE "users"."email" = $1 LIMIT $2 /*application:CodeCritic,controller:registrations,action:create*/[0m  [["email", "[FILTERED]"], ["LIMIT", 1]]
  [1m[36mCACHE User Exists? (0.0ms)[0m  [1m[34mSELECT 1 AS one FROM "users" WHERE "users"."email" = $1 LIMIT $2[0m  [["email", "[FILTERED]"], ["LIMIT", 1]]
  [1m[36mUser Create (16.3ms)[0m  [1m[32mINSERT INTO "users" ("email", "encrypted_password", "reset_password_token", "reset_password_sent_at", "remember_created_at", "created_at", "updated_at", "name") VALUES ($1, $2, $3, $4, $5, $6, $7, $8) RETURNING "id" /*application:CodeCritic,controller:registrations,action:create*/[0m  [["email", "[FILTERED]"], ["encrypted_password", "[FILTERED]"], ["reset_password_token", "[FILTERED]"], ["reset_password_sent_at", "[FILTERED]"], ["remember_created_at", nil], ["created_at", "2026-03-20 11:45:07.245684"], ["updated_at", "2026-03-20 11:45:07.245684"], ["name", "Ahmad Kamran"]]
  [1m[36mTRANSACTION (1.3ms)[0m  [1m[35mCOMMIT /*application:CodeCritic,controller:registrations,action:create*/[0m
Redirected to http://127.0.0.1:3000/
Completed 303 See Other in 1475ms (ActiveRecord: 20.4ms | Allocations: 11324)


Started GET "/" for 127.0.0.1 at 2026-03-20 16:45:08 +0500
Processing by Rails::WelcomeController#index as TURBO_STREAM
  Rendering C:/Ruby34-x64/lib/ruby/gems/3.4.0/gems/railties-7.0.10/lib/rails/templates/rails/welcome/index.html.erb
  Rendered C:/Ruby34-x64/lib/ruby/gems/3.4.0/gems/railties-7.0.10/lib/rails/templates/rails/welcome/index.html.erb (Duration: 0.3ms | Allocations: 16)
Completed 200 OK in 1098ms (Views: 2.4ms | ActiveRecord: 0.0ms | Allocations: 562)


Started GET "/" for 127.0.0.1 at 2026-03-20 16:45:10 +0500
Processing by Rails::WelcomeController#index as HTML
  Rendering C:/Ruby34-x64/lib/ruby/gems/3.4.0/gems/railties-7.0.10/lib/rails/templates/rails/welcome/index.html.erb
  Rendered C:/Ruby34-x64/lib/ruby/gems/3.4.0/gems/railties-7.0.10/lib/rails/templates/rails/welcome/index.html.erb (Duration: 0.1ms | Allocations: 15)
Completed 200 OK in 1170ms (Views: 2.2ms | ActiveRecord: 0.0ms | Allocations: 295)


Started GET "/" for 127.0.0.1 at 2026-03-20 17:43:25 +0500
  [1m[36mActiveRecord::SchemaMigration Pluck (2.9ms)[0m  [1m[34mSELECT "schema_migrations"."version" FROM "schema_migrations" ORDER BY "schema_migrations"."version" ASC /*application:CodeCritic*/[0m
Processing by Rails::WelcomeController#index as HTML
  Rendering C:/Ruby34-x64/lib/ruby/gems/3.4.0/gems/railties-7.0.10/lib/rails/templates/rails/welcome/index.html.erb
  Rendered C:/Ruby34-x64/lib/ruby/gems/3.4.0/gems/railties-7.0.10/lib/rails/templates/rails/welcome/index.html.erb (Duration: 6.6ms | Allocations: 384)
Completed 200 OK in 2374ms (Views: 22.4ms | ActiveRecord: 0.0ms | Allocations: 4829)


Started GET "/projects" for 127.0.0.1 at 2026-03-20 17:43:39 +0500
Processing by ProjectsController#index as HTML
  [1m[36mUser Load (5.0ms)[0m  [1m[34mSELECT "users".* FROM "users" WHERE "users"."id" = $1 ORDER BY "users"."id" ASC LIMIT $2 /*application:CodeCritic,controller:projects,action:index*/[0m  [["id", 1], ["LIMIT", 1]]
  ↳ app/controllers/projects_controller.rb:6:in 'ProjectsController#index'
  [1m[36mProject Load (3.7ms)[0m  [1m[34mSELECT "projects".* FROM "projects" WHERE "projects"."user_id" = $1 /*application:CodeCritic,controller:projects,action:index*/[0m  [["user_id", 1]]
  ↳ app/controllers/projects_controller.rb:7:in 'block in ProjectsController#index'
  Rendering layout layouts/application.html.erb
  Rendering projects/index.html.erb within layouts/application
  Rendered projects/index.html.erb within layouts/application (Duration: 42.4ms | Allocations: 2004)
  Rendered layout layouts/application.html.erb (Duration: 46.0ms | Allocations: 2089)
Completed 500 Internal Server Error in 2841ms (ActiveRecord: 40.2ms | Allocations: 19615)


  
ActionView::Template::Error (Missing partial shared/_navbar with {locale: [:en], formats: [:html], variants: [], handlers: [:raw, :erb, :html, :builder, :ruby, :jbuilder]}.

Searched in:
  * "D:/code_critic/code_critic/app/views"
  * "C:/Ruby34-x64/lib/ruby/gems/3.4.0/gems/turbo-rails-2.0.12/app/views"
  * "C:/Ruby34-x64/lib/ruby/gems/3.4.0/gems/devise-5.0.3/app/views"
  * "C:/Ruby34-x64/lib/ruby/gems/3.4.0/gems/actiontext-7.0.10/app/views"
  * "C:/Ruby34-x64/lib/ruby/gems/3.4.0/gems/actionmailbox-7.0.10/app/views"
):
    1: <%# app/views/projects/index.html.erb %>
    2: 
    3: <div class="min-h-screen bg-[#0a0a0f] font-['DM_Sans',sans-serif]">
    4:   <%= render "shared/navbar" %>
    5: 
    6:   <main class="max-w-7xl mx-auto px-4 sm:px-6 lg:px-8 py-10">
    7:     <%= render "shared/flash" %>
  
app/views/projects/index.html.erb:4:in '_app_views_projects_index_html_erb__565204538_12392'
Started GET "/projects" for 127.0.0.1 at 2026-03-20 17:47:31 +0500
Processing by ProjectsController#index as HTML
  [1m[36mUser Load (0.7ms)[0m  [1m[34mSELECT "users".* FROM "users" WHERE "users"."id" = $1 ORDER BY "users"."id" ASC LIMIT $2 /*application:CodeCritic,controller:projects,action:index*/[0m  [["id", 1], ["LIMIT", 1]]
  ↳ app/controllers/projects_controller.rb:6:in 'ProjectsController#index'
  Rendering layout layouts/application.html.erb
  Rendering projects/index.html.erb within layouts/application
  Rendered shared/_navbar.html.erb (Duration: 13.5ms | Allocations: 706)
  Rendered projects/index.html.erb within layouts/application (Duration: 54.3ms | Allocations: 2464)
  Rendered layout layouts/application.html.erb (Duration: 56.3ms | Allocations: 2547)
Completed 500 Internal Server Error in 2382ms (ActiveRecord: 0.7ms | Allocations: 4614)


  
ActionView::Template::Error (Missing partial shared/_flash with {locale: [:en], formats: [:html], variants: [], handlers: [:raw, :erb, :html, :builder, :ruby, :jbuilder]}.

Searched in:
  * "D:/code_critic/code_critic/app/views"
  * "C:/Ruby34-x64/lib/ruby/gems/3.4.0/gems/turbo-rails-2.0.12/app/views"
  * "C:/Ruby34-x64/lib/ruby/gems/3.4.0/gems/devise-5.0.3/app/views"
  * "C:/Ruby34-x64/lib/ruby/gems/3.4.0/gems/actiontext-7.0.10/app/views"
  * "C:/Ruby34-x64/lib/ruby/gems/3.4.0/gems/actionmailbox-7.0.10/app/views"
):
    4:   <%= render "shared/navbar" %>
    5: 
    6:   <main class="max-w-7xl mx-auto px-4 sm:px-6 lg:px-8 py-10">
    7:     <%= render "shared/flash" %>
    8: 
    9:     <div class="flex flex-col sm:flex-row sm:items-center sm:justify-between gap-4 mb-10">
   10:       <div>
  
app/views/projects/index.html.erb:7:in '_app_views_projects_index_html_erb__565204538_12568'
Started GET "/projects" for 127.0.0.1 at 2026-03-20 17:49:38 +0500
Processing by ProjectsController#index as HTML
  [1m[36mUser Load (2.6ms)[0m  [1m[34mSELECT "users".* FROM "users" WHERE "users"."id" = $1 ORDER BY "users"."id" ASC LIMIT $2 /*application:CodeCritic,controller:projects,action:index*/[0m  [["id", 1], ["LIMIT", 1]]
  ↳ app/controllers/projects_controller.rb:6:in 'ProjectsController#index'
  Rendering layout layouts/application.html.erb
  Rendering projects/index.html.erb within layouts/application
  Rendered shared/_navbar.html.erb (Duration: 8.5ms | Allocations: 530)
  Rendered shared/_flash.html.erb (Duration: 1.0ms | Allocations: 167)
  Rendered projects/index.html.erb within layouts/application (Duration: 22.6ms | Allocations: 1389)
  Rendered layout layouts/application.html.erb (Duration: 90.4ms | Allocations: 9793)
Completed 200 OK in 1799ms (Views: 112.6ms | ActiveRecord: 2.6ms | Allocations: 11851)


Started GET "/projects/new" for 127.0.0.1 at 2026-03-20 17:49:51 +0500
Processing by ProjectsController#new as HTML
Completed 406 Not Acceptable in 1718ms (ActiveRecord: 3.6ms | Allocations: 2773)


  
ActionController::MissingExactTemplate (ProjectsController#new is missing a template for request formats: text/html):
  
actionpack (7.0.10) lib/action_controller/metal/implicit_render.rb:45:in 'ActionController::ImplicitRender#default_render'
actionpack (7.0.10) lib/action_controller/metal/basic_implicit_render.rb:7:in 'ActionController::BasicImplicitRender#send_action'
actionpack (7.0.10) lib/abstract_controller/base.rb:215:in 'AbstractController::Base#process_action'
actionpack (7.0.10) lib/action_controller/metal/rendering.rb:165:in 'ActionController::Rendering#process_action'
actionpack (7.0.10) lib/abstract_controller/callbacks.rb:234:in 'block in AbstractController::Callbacks#process_action'
activesupport (7.0.10) lib/active_support/callbacks.rb:118:in 'block in ActiveSupport::Callbacks#run_callbacks'
turbo-rails (2.0.12) lib/turbo-rails.rb:24:in 'Turbo.with_request_id'
turbo-rails (2.0.12) app/controllers/concerns/turbo/request_id_tracking.rb:10:in 'Turbo::RequestIdTracking#turbo_tracking_request_id'
activesupport (7.0.10) lib/active_support/callbacks.rb:127:in 'block in ActiveSupport::Callbacks#run_callbacks'
actiontext (7.0.10) lib/action_text/rendering.rb:20:in 'ActionText::Rendering::ClassMethods#with_renderer'
actiontext (7.0.10) lib/action_text/engine.rb:69:in 'block (4 levels) in <class:Engine>'
activesupport (7.0.10) lib/active_support/callbacks.rb:127:in 'BasicObject#instance_exec'
activesupport (7.0.10) lib/active_support/callbacks.rb:127:in 'block in ActiveSupport::Callbacks#run_callbacks'
activesupport (7.0.10) lib/active_support/callbacks.rb:138:in 'ActiveSupport::Callbacks#run_callbacks'
actionpack (7.0.10) lib/abstract_controller/callbacks.rb:233:in 'AbstractController::Callbacks#process_action'
actionpack (7.0.10) lib/action_controller/metal/rescue.rb:23:in 'ActionController::Rescue#process_action'
actionpack (7.0.10) lib/action_controller/metal/instrumentation.rb:67:in 'block in ActionController::Instrumentation#process_action'
activesupport (7.0.10) lib/active_support/notifications.rb:206:in 'block in ActiveSupport::Notifications.instrument'
activesupport (7.0.10) lib/active_support/notifications/instrumenter.rb:24:in 'ActiveSupport::Notifications::Instrumenter#instrument'
activesupport (7.0.10) lib/active_support/notifications.rb:206:in 'ActiveSupport::Notifications.instrument'
actionpack (7.0.10) lib/action_controller/metal/instrumentation.rb:66:in 'ActionController::Instrumentation#process_action'
actionpack (7.0.10) lib/action_controller/metal/params_wrapper.rb:259:in 'ActionController::ParamsWrapper#process_action'
activerecord (7.0.10) lib/active_record/railties/controller_runtime.rb:27:in 'ActiveRecord::Railties::ControllerRuntime#process_action'
actionpack (7.0.10) lib/abstract_controller/base.rb:151:in 'AbstractController::Base#process'
actionview (7.0.10) lib/action_view/rendering.rb:39:in 'ActionView::Rendering#process'
actionpack (7.0.10) lib/action_controller/metal.rb:188:in 'ActionController::Metal#dispatch'
actionpack (7.0.10) lib/action_controller/metal.rb:251:in 'ActionController::Metal.dispatch'
actionpack (7.0.10) lib/action_dispatch/routing/route_set.rb:49:in 'ActionDispatch::Routing::RouteSet::Dispatcher#dispatch'
actionpack (7.0.10) lib/action_dispatch/routing/route_set.rb:32:in 'ActionDispatch::Routing::RouteSet::Dispatcher#serve'
actionpack (7.0.10) lib/action_dispatch/journey/router.rb:50:in 'block in ActionDispatch::Journey::Router#serve'
actionpack (7.0.10) lib/action_dispatch/journey/router.rb:32:in 'Array#each'
actionpack (7.0.10) lib/action_dispatch/journey/router.rb:32:in 'ActionDispatch::Journey::Router#serve'
actionpack (7.0.10) lib/action_dispatch/routing/route_set.rb:852:in 'ActionDispatch::Routing::RouteSet#call'
warden (1.2.9) lib/warden/manager.rb:36:in 'block in Warden::Manager#call'
warden (1.2.9) lib/warden/manager.rb:34:in 'Kernel#catch'
warden (1.2.9) lib/warden/manager.rb:34:in 'Warden::Manager#call'
rack (2.2.22) lib/rack/tempfile_reaper.rb:15:in 'Rack::TempfileReaper#call'
rack (2.2.22) lib/rack/etag.rb:27:in 'Rack::ETag#call'
rack (2.2.22) lib/rack/conditional_get.rb:27:in 'Rack::ConditionalGet#call'
rack (2.2.22) lib/rack/head.rb:12:in 'Rack::Head#call'
actionpack (7.0.10) lib/action_dispatch/http/permissions_policy.rb:38:in 'ActionDispatch::PermissionsPolicy::Middleware#call'
actionpack (7.0.10) lib/action_dispatch/http/content_security_policy.rb:39:in 'ActionDispatch::ContentSecurityPolicy::Middleware#call'
rack (2.2.22) lib/rack/session/abstract/id.rb:266:in 'Rack::Session::Abstract::Persisted#context'
rack (2.2.22) lib/rack/session/abstract/id.rb:260:in 'Rack::Session::Abstract::Persisted#call'
actionpack (7.0.10) lib/action_dispatch/middleware/cookies.rb:704:in 'ActionDispatch::Cookies#call'
activerecord (7.0.10) lib/active_record/migration.rb:639:in 'ActiveRecord::Migration::CheckPending#call'
actionpack (7.0.10) lib/action_dispatch/middleware/callbacks.rb:27:in 'block in ActionDispatch::Callbacks#call'
activesupport (7.0.10) lib/active_support/callbacks.rb:99:in 'ActiveSupport::Callbacks#run_callbacks'
actionpack (7.0.10) lib/action_dispatch/middleware/callbacks.rb:26:in 'ActionDispatch::Callbacks#call'
actionpack (7.0.10) lib/action_dispatch/middleware/executor.rb:14:in 'ActionDispatch::Executor#call'
actionpack (7.0.10) lib/action_dispatch/middleware/actionable_exceptions.rb:17:in 'ActionDispatch::ActionableExceptions#call'
actionpack (7.0.10) lib/action_dispatch/middleware/debug_exceptions.rb:28:in 'ActionDispatch::DebugExceptions#call'
web-console (4.2.1) lib/web_console/middleware.rb:132:in 'WebConsole::Middleware#call_app'
web-console (4.2.1) lib/web_console/middleware.rb:28:in 'block in WebConsole::Middleware#call'
web-console (4.2.1) lib/web_console/middleware.rb:17:in 'Kernel#catch'
web-console (4.2.1) lib/web_console/middleware.rb:17:in 'WebConsole::Middleware#call'
actionpack (7.0.10) lib/action_dispatch/middleware/show_exceptions.rb:29:in 'ActionDispatch::ShowExceptions#call'
railties (7.0.10) lib/rails/rack/logger.rb:40:in 'Rails::Rack::Logger#call_app'
railties (7.0.10) lib/rails/rack/logger.rb:25:in 'block in Rails::Rack::Logger#call'
activesupport (7.0.10) lib/active_support/tagged_logging.rb:99:in 'block in ActiveSupport::TaggedLogging#tagged'
activesupport (7.0.10) lib/active_support/tagged_logging.rb:37:in 'ActiveSupport::TaggedLogging::Formatter#tagged'
activesupport (7.0.10) lib/active_support/tagged_logging.rb:99:in 'ActiveSupport::TaggedLogging#tagged'
railties (7.0.10) lib/rails/rack/logger.rb:25:in 'Rails::Rack::Logger#call'
actionpack (7.0.10) lib/action_dispatch/middleware/remote_ip.rb:93:in 'ActionDispatch::RemoteIp#call'
actionpack (7.0.10) lib/action_dispatch/middleware/request_id.rb:26:in 'ActionDispatch::RequestId#call'
rack (2.2.22) lib/rack/method_override.rb:24:in 'Rack::MethodOverride#call'
rack (2.2.22) lib/rack/runtime.rb:22:in 'Rack::Runtime#call'
actionpack (7.0.10) lib/action_dispatch/middleware/server_timing.rb:61:in 'block in ActionDispatch::ServerTiming#call'
actionpack (7.0.10) lib/action_dispatch/middleware/server_timing.rb:26:in 'ActionDispatch::ServerTiming::Subscriber#collect_events'
actionpack (7.0.10) lib/action_dispatch/middleware/server_timing.rb:60:in 'ActionDispatch::ServerTiming#call'
actionpack (7.0.10) lib/action_dispatch/middleware/executor.rb:14:in 'ActionDispatch::Executor#call'
propshaft (1.3.1) lib/propshaft/server.rb:37:in 'Propshaft::Server#call'
actionpack (7.0.10) lib/action_dispatch/middleware/static.rb:23:in 'ActionDispatch::Static#call'
rack (2.2.22) lib/rack/sendfile.rb:127:in 'Rack::Sendfile#call'
actionpack (7.0.10) lib/action_dispatch/middleware/host_authorization.rb:138:in 'ActionDispatch::HostAuthorization#call'
railties (7.0.10) lib/rails/engine.rb:531:in 'Rails::Engine#call'
puma (7.2.0) lib/puma/configuration.rb:296:in 'Puma::Configuration::ConfigMiddleware#call'
puma (7.2.0) lib/puma/request.rb:103:in 'block in Puma::Request#handle_request'
puma (7.2.0) lib/puma/thread_pool.rb:355:in 'Puma::ThreadPool#with_force_shutdown'
puma (7.2.0) lib/puma/request.rb:102:in 'Puma::Request#handle_request'
puma (7.2.0) lib/puma/server.rb:503:in 'Puma::Server#process_client'
puma (7.2.0) lib/puma/server.rb:262:in 'block in Puma::Server#run'
puma (7.2.0) lib/puma/thread_pool.rb:182:in 'block in Puma::ThreadPool#spawn_thread'
Started GET "/projects/new" for 127.0.0.1 at 2026-03-20 17:49:56 +0500
Processing by ProjectsController#new as HTML
Completed 406 Not Acceptable in 1939ms (ActiveRecord: 0.0ms | Allocations: 858)


  
ActionController::MissingExactTemplate (ProjectsController#new is missing a template for request formats: text/html):
  
actionpack (7.0.10) lib/action_controller/metal/implicit_render.rb:45:in 'ActionController::ImplicitRender#default_render'
actionpack (7.0.10) lib/action_controller/metal/basic_implicit_render.rb:7:in 'ActionController::BasicImplicitRender#send_action'
actionpack (7.0.10) lib/abstract_controller/base.rb:215:in 'AbstractController::Base#process_action'
actionpack (7.0.10) lib/action_controller/metal/rendering.rb:165:in 'ActionController::Rendering#process_action'
actionpack (7.0.10) lib/abstract_controller/callbacks.rb:234:in 'block in AbstractController::Callbacks#process_action'
activesupport (7.0.10) lib/active_support/callbacks.rb:118:in 'block in ActiveSupport::Callbacks#run_callbacks'
turbo-rails (2.0.12) lib/turbo-rails.rb:24:in 'Turbo.with_request_id'
turbo-rails (2.0.12) app/controllers/concerns/turbo/request_id_tracking.rb:10:in 'Turbo::RequestIdTracking#turbo_tracking_request_id'
activesupport (7.0.10) lib/active_support/callbacks.rb:127:in 'block in ActiveSupport::Callbacks#run_callbacks'
actiontext (7.0.10) lib/action_text/rendering.rb:20:in 'ActionText::Rendering::ClassMethods#with_renderer'
actiontext (7.0.10) lib/action_text/engine.rb:69:in 'block (4 levels) in <class:Engine>'
activesupport (7.0.10) lib/active_support/callbacks.rb:127:in 'BasicObject#instance_exec'
activesupport (7.0.10) lib/active_support/callbacks.rb:127:in 'block in ActiveSupport::Callbacks#run_callbacks'
activesupport (7.0.10) lib/active_support/callbacks.rb:138:in 'ActiveSupport::Callbacks#run_callbacks'
actionpack (7.0.10) lib/abstract_controller/callbacks.rb:233:in 'AbstractController::Callbacks#process_action'
actionpack (7.0.10) lib/action_controller/metal/rescue.rb:23:in 'ActionController::Rescue#process_action'
actionpack (7.0.10) lib/action_controller/metal/instrumentation.rb:67:in 'block in ActionController::Instrumentation#process_action'
activesupport (7.0.10) lib/active_support/notifications.rb:206:in 'block in ActiveSupport::Notifications.instrument'
activesupport (7.0.10) lib/active_support/notifications/instrumenter.rb:24:in 'ActiveSupport::Notifications::Instrumenter#instrument'
activesupport (7.0.10) lib/active_support/notifications.rb:206:in 'ActiveSupport::Notifications.instrument'
actionpack (7.0.10) lib/action_controller/metal/instrumentation.rb:66:in 'ActionController::Instrumentation#process_action'
actionpack (7.0.10) lib/action_controller/metal/params_wrapper.rb:259:in 'ActionController::ParamsWrapper#process_action'
activerecord (7.0.10) lib/active_record/railties/controller_runtime.rb:27:in 'ActiveRecord::Railties::ControllerRuntime#process_action'
actionpack (7.0.10) lib/abstract_controller/base.rb:151:in 'AbstractController::Base#process'
actionview (7.0.10) lib/action_view/rendering.rb:39:in 'ActionView::Rendering#process'
actionpack (7.0.10) lib/action_controller/metal.rb:188:in 'ActionController::Metal#dispatch'
actionpack (7.0.10) lib/action_controller/metal.rb:251:in 'ActionController::Metal.dispatch'
actionpack (7.0.10) lib/action_dispatch/routing/route_set.rb:49:in 'ActionDispatch::Routing::RouteSet::Dispatcher#dispatch'
actionpack (7.0.10) lib/action_dispatch/routing/route_set.rb:32:in 'ActionDispatch::Routing::RouteSet::Dispatcher#serve'
actionpack (7.0.10) lib/action_dispatch/journey/router.rb:50:in 'block in ActionDispatch::Journey::Router#serve'
actionpack (7.0.10) lib/action_dispatch/journey/router.rb:32:in 'Array#each'
actionpack (7.0.10) lib/action_dispatch/journey/router.rb:32:in 'ActionDispatch::Journey::Router#serve'
actionpack (7.0.10) lib/action_dispatch/routing/route_set.rb:852:in 'ActionDispatch::Routing::RouteSet#call'
warden (1.2.9) lib/warden/manager.rb:36:in 'block in Warden::Manager#call'
warden (1.2.9) lib/warden/manager.rb:34:in 'Kernel#catch'
warden (1.2.9) lib/warden/manager.rb:34:in 'Warden::Manager#call'
rack (2.2.22) lib/rack/tempfile_reaper.rb:15:in 'Rack::TempfileReaper#call'
rack (2.2.22) lib/rack/etag.rb:27:in 'Rack::ETag#call'
rack (2.2.22) lib/rack/conditional_get.rb:27:in 'Rack::ConditionalGet#call'
rack (2.2.22) lib/rack/head.rb:12:in 'Rack::Head#call'
actionpack (7.0.10) lib/action_dispatch/http/permissions_policy.rb:38:in 'ActionDispatch::PermissionsPolicy::Middleware#call'
actionpack (7.0.10) lib/action_dispatch/http/content_security_policy.rb:39:in 'ActionDispatch::ContentSecurityPolicy::Middleware#call'
rack (2.2.22) lib/rack/session/abstract/id.rb:266:in 'Rack::Session::Abstract::Persisted#context'
rack (2.2.22) lib/rack/session/abstract/id.rb:260:in 'Rack::Session::Abstract::Persisted#call'
actionpack (7.0.10) lib/action_dispatch/middleware/cookies.rb:704:in 'ActionDispatch::Cookies#call'
activerecord (7.0.10) lib/active_record/migration.rb:639:in 'ActiveRecord::Migration::CheckPending#call'
actionpack (7.0.10) lib/action_dispatch/middleware/callbacks.rb:27:in 'block in ActionDispatch::Callbacks#call'
activesupport (7.0.10) lib/active_support/callbacks.rb:99:in 'ActiveSupport::Callbacks#run_callbacks'
actionpack (7.0.10) lib/action_dispatch/middleware/callbacks.rb:26:in 'ActionDispatch::Callbacks#call'
actionpack (7.0.10) lib/action_dispatch/middleware/executor.rb:14:in 'ActionDispatch::Executor#call'
actionpack (7.0.10) lib/action_dispatch/middleware/actionable_exceptions.rb:17:in 'ActionDispatch::ActionableExceptions#call'
actionpack (7.0.10) lib/action_dispatch/middleware/debug_exceptions.rb:28:in 'ActionDispatch::DebugExceptions#call'
web-console (4.2.1) lib/web_console/middleware.rb:132:in 'WebConsole::Middleware#call_app'
web-console (4.2.1) lib/web_console/middleware.rb:28:in 'block in WebConsole::Middleware#call'
web-console (4.2.1) lib/web_console/middleware.rb:17:in 'Kernel#catch'
web-console (4.2.1) lib/web_console/middleware.rb:17:in 'WebConsole::Middleware#call'
actionpack (7.0.10) lib/action_dispatch/middleware/show_exceptions.rb:29:in 'ActionDispatch::ShowExceptions#call'
railties (7.0.10) lib/rails/rack/logger.rb:40:in 'Rails::Rack::Logger#call_app'
railties (7.0.10) lib/rails/rack/logger.rb:25:in 'block in Rails::Rack::Logger#call'
activesupport (7.0.10) lib/active_support/tagged_logging.rb:99:in 'block in ActiveSupport::TaggedLogging#tagged'
activesupport (7.0.10) lib/active_support/tagged_logging.rb:37:in 'ActiveSupport::TaggedLogging::Formatter#tagged'
activesupport (7.0.10) lib/active_support/tagged_logging.rb:99:in 'ActiveSupport::TaggedLogging#tagged'
railties (7.0.10) lib/rails/rack/logger.rb:25:in 'Rails::Rack::Logger#call'
actionpack (7.0.10) lib/action_dispatch/middleware/remote_ip.rb:93:in 'ActionDispatch::RemoteIp#call'
actionpack (7.0.10) lib/action_dispatch/middleware/request_id.rb:26:in 'ActionDispatch::RequestId#call'
rack (2.2.22) lib/rack/method_override.rb:24:in 'Rack::MethodOverride#call'
rack (2.2.22) lib/rack/runtime.rb:22:in 'Rack::Runtime#call'
actionpack (7.0.10) lib/action_dispatch/middleware/server_timing.rb:61:in 'block in ActionDispatch::ServerTiming#call'
actionpack (7.0.10) lib/action_dispatch/middleware/server_timing.rb:26:in 'ActionDispatch::ServerTiming::Subscriber#collect_events'
actionpack (7.0.10) lib/action_dispatch/middleware/server_timing.rb:60:in 'ActionDispatch::ServerTiming#call'
actionpack (7.0.10) lib/action_dispatch/middleware/executor.rb:14:in 'ActionDispatch::Executor#call'
propshaft (1.3.1) lib/propshaft/server.rb:37:in 'Propshaft::Server#call'
actionpack (7.0.10) lib/action_dispatch/middleware/static.rb:23:in 'ActionDispatch::Static#call'
rack (2.2.22) lib/rack/sendfile.rb:127:in 'Rack::Sendfile#call'
actionpack (7.0.10) lib/action_dispatch/middleware/host_authorization.rb:138:in 'ActionDispatch::HostAuthorization#call'
railties (7.0.10) lib/rails/engine.rb:531:in 'Rails::Engine#call'
puma (7.2.0) lib/puma/configuration.rb:296:in 'Puma::Configuration::ConfigMiddleware#call'
puma (7.2.0) lib/puma/request.rb:103:in 'block in Puma::Request#handle_request'
puma (7.2.0) lib/puma/thread_pool.rb:355:in 'Puma::ThreadPool#with_force_shutdown'
puma (7.2.0) lib/puma/request.rb:102:in 'Puma::Request#handle_request'
puma (7.2.0) lib/puma/server.rb:503:in 'Puma::Server#process_client'
puma (7.2.0) lib/puma/server.rb:262:in 'block in Puma::Server#run'
puma (7.2.0) lib/puma/thread_pool.rb:182:in 'block in Puma::ThreadPool#spawn_thread'
Started GET "/projects" for 127.0.0.1 at 2026-03-20 17:50:06 +0500
Processing by ProjectsController#index as HTML
  [1m[36mUser Load (0.9ms)[0m  [1m[34mSELECT "users".* FROM "users" WHERE "users"."id" = $1 ORDER BY "users"."id" ASC LIMIT $2 /*application:CodeCritic,controller:projects,action:index*/[0m  [["id", 1], ["LIMIT", 1]]
  ↳ app/controllers/projects_controller.rb:6:in 'ProjectsController#index'
  Rendering layout layouts/application.html.erb
  Rendering projects/index.html.erb within layouts/application
  Rendered shared/_navbar.html.erb (Duration: 0.9ms | Allocations: 313)
  Rendered shared/_flash.html.erb (Duration: 0.1ms | Allocations: 20)
  Rendered projects/index.html.erb within layouts/application (Duration: 3.8ms | Allocations: 562)
  Rendered layout layouts/application.html.erb (Duration: 7.1ms | Allocations: 1229)
Completed 200 OK in 2528ms (Views: 8.9ms | ActiveRecord: 0.9ms | Allocations: 2765)


Started GET "/projects" for 127.0.0.1 at 2026-03-20 17:50:22 +0500
Processing by ProjectsController#index as HTML
  [1m[36mUser Load (0.6ms)[0m  [1m[34mSELECT "users".* FROM "users" WHERE "users"."id" = $1 ORDER BY "users"."id" ASC LIMIT $2 /*application:CodeCritic,controller:projects,action:index*/[0m  [["id", 1], ["LIMIT", 1]]
  ↳ app/controllers/projects_controller.rb:6:in 'ProjectsController#index'
  Rendering layout layouts/application.html.erb
  Rendering projects/index.html.erb within layouts/application
  Rendered shared/_navbar.html.erb (Duration: 1.5ms | Allocations: 313)
  Rendered shared/_flash.html.erb (Duration: 0.1ms | Allocations: 19)
  Rendered projects/index.html.erb within layouts/application (Duration: 5.2ms | Allocations: 561)
  Rendered layout layouts/application.html.erb (Duration: 8.1ms | Allocations: 1228)
Completed 200 OK in 2416ms (Views: 10.2ms | ActiveRecord: 0.6ms | Allocations: 2762)


Started GET "/projects" for 127.0.0.1 at 2026-03-20 17:50:33 +0500
Processing by ProjectsController#index as HTML
  [1m[36mUser Load (0.9ms)[0m  [1m[34mSELECT "users".* FROM "users" WHERE "users"."id" = $1 ORDER BY "users"."id" ASC LIMIT $2 /*application:CodeCritic,controller:projects,action:index*/[0m  [["id", 2], ["LIMIT", 1]]
  ↳ app/controllers/projects_controller.rb:6:in 'ProjectsController#index'
  [1m[36mProject Load (0.9ms)[0m  [1m[34mSELECT "projects".* FROM "projects" WHERE "projects"."user_id" = $1 /*application:CodeCritic,controller:projects,action:index*/[0m  [["user_id", 2]]
  ↳ app/controllers/projects_controller.rb:7:in 'block in ProjectsController#index'
  Rendering layout layouts/application.html.erb
  Rendering projects/index.html.erb within layouts/application
  Rendered shared/_navbar.html.erb (Duration: 1.9ms | Allocations: 313)
  Rendered shared/_flash.html.erb (Duration: 0.3ms | Allocations: 22)
  Rendered projects/index.html.erb within layouts/application (Duration: 5.4ms | Allocations: 564)
  Rendered layout layouts/application.html.erb (Duration: 11.0ms | Allocations: 1232)
Completed 200 OK in 2596ms (Views: 16.4ms | ActiveRecord: 1.7ms | Allocations: 3500)


Started GET "/projects/new" for 127.0.0.1 at 2026-03-20 17:50:47 +0500
Processing by ProjectsController#new as HTML
Completed 406 Not Acceptable in 2322ms (ActiveRecord: 0.0ms | Allocations: 756)


  
ActionController::MissingExactTemplate (ProjectsController#new is missing a template for request formats: text/html):
  
actionpack (7.0.10) lib/action_controller/metal/implicit_render.rb:45:in 'ActionController::ImplicitRender#default_render'
actionpack (7.0.10) lib/action_controller/metal/basic_implicit_render.rb:7:in 'ActionController::BasicImplicitRender#send_action'
actionpack (7.0.10) lib/abstract_controller/base.rb:215:in 'AbstractController::Base#process_action'
actionpack (7.0.10) lib/action_controller/metal/rendering.rb:165:in 'ActionController::Rendering#process_action'
actionpack (7.0.10) lib/abstract_controller/callbacks.rb:234:in 'block in AbstractController::Callbacks#process_action'
activesupport (7.0.10) lib/active_support/callbacks.rb:118:in 'block in ActiveSupport::Callbacks#run_callbacks'
turbo-rails (2.0.12) lib/turbo-rails.rb:24:in 'Turbo.with_request_id'
turbo-rails (2.0.12) app/controllers/concerns/turbo/request_id_tracking.rb:10:in 'Turbo::RequestIdTracking#turbo_tracking_request_id'
activesupport (7.0.10) lib/active_support/callbacks.rb:127:in 'block in ActiveSupport::Callbacks#run_callbacks'
actiontext (7.0.10) lib/action_text/rendering.rb:20:in 'ActionText::Rendering::ClassMethods#with_renderer'
actiontext (7.0.10) lib/action_text/engine.rb:69:in 'block (4 levels) in <class:Engine>'
activesupport (7.0.10) lib/active_support/callbacks.rb:127:in 'BasicObject#instance_exec'
activesupport (7.0.10) lib/active_support/callbacks.rb:127:in 'block in ActiveSupport::Callbacks#run_callbacks'
activesupport (7.0.10) lib/active_support/callbacks.rb:138:in 'ActiveSupport::Callbacks#run_callbacks'
actionpack (7.0.10) lib/abstract_controller/callbacks.rb:233:in 'AbstractController::Callbacks#process_action'
actionpack (7.0.10) lib/action_controller/metal/rescue.rb:23:in 'ActionController::Rescue#process_action'
actionpack (7.0.10) lib/action_controller/metal/instrumentation.rb:67:in 'block in ActionController::Instrumentation#process_action'
activesupport (7.0.10) lib/active_support/notifications.rb:206:in 'block in ActiveSupport::Notifications.instrument'
activesupport (7.0.10) lib/active_support/notifications/instrumenter.rb:24:in 'ActiveSupport::Notifications::Instrumenter#instrument'
activesupport (7.0.10) lib/active_support/notifications.rb:206:in 'ActiveSupport::Notifications.instrument'
actionpack (7.0.10) lib/action_controller/metal/instrumentation.rb:66:in 'ActionController::Instrumentation#process_action'
actionpack (7.0.10) lib/action_controller/metal/params_wrapper.rb:259:in 'ActionController::ParamsWrapper#process_action'
activerecord (7.0.10) lib/active_record/railties/controller_runtime.rb:27:in 'ActiveRecord::Railties::ControllerRuntime#process_action'
actionpack (7.0.10) lib/abstract_controller/base.rb:151:in 'AbstractController::Base#process'
actionview (7.0.10) lib/action_view/rendering.rb:39:in 'ActionView::Rendering#process'
actionpack (7.0.10) lib/action_controller/metal.rb:188:in 'ActionController::Metal#dispatch'
actionpack (7.0.10) lib/action_controller/metal.rb:251:in 'ActionController::Metal.dispatch'
actionpack (7.0.10) lib/action_dispatch/routing/route_set.rb:49:in 'ActionDispatch::Routing::RouteSet::Dispatcher#dispatch'
actionpack (7.0.10) lib/action_dispatch/routing/route_set.rb:32:in 'ActionDispatch::Routing::RouteSet::Dispatcher#serve'
actionpack (7.0.10) lib/action_dispatch/journey/router.rb:50:in 'block in ActionDispatch::Journey::Router#serve'
actionpack (7.0.10) lib/action_dispatch/journey/router.rb:32:in 'Array#each'
actionpack (7.0.10) lib/action_dispatch/journey/router.rb:32:in 'ActionDispatch::Journey::Router#serve'
actionpack (7.0.10) lib/action_dispatch/routing/route_set.rb:852:in 'ActionDispatch::Routing::RouteSet#call'
warden (1.2.9) lib/warden/manager.rb:36:in 'block in Warden::Manager#call'
warden (1.2.9) lib/warden/manager.rb:34:in 'Kernel#catch'
warden (1.2.9) lib/warden/manager.rb:34:in 'Warden::Manager#call'
rack (2.2.22) lib/rack/tempfile_reaper.rb:15:in 'Rack::TempfileReaper#call'
rack (2.2.22) lib/rack/etag.rb:27:in 'Rack::ETag#call'
rack (2.2.22) lib/rack/conditional_get.rb:27:in 'Rack::ConditionalGet#call'
rack (2.2.22) lib/rack/head.rb:12:in 'Rack::Head#call'
actionpack (7.0.10) lib/action_dispatch/http/permissions_policy.rb:38:in 'ActionDispatch::PermissionsPolicy::Middleware#call'
actionpack (7.0.10) lib/action_dispatch/http/content_security_policy.rb:39:in 'ActionDispatch::ContentSecurityPolicy::Middleware#call'
rack (2.2.22) lib/rack/session/abstract/id.rb:266:in 'Rack::Session::Abstract::Persisted#context'
rack (2.2.22) lib/rack/session/abstract/id.rb:260:in 'Rack::Session::Abstract::Persisted#call'
actionpack (7.0.10) lib/action_dispatch/middleware/cookies.rb:704:in 'ActionDispatch::Cookies#call'
activerecord (7.0.10) lib/active_record/migration.rb:639:in 'ActiveRecord::Migration::CheckPending#call'
actionpack (7.0.10) lib/action_dispatch/middleware/callbacks.rb:27:in 'block in ActionDispatch::Callbacks#call'
activesupport (7.0.10) lib/active_support/callbacks.rb:99:in 'ActiveSupport::Callbacks#run_callbacks'
actionpack (7.0.10) lib/action_dispatch/middleware/callbacks.rb:26:in 'ActionDispatch::Callbacks#call'
actionpack (7.0.10) lib/action_dispatch/middleware/executor.rb:14:in 'ActionDispatch::Executor#call'
actionpack (7.0.10) lib/action_dispatch/middleware/actionable_exceptions.rb:17:in 'ActionDispatch::ActionableExceptions#call'
actionpack (7.0.10) lib/action_dispatch/middleware/debug_exceptions.rb:28:in 'ActionDispatch::DebugExceptions#call'
web-console (4.2.1) lib/web_console/middleware.rb:132:in 'WebConsole::Middleware#call_app'
web-console (4.2.1) lib/web_console/middleware.rb:28:in 'block in WebConsole::Middleware#call'
web-console (4.2.1) lib/web_console/middleware.rb:17:in 'Kernel#catch'
web-console (4.2.1) lib/web_console/middleware.rb:17:in 'WebConsole::Middleware#call'
actionpack (7.0.10) lib/action_dispatch/middleware/show_exceptions.rb:29:in 'ActionDispatch::ShowExceptions#call'
railties (7.0.10) lib/rails/rack/logger.rb:40:in 'Rails::Rack::Logger#call_app'
railties (7.0.10) lib/rails/rack/logger.rb:25:in 'block in Rails::Rack::Logger#call'
activesupport (7.0.10) lib/active_support/tagged_logging.rb:99:in 'block in ActiveSupport::TaggedLogging#tagged'
activesupport (7.0.10) lib/active_support/tagged_logging.rb:37:in 'ActiveSupport::TaggedLogging::Formatter#tagged'
activesupport (7.0.10) lib/active_support/tagged_logging.rb:99:in 'ActiveSupport::TaggedLogging#tagged'
railties (7.0.10) lib/rails/rack/logger.rb:25:in 'Rails::Rack::Logger#call'
actionpack (7.0.10) lib/action_dispatch/middleware/remote_ip.rb:93:in 'ActionDispatch::RemoteIp#call'
actionpack (7.0.10) lib/action_dispatch/middleware/request_id.rb:26:in 'ActionDispatch::RequestId#call'
rack (2.2.22) lib/rack/method_override.rb:24:in 'Rack::MethodOverride#call'
rack (2.2.22) lib/rack/runtime.rb:22:in 'Rack::Runtime#call'
actionpack (7.0.10) lib/action_dispatch/middleware/server_timing.rb:61:in 'block in ActionDispatch::ServerTiming#call'
actionpack (7.0.10) lib/action_dispatch/middleware/server_timing.rb:26:in 'ActionDispatch::ServerTiming::Subscriber#collect_events'
actionpack (7.0.10) lib/action_dispatch/middleware/server_timing.rb:60:in 'ActionDispatch::ServerTiming#call'
actionpack (7.0.10) lib/action_dispatch/middleware/executor.rb:14:in 'ActionDispatch::Executor#call'
propshaft (1.3.1) lib/propshaft/server.rb:37:in 'Propshaft::Server#call'
actionpack (7.0.10) lib/action_dispatch/middleware/static.rb:23:in 'ActionDispatch::Static#call'
rack (2.2.22) lib/rack/sendfile.rb:127:in 'Rack::Sendfile#call'
actionpack (7.0.10) lib/action_dispatch/middleware/host_authorization.rb:138:in 'ActionDispatch::HostAuthorization#call'
railties (7.0.10) lib/rails/engine.rb:531:in 'Rails::Engine#call'
puma (7.2.0) lib/puma/configuration.rb:296:in 'Puma::Configuration::ConfigMiddleware#call'
puma (7.2.0) lib/puma/request.rb:103:in 'block in Puma::Request#handle_request'
puma (7.2.0) lib/puma/thread_pool.rb:355:in 'Puma::ThreadPool#with_force_shutdown'
puma (7.2.0) lib/puma/request.rb:102:in 'Puma::Request#handle_request'
puma (7.2.0) lib/puma/server.rb:503:in 'Puma::Server#process_client'
puma (7.2.0) lib/puma/server.rb:262:in 'block in Puma::Server#run'
puma (7.2.0) lib/puma/thread_pool.rb:182:in 'block in Puma::ThreadPool#spawn_thread'
Started GET "/projects" for 127.0.0.1 at 2026-03-20 19:19:01 +0500
  [1m[36mActiveRecord::SchemaMigration Pluck (3.7ms)[0m  [1m[34mSELECT "schema_migrations"."version" FROM "schema_migrations" ORDER BY "schema_migrations"."version" ASC /*application:CodeCritic*/[0m
Processing by ProjectsController#index as HTML
  [1m[36mUser Load (31.4ms)[0m  [1m[34mSELECT "users".* FROM "users" WHERE "users"."id" = $1 ORDER BY "users"."id" ASC LIMIT $2 /*application:CodeCritic,controller:projects,action:index*/[0m  [["id", 2], ["LIMIT", 1]]
  ↳ app/controllers/projects_controller.rb:6:in 'ProjectsController#index'
  [1m[36mProject Load (3.5ms)[0m  [1m[34mSELECT "projects".* FROM "projects" WHERE "projects"."user_id" = $1 /*application:CodeCritic,controller:projects,action:index*/[0m  [["user_id", 2]]
  ↳ app/controllers/projects_controller.rb:7:in 'block in ProjectsController#index'
  Rendering layout layouts/application.html.erb
  Rendering projects/index.html.erb within layouts/application
  Rendered shared/_navbar.html.erb (Duration: 8.7ms | Allocations: 734)
  Rendered shared/_flash.html.erb (Duration: 1.3ms | Allocations: 168)
  Rendered projects/index.html.erb within layouts/application (Duration: 21.1ms | Allocations: 1892)
  Rendered layout layouts/application.html.erb (Duration: 83.5ms | Allocations: 10312)
Completed 200 OK in 1990ms (Views: 110.7ms | ActiveRecord: 115.1ms | Allocations: 28286)


Started GET "/projects/new" for 127.0.0.1 at 2026-03-20 19:19:20 +0500
Processing by ProjectsController#new as HTML
Completed 406 Not Acceptable in 2799ms (ActiveRecord: 4.3ms | Allocations: 2940)


  
ActionController::MissingExactTemplate (ProjectsController#new is missing a template for request formats: text/html):
  
actionpack (7.0.10) lib/action_controller/metal/implicit_render.rb:45:in 'ActionController::ImplicitRender#default_render'
actionpack (7.0.10) lib/action_controller/metal/basic_implicit_render.rb:7:in 'ActionController::BasicImplicitRender#send_action'
actionpack (7.0.10) lib/abstract_controller/base.rb:215:in 'AbstractController::Base#process_action'
actionpack (7.0.10) lib/action_controller/metal/rendering.rb:165:in 'ActionController::Rendering#process_action'
actionpack (7.0.10) lib/abstract_controller/callbacks.rb:234:in 'block in AbstractController::Callbacks#process_action'
activesupport (7.0.10) lib/active_support/callbacks.rb:118:in 'block in ActiveSupport::Callbacks#run_callbacks'
turbo-rails (2.0.12) lib/turbo-rails.rb:24:in 'Turbo.with_request_id'
turbo-rails (2.0.12) app/controllers/concerns/turbo/request_id_tracking.rb:10:in 'Turbo::RequestIdTracking#turbo_tracking_request_id'
activesupport (7.0.10) lib/active_support/callbacks.rb:127:in 'block in ActiveSupport::Callbacks#run_callbacks'
actiontext (7.0.10) lib/action_text/rendering.rb:20:in 'ActionText::Rendering::ClassMethods#with_renderer'
actiontext (7.0.10) lib/action_text/engine.rb:69:in 'block (4 levels) in <class:Engine>'
activesupport (7.0.10) lib/active_support/callbacks.rb:127:in 'BasicObject#instance_exec'
activesupport (7.0.10) lib/active_support/callbacks.rb:127:in 'block in ActiveSupport::Callbacks#run_callbacks'
activesupport (7.0.10) lib/active_support/callbacks.rb:138:in 'ActiveSupport::Callbacks#run_callbacks'
actionpack (7.0.10) lib/abstract_controller/callbacks.rb:233:in 'AbstractController::Callbacks#process_action'
actionpack (7.0.10) lib/action_controller/metal/rescue.rb:23:in 'ActionController::Rescue#process_action'
actionpack (7.0.10) lib/action_controller/metal/instrumentation.rb:67:in 'block in ActionController::Instrumentation#process_action'
activesupport (7.0.10) lib/active_support/notifications.rb:206:in 'block in ActiveSupport::Notifications.instrument'
activesupport (7.0.10) lib/active_support/notifications/instrumenter.rb:24:in 'ActiveSupport::Notifications::Instrumenter#instrument'
activesupport (7.0.10) lib/active_support/notifications.rb:206:in 'ActiveSupport::Notifications.instrument'
actionpack (7.0.10) lib/action_controller/metal/instrumentation.rb:66:in 'ActionController::Instrumentation#process_action'
actionpack (7.0.10) lib/action_controller/metal/params_wrapper.rb:259:in 'ActionController::ParamsWrapper#process_action'
activerecord (7.0.10) lib/active_record/railties/controller_runtime.rb:27:in 'ActiveRecord::Railties::ControllerRuntime#process_action'
actionpack (7.0.10) lib/abstract_controller/base.rb:151:in 'AbstractController::Base#process'
actionview (7.0.10) lib/action_view/rendering.rb:39:in 'ActionView::Rendering#process'
actionpack (7.0.10) lib/action_controller/metal.rb:188:in 'ActionController::Metal#dispatch'
actionpack (7.0.10) lib/action_controller/metal.rb:251:in 'ActionController::Metal.dispatch'
actionpack (7.0.10) lib/action_dispatch/routing/route_set.rb:49:in 'ActionDispatch::Routing::RouteSet::Dispatcher#dispatch'
actionpack (7.0.10) lib/action_dispatch/routing/route_set.rb:32:in 'ActionDispatch::Routing::RouteSet::Dispatcher#serve'
actionpack (7.0.10) lib/action_dispatch/journey/router.rb:50:in 'block in ActionDispatch::Journey::Router#serve'
actionpack (7.0.10) lib/action_dispatch/journey/router.rb:32:in 'Array#each'
actionpack (7.0.10) lib/action_dispatch/journey/router.rb:32:in 'ActionDispatch::Journey::Router#serve'
actionpack (7.0.10) lib/action_dispatch/routing/route_set.rb:852:in 'ActionDispatch::Routing::RouteSet#call'
warden (1.2.9) lib/warden/manager.rb:36:in 'block in Warden::Manager#call'
warden (1.2.9) lib/warden/manager.rb:34:in 'Kernel#catch'
warden (1.2.9) lib/warden/manager.rb:34:in 'Warden::Manager#call'
rack (2.2.22) lib/rack/tempfile_reaper.rb:15:in 'Rack::TempfileReaper#call'
rack (2.2.22) lib/rack/etag.rb:27:in 'Rack::ETag#call'
rack (2.2.22) lib/rack/conditional_get.rb:27:in 'Rack::ConditionalGet#call'
rack (2.2.22) lib/rack/head.rb:12:in 'Rack::Head#call'
actionpack (7.0.10) lib/action_dispatch/http/permissions_policy.rb:38:in 'ActionDispatch::PermissionsPolicy::Middleware#call'
actionpack (7.0.10) lib/action_dispatch/http/content_security_policy.rb:39:in 'ActionDispatch::ContentSecurityPolicy::Middleware#call'
rack (2.2.22) lib/rack/session/abstract/id.rb:266:in 'Rack::Session::Abstract::Persisted#context'
rack (2.2.22) lib/rack/session/abstract/id.rb:260:in 'Rack::Session::Abstract::Persisted#call'
actionpack (7.0.10) lib/action_dispatch/middleware/cookies.rb:704:in 'ActionDispatch::Cookies#call'
activerecord (7.0.10) lib/active_record/migration.rb:639:in 'ActiveRecord::Migration::CheckPending#call'
actionpack (7.0.10) lib/action_dispatch/middleware/callbacks.rb:27:in 'block in ActionDispatch::Callbacks#call'
activesupport (7.0.10) lib/active_support/callbacks.rb:99:in 'ActiveSupport::Callbacks#run_callbacks'
actionpack (7.0.10) lib/action_dispatch/middleware/callbacks.rb:26:in 'ActionDispatch::Callbacks#call'
actionpack (7.0.10) lib/action_dispatch/middleware/executor.rb:14:in 'ActionDispatch::Executor#call'
actionpack (7.0.10) lib/action_dispatch/middleware/actionable_exceptions.rb:17:in 'ActionDispatch::ActionableExceptions#call'
actionpack (7.0.10) lib/action_dispatch/middleware/debug_exceptions.rb:28:in 'ActionDispatch::DebugExceptions#call'
web-console (4.2.1) lib/web_console/middleware.rb:132:in 'WebConsole::Middleware#call_app'
web-console (4.2.1) lib/web_console/middleware.rb:28:in 'block in WebConsole::Middleware#call'
web-console (4.2.1) lib/web_console/middleware.rb:17:in 'Kernel#catch'
web-console (4.2.1) lib/web_console/middleware.rb:17:in 'WebConsole::Middleware#call'
actionpack (7.0.10) lib/action_dispatch/middleware/show_exceptions.rb:29:in 'ActionDispatch::ShowExceptions#call'
railties (7.0.10) lib/rails/rack/logger.rb:40:in 'Rails::Rack::Logger#call_app'
railties (7.0.10) lib/rails/rack/logger.rb:25:in 'block in Rails::Rack::Logger#call'
activesupport (7.0.10) lib/active_support/tagged_logging.rb:99:in 'block in ActiveSupport::TaggedLogging#tagged'
activesupport (7.0.10) lib/active_support/tagged_logging.rb:37:in 'ActiveSupport::TaggedLogging::Formatter#tagged'
activesupport (7.0.10) lib/active_support/tagged_logging.rb:99:in 'ActiveSupport::TaggedLogging#tagged'
railties (7.0.10) lib/rails/rack/logger.rb:25:in 'Rails::Rack::Logger#call'
actionpack (7.0.10) lib/action_dispatch/middleware/remote_ip.rb:93:in 'ActionDispatch::RemoteIp#call'
actionpack (7.0.10) lib/action_dispatch/middleware/request_id.rb:26:in 'ActionDispatch::RequestId#call'
rack (2.2.22) lib/rack/method_override.rb:24:in 'Rack::MethodOverride#call'
rack (2.2.22) lib/rack/runtime.rb:22:in 'Rack::Runtime#call'
actionpack (7.0.10) lib/action_dispatch/middleware/server_timing.rb:61:in 'block in ActionDispatch::ServerTiming#call'
actionpack (7.0.10) lib/action_dispatch/middleware/server_timing.rb:26:in 'ActionDispatch::ServerTiming::Subscriber#collect_events'
actionpack (7.0.10) lib/action_dispatch/middleware/server_timing.rb:60:in 'ActionDispatch::ServerTiming#call'
actionpack (7.0.10) lib/action_dispatch/middleware/executor.rb:14:in 'ActionDispatch::Executor#call'
propshaft (1.3.1) lib/propshaft/server.rb:37:in 'Propshaft::Server#call'
actionpack (7.0.10) lib/action_dispatch/middleware/static.rb:23:in 'ActionDispatch::Static#call'
rack (2.2.22) lib/rack/sendfile.rb:127:in 'Rack::Sendfile#call'
actionpack (7.0.10) lib/action_dispatch/middleware/host_authorization.rb:138:in 'ActionDispatch::HostAuthorization#call'
railties (7.0.10) lib/rails/engine.rb:531:in 'Rails::Engine#call'
puma (7.2.0) lib/puma/configuration.rb:296:in 'Puma::Configuration::ConfigMiddleware#call'
puma (7.2.0) lib/puma/request.rb:103:in 'block in Puma::Request#handle_request'
puma (7.2.0) lib/puma/thread_pool.rb:355:in 'Puma::ThreadPool#with_force_shutdown'
puma (7.2.0) lib/puma/request.rb:102:in 'Puma::Request#handle_request'
puma (7.2.0) lib/puma/server.rb:503:in 'Puma::Server#process_client'
puma (7.2.0) lib/puma/server.rb:262:in 'block in Puma::Server#run'
puma (7.2.0) lib/puma/thread_pool.rb:182:in 'block in Puma::ThreadPool#spawn_thread'
Started GET "/projects/new" for 127.0.0.1 at 2026-03-20 19:19:24 +0500
Processing by ProjectsController#new as HTML
Completed 406 Not Acceptable in 1788ms (ActiveRecord: 0.0ms | Allocations: 763)


  
ActionController::MissingExactTemplate (ProjectsController#new is missing a template for request formats: text/html):
  
actionpack (7.0.10) lib/action_controller/metal/implicit_render.rb:45:in 'ActionController::ImplicitRender#default_render'
actionpack (7.0.10) lib/action_controller/metal/basic_implicit_render.rb:7:in 'ActionController::BasicImplicitRender#send_action'
actionpack (7.0.10) lib/abstract_controller/base.rb:215:in 'AbstractController::Base#process_action'
actionpack (7.0.10) lib/action_controller/metal/rendering.rb:165:in 'ActionController::Rendering#process_action'
actionpack (7.0.10) lib/abstract_controller/callbacks.rb:234:in 'block in AbstractController::Callbacks#process_action'
activesupport (7.0.10) lib/active_support/callbacks.rb:118:in 'block in ActiveSupport::Callbacks#run_callbacks'
turbo-rails (2.0.12) lib/turbo-rails.rb:24:in 'Turbo.with_request_id'
turbo-rails (2.0.12) app/controllers/concerns/turbo/request_id_tracking.rb:10:in 'Turbo::RequestIdTracking#turbo_tracking_request_id'
activesupport (7.0.10) lib/active_support/callbacks.rb:127:in 'block in ActiveSupport::Callbacks#run_callbacks'
actiontext (7.0.10) lib/action_text/rendering.rb:20:in 'ActionText::Rendering::ClassMethods#with_renderer'
actiontext (7.0.10) lib/action_text/engine.rb:69:in 'block (4 levels) in <class:Engine>'
activesupport (7.0.10) lib/active_support/callbacks.rb:127:in 'BasicObject#instance_exec'
activesupport (7.0.10) lib/active_support/callbacks.rb:127:in 'block in ActiveSupport::Callbacks#run_callbacks'
activesupport (7.0.10) lib/active_support/callbacks.rb:138:in 'ActiveSupport::Callbacks#run_callbacks'
actionpack (7.0.10) lib/abstract_controller/callbacks.rb:233:in 'AbstractController::Callbacks#process_action'
actionpack (7.0.10) lib/action_controller/metal/rescue.rb:23:in 'ActionController::Rescue#process_action'
actionpack (7.0.10) lib/action_controller/metal/instrumentation.rb:67:in 'block in ActionController::Instrumentation#process_action'
activesupport (7.0.10) lib/active_support/notifications.rb:206:in 'block in ActiveSupport::Notifications.instrument'
activesupport (7.0.10) lib/active_support/notifications/instrumenter.rb:24:in 'ActiveSupport::Notifications::Instrumenter#instrument'
activesupport (7.0.10) lib/active_support/notifications.rb:206:in 'ActiveSupport::Notifications.instrument'
actionpack (7.0.10) lib/action_controller/metal/instrumentation.rb:66:in 'ActionController::Instrumentation#process_action'
actionpack (7.0.10) lib/action_controller/metal/params_wrapper.rb:259:in 'ActionController::ParamsWrapper#process_action'
activerecord (7.0.10) lib/active_record/railties/controller_runtime.rb:27:in 'ActiveRecord::Railties::ControllerRuntime#process_action'
actionpack (7.0.10) lib/abstract_controller/base.rb:151:in 'AbstractController::Base#process'
actionview (7.0.10) lib/action_view/rendering.rb:39:in 'ActionView::Rendering#process'
actionpack (7.0.10) lib/action_controller/metal.rb:188:in 'ActionController::Metal#dispatch'
actionpack (7.0.10) lib/action_controller/metal.rb:251:in 'ActionController::Metal.dispatch'
actionpack (7.0.10) lib/action_dispatch/routing/route_set.rb:49:in 'ActionDispatch::Routing::RouteSet::Dispatcher#dispatch'
actionpack (7.0.10) lib/action_dispatch/routing/route_set.rb:32:in 'ActionDispatch::Routing::RouteSet::Dispatcher#serve'
actionpack (7.0.10) lib/action_dispatch/journey/router.rb:50:in 'block in ActionDispatch::Journey::Router#serve'
actionpack (7.0.10) lib/action_dispatch/journey/router.rb:32:in 'Array#each'
actionpack (7.0.10) lib/action_dispatch/journey/router.rb:32:in 'ActionDispatch::Journey::Router#serve'
actionpack (7.0.10) lib/action_dispatch/routing/route_set.rb:852:in 'ActionDispatch::Routing::RouteSet#call'
warden (1.2.9) lib/warden/manager.rb:36:in 'block in Warden::Manager#call'
warden (1.2.9) lib/warden/manager.rb:34:in 'Kernel#catch'
warden (1.2.9) lib/warden/manager.rb:34:in 'Warden::Manager#call'
rack (2.2.22) lib/rack/tempfile_reaper.rb:15:in 'Rack::TempfileReaper#call'
rack (2.2.22) lib/rack/etag.rb:27:in 'Rack::ETag#call'
rack (2.2.22) lib/rack/conditional_get.rb:27:in 'Rack::ConditionalGet#call'
rack (2.2.22) lib/rack/head.rb:12:in 'Rack::Head#call'
actionpack (7.0.10) lib/action_dispatch/http/permissions_policy.rb:38:in 'ActionDispatch::PermissionsPolicy::Middleware#call'
actionpack (7.0.10) lib/action_dispatch/http/content_security_policy.rb:39:in 'ActionDispatch::ContentSecurityPolicy::Middleware#call'
rack (2.2.22) lib/rack/session/abstract/id.rb:266:in 'Rack::Session::Abstract::Persisted#context'
rack (2.2.22) lib/rack/session/abstract/id.rb:260:in 'Rack::Session::Abstract::Persisted#call'
actionpack (7.0.10) lib/action_dispatch/middleware/cookies.rb:704:in 'ActionDispatch::Cookies#call'
activerecord (7.0.10) lib/active_record/migration.rb:639:in 'ActiveRecord::Migration::CheckPending#call'
actionpack (7.0.10) lib/action_dispatch/middleware/callbacks.rb:27:in 'block in ActionDispatch::Callbacks#call'
activesupport (7.0.10) lib/active_support/callbacks.rb:99:in 'ActiveSupport::Callbacks#run_callbacks'
actionpack (7.0.10) lib/action_dispatch/middleware/callbacks.rb:26:in 'ActionDispatch::Callbacks#call'
actionpack (7.0.10) lib/action_dispatch/middleware/executor.rb:14:in 'ActionDispatch::Executor#call'
actionpack (7.0.10) lib/action_dispatch/middleware/actionable_exceptions.rb:17:in 'ActionDispatch::ActionableExceptions#call'
actionpack (7.0.10) lib/action_dispatch/middleware/debug_exceptions.rb:28:in 'ActionDispatch::DebugExceptions#call'
web-console (4.2.1) lib/web_console/middleware.rb:132:in 'WebConsole::Middleware#call_app'
web-console (4.2.1) lib/web_console/middleware.rb:28:in 'block in WebConsole::Middleware#call'
web-console (4.2.1) lib/web_console/middleware.rb:17:in 'Kernel#catch'
web-console (4.2.1) lib/web_console/middleware.rb:17:in 'WebConsole::Middleware#call'
actionpack (7.0.10) lib/action_dispatch/middleware/show_exceptions.rb:29:in 'ActionDispatch::ShowExceptions#call'
railties (7.0.10) lib/rails/rack/logger.rb:40:in 'Rails::Rack::Logger#call_app'
railties (7.0.10) lib/rails/rack/logger.rb:25:in 'block in Rails::Rack::Logger#call'
activesupport (7.0.10) lib/active_support/tagged_logging.rb:99:in 'block in ActiveSupport::TaggedLogging#tagged'
activesupport (7.0.10) lib/active_support/tagged_logging.rb:37:in 'ActiveSupport::TaggedLogging::Formatter#tagged'
activesupport (7.0.10) lib/active_support/tagged_logging.rb:99:in 'ActiveSupport::TaggedLogging#tagged'
railties (7.0.10) lib/rails/rack/logger.rb:25:in 'Rails::Rack::Logger#call'
actionpack (7.0.10) lib/action_dispatch/middleware/remote_ip.rb:93:in 'ActionDispatch::RemoteIp#call'
actionpack (7.0.10) lib/action_dispatch/middleware/request_id.rb:26:in 'ActionDispatch::RequestId#call'
rack (2.2.22) lib/rack/method_override.rb:24:in 'Rack::MethodOverride#call'
rack (2.2.22) lib/rack/runtime.rb:22:in 'Rack::Runtime#call'
actionpack (7.0.10) lib/action_dispatch/middleware/server_timing.rb:61:in 'block in ActionDispatch::ServerTiming#call'
actionpack (7.0.10) lib/action_dispatch/middleware/server_timing.rb:26:in 'ActionDispatch::ServerTiming::Subscriber#collect_events'
actionpack (7.0.10) lib/action_dispatch/middleware/server_timing.rb:60:in 'ActionDispatch::ServerTiming#call'
actionpack (7.0.10) lib/action_dispatch/middleware/executor.rb:14:in 'ActionDispatch::Executor#call'
propshaft (1.3.1) lib/propshaft/server.rb:37:in 'Propshaft::Server#call'
actionpack (7.0.10) lib/action_dispatch/middleware/static.rb:23:in 'ActionDispatch::Static#call'
rack (2.2.22) lib/rack/sendfile.rb:127:in 'Rack::Sendfile#call'
actionpack (7.0.10) lib/action_dispatch/middleware/host_authorization.rb:138:in 'ActionDispatch::HostAuthorization#call'
railties (7.0.10) lib/rails/engine.rb:531:in 'Rails::Engine#call'
puma (7.2.0) lib/puma/configuration.rb:296:in 'Puma::Configuration::ConfigMiddleware#call'
puma (7.2.0) lib/puma/request.rb:103:in 'block in Puma::Request#handle_request'
puma (7.2.0) lib/puma/thread_pool.rb:355:in 'Puma::ThreadPool#with_force_shutdown'
puma (7.2.0) lib/puma/request.rb:102:in 'Puma::Request#handle_request'
puma (7.2.0) lib/puma/server.rb:503:in 'Puma::Server#process_client'
puma (7.2.0) lib/puma/server.rb:262:in 'block in Puma::Server#run'
puma (7.2.0) lib/puma/thread_pool.rb:182:in 'block in Puma::ThreadPool#spawn_thread'
Started GET "/favicon.ico" for 127.0.0.1 at 2026-03-20 19:19:29 +0500
  
ActionController::RoutingError (No route matches [GET] "/favicon.ico"):
  
Started GET "/" for 127.0.0.1 at 2026-03-20 19:27:12 +0500
  [1m[36mActiveRecord::SchemaMigration Pluck (1.7ms)[0m  [1m[34mSELECT "schema_migrations"."version" FROM "schema_migrations" ORDER BY "schema_migrations"."version" ASC /*application:CodeCritic*/[0m
Processing by Rails::WelcomeController#index as HTML
  Rendering C:/Ruby34-x64/lib/ruby/gems/3.4.0/gems/railties-7.0.10/lib/rails/templates/rails/welcome/index.html.erb
  Rendered C:/Ruby34-x64/lib/ruby/gems/3.4.0/gems/railties-7.0.10/lib/rails/templates/rails/welcome/index.html.erb (Duration: 6.4ms | Allocations: 384)
Completed 200 OK in 2181ms (Views: 22.8ms | ActiveRecord: 0.0ms | Allocations: 4829)


Started GET "/projects" for 127.0.0.1 at 2026-03-20 19:27:25 +0500
Processing by ProjectsController#index as HTML
  [1m[36mUser Load (4.1ms)[0m  [1m[34mSELECT "users".* FROM "users" WHERE "users"."id" = $1 ORDER BY "users"."id" ASC LIMIT $2 /*application:CodeCritic,controller:projects,action:index*/[0m  [["id", 1], ["LIMIT", 1]]
  ↳ app/controllers/projects_controller.rb:6:in 'ProjectsController#index'
  [1m[36mProject Load (1.0ms)[0m  [1m[34mSELECT "projects".* FROM "projects" WHERE "projects"."user_id" = $1 /*application:CodeCritic,controller:projects,action:index*/[0m  [["user_id", 1]]
  ↳ app/controllers/projects_controller.rb:7:in 'block in ProjectsController#index'
  Rendering layout layouts/application.html.erb
  Rendering projects/index.html.erb within layouts/application
  Rendered shared/_navbar.html.erb (Duration: 13.5ms | Allocations: 720)
  Rendered shared/_flash.html.erb (Duration: 5.1ms | Allocations: 163)
  Rendered projects/index.html.erb within layouts/application (Duration: 32.4ms | Allocations: 1634)
  Rendered layout layouts/application.html.erb (Duration: 106.4ms | Allocations: 10030)
Completed 200 OK in 2530ms (Views: 125.2ms | ActiveRecord: 27.6ms | Allocations: 24511)


Started GET "/projects/new" for 127.0.0.1 at 2026-03-20 19:27:45 +0500
Processing by ProjectsController#new as HTML
Completed 406 Not Acceptable in 2267ms (ActiveRecord: 1.8ms | Allocations: 2768)


  
ActionController::MissingExactTemplate (ProjectsController#new is missing a template for request formats: text/html):
  
actionpack (7.0.10) lib/action_controller/metal/implicit_render.rb:45:in 'ActionController::ImplicitRender#default_render'
actionpack (7.0.10) lib/action_controller/metal/basic_implicit_render.rb:7:in 'ActionController::BasicImplicitRender#send_action'
actionpack (7.0.10) lib/abstract_controller/base.rb:215:in 'AbstractController::Base#process_action'
actionpack (7.0.10) lib/action_controller/metal/rendering.rb:165:in 'ActionController::Rendering#process_action'
actionpack (7.0.10) lib/abstract_controller/callbacks.rb:234:in 'block in AbstractController::Callbacks#process_action'
activesupport (7.0.10) lib/active_support/callbacks.rb:118:in 'block in ActiveSupport::Callbacks#run_callbacks'
turbo-rails (2.0.12) lib/turbo-rails.rb:24:in 'Turbo.with_request_id'
turbo-rails (2.0.12) app/controllers/concerns/turbo/request_id_tracking.rb:10:in 'Turbo::RequestIdTracking#turbo_tracking_request_id'
activesupport (7.0.10) lib/active_support/callbacks.rb:127:in 'block in ActiveSupport::Callbacks#run_callbacks'
actiontext (7.0.10) lib/action_text/rendering.rb:20:in 'ActionText::Rendering::ClassMethods#with_renderer'
actiontext (7.0.10) lib/action_text/engine.rb:69:in 'block (4 levels) in <class:Engine>'
activesupport (7.0.10) lib/active_support/callbacks.rb:127:in 'BasicObject#instance_exec'
activesupport (7.0.10) lib/active_support/callbacks.rb:127:in 'block in ActiveSupport::Callbacks#run_callbacks'
activesupport (7.0.10) lib/active_support/callbacks.rb:138:in 'ActiveSupport::Callbacks#run_callbacks'
actionpack (7.0.10) lib/abstract_controller/callbacks.rb:233:in 'AbstractController::Callbacks#process_action'
actionpack (7.0.10) lib/action_controller/metal/rescue.rb:23:in 'ActionController::Rescue#process_action'
actionpack (7.0.10) lib/action_controller/metal/instrumentation.rb:67:in 'block in ActionController::Instrumentation#process_action'
activesupport (7.0.10) lib/active_support/notifications.rb:206:in 'block in ActiveSupport::Notifications.instrument'
activesupport (7.0.10) lib/active_support/notifications/instrumenter.rb:24:in 'ActiveSupport::Notifications::Instrumenter#instrument'
activesupport (7.0.10) lib/active_support/notifications.rb:206:in 'ActiveSupport::Notifications.instrument'
actionpack (7.0.10) lib/action_controller/metal/instrumentation.rb:66:in 'ActionController::Instrumentation#process_action'
actionpack (7.0.10) lib/action_controller/metal/params_wrapper.rb:259:in 'ActionController::ParamsWrapper#process_action'
activerecord (7.0.10) lib/active_record/railties/controller_runtime.rb:27:in 'ActiveRecord::Railties::ControllerRuntime#process_action'
actionpack (7.0.10) lib/abstract_controller/base.rb:151:in 'AbstractController::Base#process'
actionview (7.0.10) lib/action_view/rendering.rb:39:in 'ActionView::Rendering#process'
actionpack (7.0.10) lib/action_controller/metal.rb:188:in 'ActionController::Metal#dispatch'
actionpack (7.0.10) lib/action_controller/metal.rb:251:in 'ActionController::Metal.dispatch'
actionpack (7.0.10) lib/action_dispatch/routing/route_set.rb:49:in 'ActionDispatch::Routing::RouteSet::Dispatcher#dispatch'
actionpack (7.0.10) lib/action_dispatch/routing/route_set.rb:32:in 'ActionDispatch::Routing::RouteSet::Dispatcher#serve'
actionpack (7.0.10) lib/action_dispatch/journey/router.rb:50:in 'block in ActionDispatch::Journey::Router#serve'
actionpack (7.0.10) lib/action_dispatch/journey/router.rb:32:in 'Array#each'
actionpack (7.0.10) lib/action_dispatch/journey/router.rb:32:in 'ActionDispatch::Journey::Router#serve'
actionpack (7.0.10) lib/action_dispatch/routing/route_set.rb:852:in 'ActionDispatch::Routing::RouteSet#call'
warden (1.2.9) lib/warden/manager.rb:36:in 'block in Warden::Manager#call'
warden (1.2.9) lib/warden/manager.rb:34:in 'Kernel#catch'
warden (1.2.9) lib/warden/manager.rb:34:in 'Warden::Manager#call'
rack (2.2.22) lib/rack/tempfile_reaper.rb:15:in 'Rack::TempfileReaper#call'
rack (2.2.22) lib/rack/etag.rb:27:in 'Rack::ETag#call'
rack (2.2.22) lib/rack/conditional_get.rb:27:in 'Rack::ConditionalGet#call'
rack (2.2.22) lib/rack/head.rb:12:in 'Rack::Head#call'
actionpack (7.0.10) lib/action_dispatch/http/permissions_policy.rb:38:in 'ActionDispatch::PermissionsPolicy::Middleware#call'
actionpack (7.0.10) lib/action_dispatch/http/content_security_policy.rb:39:in 'ActionDispatch::ContentSecurityPolicy::Middleware#call'
rack (2.2.22) lib/rack/session/abstract/id.rb:266:in 'Rack::Session::Abstract::Persisted#context'
rack (2.2.22) lib/rack/session/abstract/id.rb:260:in 'Rack::Session::Abstract::Persisted#call'
actionpack (7.0.10) lib/action_dispatch/middleware/cookies.rb:704:in 'ActionDispatch::Cookies#call'
activerecord (7.0.10) lib/active_record/migration.rb:639:in 'ActiveRecord::Migration::CheckPending#call'
actionpack (7.0.10) lib/action_dispatch/middleware/callbacks.rb:27:in 'block in ActionDispatch::Callbacks#call'
activesupport (7.0.10) lib/active_support/callbacks.rb:99:in 'ActiveSupport::Callbacks#run_callbacks'
actionpack (7.0.10) lib/action_dispatch/middleware/callbacks.rb:26:in 'ActionDispatch::Callbacks#call'
actionpack (7.0.10) lib/action_dispatch/middleware/executor.rb:14:in 'ActionDispatch::Executor#call'
actionpack (7.0.10) lib/action_dispatch/middleware/actionable_exceptions.rb:17:in 'ActionDispatch::ActionableExceptions#call'
actionpack (7.0.10) lib/action_dispatch/middleware/debug_exceptions.rb:28:in 'ActionDispatch::DebugExceptions#call'
web-console (4.2.1) lib/web_console/middleware.rb:132:in 'WebConsole::Middleware#call_app'
web-console (4.2.1) lib/web_console/middleware.rb:28:in 'block in WebConsole::Middleware#call'
web-console (4.2.1) lib/web_console/middleware.rb:17:in 'Kernel#catch'
web-console (4.2.1) lib/web_console/middleware.rb:17:in 'WebConsole::Middleware#call'
actionpack (7.0.10) lib/action_dispatch/middleware/show_exceptions.rb:29:in 'ActionDispatch::ShowExceptions#call'
railties (7.0.10) lib/rails/rack/logger.rb:40:in 'Rails::Rack::Logger#call_app'
railties (7.0.10) lib/rails/rack/logger.rb:25:in 'block in Rails::Rack::Logger#call'
activesupport (7.0.10) lib/active_support/tagged_logging.rb:99:in 'block in ActiveSupport::TaggedLogging#tagged'
activesupport (7.0.10) lib/active_support/tagged_logging.rb:37:in 'ActiveSupport::TaggedLogging::Formatter#tagged'
activesupport (7.0.10) lib/active_support/tagged_logging.rb:99:in 'ActiveSupport::TaggedLogging#tagged'
railties (7.0.10) lib/rails/rack/logger.rb:25:in 'Rails::Rack::Logger#call'
actionpack (7.0.10) lib/action_dispatch/middleware/remote_ip.rb:93:in 'ActionDispatch::RemoteIp#call'
actionpack (7.0.10) lib/action_dispatch/middleware/request_id.rb:26:in 'ActionDispatch::RequestId#call'
rack (2.2.22) lib/rack/method_override.rb:24:in 'Rack::MethodOverride#call'
rack (2.2.22) lib/rack/runtime.rb:22:in 'Rack::Runtime#call'
actionpack (7.0.10) lib/action_dispatch/middleware/server_timing.rb:61:in 'block in ActionDispatch::ServerTiming#call'
actionpack (7.0.10) lib/action_dispatch/middleware/server_timing.rb:26:in 'ActionDispatch::ServerTiming::Subscriber#collect_events'
actionpack (7.0.10) lib/action_dispatch/middleware/server_timing.rb:60:in 'ActionDispatch::ServerTiming#call'
actionpack (7.0.10) lib/action_dispatch/middleware/executor.rb:14:in 'ActionDispatch::Executor#call'
propshaft (1.3.1) lib/propshaft/server.rb:37:in 'Propshaft::Server#call'
actionpack (7.0.10) lib/action_dispatch/middleware/static.rb:23:in 'ActionDispatch::Static#call'
rack (2.2.22) lib/rack/sendfile.rb:127:in 'Rack::Sendfile#call'
actionpack (7.0.10) lib/action_dispatch/middleware/host_authorization.rb:138:in 'ActionDispatch::HostAuthorization#call'
railties (7.0.10) lib/rails/engine.rb:531:in 'Rails::Engine#call'
puma (7.2.0) lib/puma/configuration.rb:296:in 'Puma::Configuration::ConfigMiddleware#call'
puma (7.2.0) lib/puma/request.rb:103:in 'block in Puma::Request#handle_request'
puma (7.2.0) lib/puma/thread_pool.rb:355:in 'Puma::ThreadPool#with_force_shutdown'
puma (7.2.0) lib/puma/request.rb:102:in 'Puma::Request#handle_request'
puma (7.2.0) lib/puma/server.rb:503:in 'Puma::Server#process_client'
puma (7.2.0) lib/puma/server.rb:262:in 'block in Puma::Server#run'
puma (7.2.0) lib/puma/thread_pool.rb:182:in 'block in Puma::ThreadPool#spawn_thread'
Started GET "/favicon.ico" for 127.0.0.1 at 2026-03-20 19:27:51 +0500
  
ActionController::RoutingError (No route matches [GET] "/favicon.ico"):
  
Started GET "/" for 127.0.0.1 at 2026-03-20 19:48:11 +0500
  [1m[36mActiveRecord::SchemaMigration Pluck (1.9ms)[0m  [1m[34mSELECT "schema_migrations"."version" FROM "schema_migrations" ORDER BY "schema_migrations"."version" ASC /*application:CodeCritic*/[0m
Processing by Rails::WelcomeController#index as HTML
  Rendering C:/Ruby34-x64/lib/ruby/gems/3.4.0/gems/railties-7.0.10/lib/rails/templates/rails/welcome/index.html.erb
  Rendered C:/Ruby34-x64/lib/ruby/gems/3.4.0/gems/railties-7.0.10/lib/rails/templates/rails/welcome/index.html.erb (Duration: 2.9ms | Allocations: 384)
Completed 200 OK in 1081ms (Views: 12.0ms | ActiveRecord: 0.0ms | Allocations: 4824)


Started GET "/projects" for 127.0.0.1 at 2026-03-20 19:48:22 +0500
Processing by ProjectsController#index as HTML
  [1m[36mUser Load (1.2ms)[0m  [1m[34mSELECT "users".* FROM "users" WHERE "users"."id" = $1 ORDER BY "users"."id" ASC LIMIT $2 /*application:CodeCritic,controller:projects,action:index*/[0m  [["id", 1], ["LIMIT", 1]]
  ↳ app/controllers/projects_controller.rb:6:in 'ProjectsController#index'
  [1m[36mProject Load (0.9ms)[0m  [1m[34mSELECT "projects".* FROM "projects" WHERE "projects"."user_id" = $1 /*application:CodeCritic,controller:projects,action:index*/[0m  [["user_id", 1]]
  ↳ app/controllers/projects_controller.rb:7:in 'block in ProjectsController#index'
  Rendering layout layouts/application.html.erb
  Rendering projects/index.html.erb within layouts/application
  Rendered shared/_navbar.html.erb (Duration: 7.3ms | Allocations: 721)
  Rendered shared/_flash.html.erb (Duration: 1.9ms | Allocations: 163)
  Rendered projects/index.html.erb within layouts/application (Duration: 19.8ms | Allocations: 1636)
  Rendered layout layouts/application.html.erb (Duration: 84.5ms | Allocations: 10037)
Completed 200 OK in 2693ms (Views: 102.6ms | ActiveRecord: 11.5ms | Allocations: 24543)


Started GET "/projects/new" for 127.0.0.1 at 2026-03-20 19:48:30 +0500
Processing by ProjectsController#new as HTML
  Rendering layout layouts/application.html.erb
  Rendering projects/new.html.erb within layouts/application
  [1m[36mUser Load (0.6ms)[0m  [1m[34mSELECT "users".* FROM "users" WHERE "users"."id" = $1 ORDER BY "users"."id" ASC LIMIT $2 /*application:CodeCritic,controller:projects,action:new*/[0m  [["id", 1], ["LIMIT", 1]]
  ↳ app/views/shared/_navbar.html.erb:24:in '_app_views_shared__navbar_html_erb___690006980_12400'
  Rendered shared/_navbar.html.erb (Duration: 7.6ms | Allocations: 1581)
  Rendered shared/_flash.html.erb (Duration: 0.1ms | Allocations: 19)
  Rendered projects/new.html.erb within layouts/application (Duration: 508.9ms | Allocations: 13986)
  Rendered layout layouts/application.html.erb (Duration: 512.6ms | Allocations: 14654)
Completed 200 OK in 2696ms (Views: 514.0ms | ActiveRecord: 3.6ms | Allocations: 16801)


Started POST "/projects" for 127.0.0.1 at 2026-03-20 19:49:25 +0500
Processing by ProjectsController#create as TURBO_STREAM
  Parameters: {"authenticity_token" => "[FILTERED]", "project" => {"name" => "Jira_Clone", "description" => "Jira clone has a work flow to ensure it's admin or user"}, "commit" => "Create Project"}
  [1m[36mUser Load (0.9ms)[0m  [1m[34mSELECT "users".* FROM "users" WHERE "users"."id" = $1 ORDER BY "users"."id" ASC LIMIT $2 /*application:CodeCritic,controller:projects,action:create*/[0m  [["id", 1], ["LIMIT", 1]]
  ↳ app/controllers/projects_controller.rb:19:in 'ProjectsController#create'
  [1m[36mTRANSACTION (0.9ms)[0m  [1m[35mBEGIN /*application:CodeCritic,controller:projects,action:create*/[0m
  ↳ app/controllers/projects_controller.rb:21:in 'ProjectsController#create'
  [1m[36mProject Create (32.5ms)[0m  [1m[32mINSERT INTO "projects" ("name", "description", "user_id", "created_at", "updated_at") VALUES ($1, $2, $3, $4, $5) RETURNING "id" /*application:CodeCritic,controller:projects,action:create*/[0m  [["name", "Jira_Clone"], ["description", "Jira clone has a work flow to ensure it's admin or user"], ["user_id", 1], ["created_at", "2026-03-20 14:49:27.749165"], ["updated_at", "2026-03-20 14:49:27.749165"]]
  ↳ app/controllers/projects_controller.rb:21:in 'ProjectsController#create'
  [1m[36mTRANSACTION (3.7ms)[0m  [1m[35mCOMMIT /*application:CodeCritic,controller:projects,action:create*/[0m
  ↳ app/controllers/projects_controller.rb:21:in 'ProjectsController#create'
Redirected to http://127.0.0.1:3000/projects/1
Completed 302 Found in 2114ms (ActiveRecord: 38.0ms | Allocations: 6846)


Started GET "/projects/1" for 127.0.0.1 at 2026-03-20 19:49:30 +0500
Processing by ProjectsController#show as TURBO_STREAM
  Parameters: {"id" => "1"}
  [1m[36mUser Load (0.4ms)[0m  [1m[34mSELECT "users".* FROM "users" WHERE "users"."id" = $1 ORDER BY "users"."id" ASC LIMIT $2 /*application:CodeCritic,controller:projects,action:show*/[0m  [["id", 1], ["LIMIT", 1]]
  ↳ app/controllers/projects_controller.rb:47:in 'ProjectsController#set_project'
  [1m[36mProject Load (0.4ms)[0m  [1m[34mSELECT "projects".* FROM "projects" WHERE "projects"."user_id" = $1 AND "projects"."id" = $2 LIMIT $3 /*application:CodeCritic,controller:projects,action:show*/[0m  [["user_id", 1], ["id", 1], ["LIMIT", 1]]
  ↳ app/controllers/projects_controller.rb:47:in 'ProjectsController#set_project'
  Rendering layout layouts/application.html.erb
  Rendering projects/show.html.erb within layouts/application
  Rendered shared/_navbar.html.erb (Duration: 1.3ms | Allocations: 313)
  Rendered shared/_flash.html.erb (Duration: 0.1ms | Allocations: 24)
  [1m[36mCodeFile Count (9.5ms)[0m  [1m[34mSELECT COUNT(*) FROM "code_files" WHERE "code_files"."project_id" = $1 /*application:CodeCritic,controller:projects,action:show*/[0m  [["project_id", 1]]
  ↳ app/views/projects/show.html.erb:39:in '_app_views_projects_show_html_erb__816265104_12592'
  [1m[36mCACHE CodeFile Count (0.0ms)[0m  [1m[34mSELECT COUNT(*) FROM "code_files" WHERE "code_files"."project_id" = $1[0m  [["project_id", 1]]
  ↳ app/views/projects/show.html.erb:64:in '_app_views_projects_show_html_erb__816265104_12592'
  [1m[36mCodeFile Exists? (0.6ms)[0m  [1m[34mSELECT 1 AS one FROM "code_files" WHERE "code_files"."project_id" = $1 LIMIT $2 /*application:CodeCritic,controller:projects,action:show*/[0m  [["project_id", 1], ["LIMIT", 1]]
  ↳ app/views/projects/show.html.erb:67:in '_app_views_projects_show_html_erb__816265104_12592'
  Rendered projects/show.html.erb within layouts/application (Duration: 76.6ms | Allocations: 6533)
  Rendered layout layouts/application.html.erb (Duration: 79.3ms | Allocations: 7201)
Completed 200 OK in 2405ms (Views: 69.3ms | ActiveRecord: 13.4ms | Allocations: 9876)


Started GET "/projects/1/code_files/new" for 127.0.0.1 at 2026-03-20 19:49:40 +0500
Processing by CodeFilesController#new as HTML
  Parameters: {"project_id" => "1"}
  [1m[36mUser Load (0.6ms)[0m  [1m[34mSELECT "users".* FROM "users" WHERE "users"."id" = $1 ORDER BY "users"."id" ASC LIMIT $2 /*application:CodeCritic,controller:code_files,action:new*/[0m  [["id", 1], ["LIMIT", 1]]
  ↳ app/controllers/code_files_controller.rb:44:in 'CodeFilesController#set_project'
  [1m[36mProject Load (0.9ms)[0m  [1m[34mSELECT "projects".* FROM "projects" WHERE "projects"."user_id" = $1 AND "projects"."id" = $2 LIMIT $3 /*application:CodeCritic,controller:code_files,action:new*/[0m  [["user_id", 1], ["id", 1], ["LIMIT", 1]]
  ↳ app/controllers/code_files_controller.rb:44:in 'CodeFilesController#set_project'
  Rendering layout layouts/application.html.erb
  Rendering code_files/new.html.erb within layouts/application
  Rendered shared/_navbar.html.erb (Duration: 2.2ms | Allocations: 370)
  Rendered shared/_flash.html.erb (Duration: 0.2ms | Allocations: 22)
  Rendered code_files/new.html.erb within layouts/application (Duration: 53.0ms | Allocations: 3218)
  Rendered layout layouts/application.html.erb (Duration: 56.1ms | Allocations: 3927)
Completed 200 OK in 2323ms (Views: 75.2ms | ActiveRecord: 5.3ms | Allocations: 9467)


Started POST "/projects/1/code_files" for 127.0.0.1 at 2026-03-20 19:50:00 +0500
Processing by CodeFilesController#create as TURBO_STREAM
  Parameters: {"authenticity_token" => "[FILTERED]", "code_file" => {"language" => "ruby", "content" => ""}, "commit" => "Add File", "project_id" => "1"}
  [1m[36mUser Load (0.4ms)[0m  [1m[34mSELECT "users".* FROM "users" WHERE "users"."id" = $1 ORDER BY "users"."id" ASC LIMIT $2 /*application:CodeCritic,controller:code_files,action:create*/[0m  [["id", 1], ["LIMIT", 1]]
  ↳ app/controllers/code_files_controller.rb:44:in 'CodeFilesController#set_project'
  [1m[36mProject Load (0.4ms)[0m  [1m[34mSELECT "projects".* FROM "projects" WHERE "projects"."user_id" = $1 AND "projects"."id" = $2 LIMIT $3 /*application:CodeCritic,controller:code_files,action:create*/[0m  [["user_id", 1], ["id", 1], ["LIMIT", 1]]
  ↳ app/controllers/code_files_controller.rb:44:in 'CodeFilesController#set_project'
  [1m[36mTRANSACTION (0.4ms)[0m  [1m[35mBEGIN /*application:CodeCritic,controller:code_files,action:create*/[0m
  ↳ app/models/code_file.rb:21:in 'CodeFile#acceptable_file'
  [1m[36mTRANSACTION (2.3ms)[0m  [1m[31mROLLBACK /*application:CodeCritic,controller:code_files,action:create*/[0m
  ↳ app/controllers/code_files_controller.rb:18:in 'CodeFilesController#create'
  Rendering layout layouts/application.html.erb
  Rendering code_files/new.html.erb within layouts/application
  Rendered shared/_navbar.html.erb (Duration: 1.0ms | Allocations: 309)
  Rendered shared/_flash.html.erb (Duration: 0.1ms | Allocations: 19)
  Rendered code_files/new.html.erb within layouts/application (Duration: 10.3ms | Allocations: 1748)
  Rendered layout layouts/application.html.erb (Duration: 15.3ms | Allocations: 2415)
Completed 422 Unprocessable Entity in 1940ms (Views: 17.3ms | ActiveRecord: 5.6ms | Allocations: 9695)


Started GET "/projects/1" for 127.0.0.1 at 2026-03-20 19:50:17 +0500
Processing by ProjectsController#show as HTML
  Parameters: {"id" => "1"}
  [1m[36mUser Load (0.6ms)[0m  [1m[34mSELECT "users".* FROM "users" WHERE "users"."id" = $1 ORDER BY "users"."id" ASC LIMIT $2 /*application:CodeCritic,controller:projects,action:show*/[0m  [["id", 1], ["LIMIT", 1]]
  ↳ app/controllers/projects_controller.rb:47:in 'ProjectsController#set_project'
  [1m[36mProject Load (0.8ms)[0m  [1m[34mSELECT "projects".* FROM "projects" WHERE "projects"."user_id" = $1 AND "projects"."id" = $2 LIMIT $3 /*application:CodeCritic,controller:projects,action:show*/[0m  [["user_id", 1], ["id", 1], ["LIMIT", 1]]
  ↳ app/controllers/projects_controller.rb:47:in 'ProjectsController#set_project'
  Rendering layout layouts/application.html.erb
  Rendering projects/show.html.erb within layouts/application
  Rendered shared/_navbar.html.erb (Duration: 2.2ms | Allocations: 313)
  Rendered shared/_flash.html.erb (Duration: 0.1ms | Allocations: 19)
  [1m[36mCodeFile Count (1.0ms)[0m  [1m[34mSELECT COUNT(*) FROM "code_files" WHERE "code_files"."project_id" = $1 /*application:CodeCritic,controller:projects,action:show*/[0m  [["project_id", 1]]
  ↳ app/views/projects/show.html.erb:39:in '_app_views_projects_show_html_erb__816265104_12592'
  [1m[36mCACHE CodeFile Count (0.0ms)[0m  [1m[34mSELECT COUNT(*) FROM "code_files" WHERE "code_files"."project_id" = $1[0m  [["project_id", 1]]
  ↳ app/views/projects/show.html.erb:64:in '_app_views_projects_show_html_erb__816265104_12592'
  [1m[36mCodeFile Exists? (0.6ms)[0m  [1m[34mSELECT 1 AS one FROM "code_files" WHERE "code_files"."project_id" = $1 LIMIT $2 /*application:CodeCritic,controller:projects,action:show*/[0m  [["project_id", 1], ["LIMIT", 1]]
  ↳ app/views/projects/show.html.erb:67:in '_app_views_projects_show_html_erb__816265104_12592'
  Rendered projects/show.html.erb within layouts/application (Duration: 31.8ms | Allocations: 3046)
  Rendered layout layouts/application.html.erb (Duration: 35.6ms | Allocations: 3713)
Completed 200 OK in 2025ms (Views: 36.6ms | ActiveRecord: 2.9ms | Allocations: 6195)


Started POST "/projects/1/code_files" for 127.0.0.1 at 2026-03-20 19:50:27 +0500
Processing by CodeFilesController#create as TURBO_STREAM
  Parameters: {"authenticity_token" => "[FILTERED]", "code_file" => {"language" => "ruby", "content" => "", "file" => #<ActionDispatch::Http::UploadedFile:0x000001b37aa3f1e0 @tempfile=#<Tempfile:C:/Users/AHC/AppData/Local/Temp/RackMultipart20260320-11164-869sbi.erb>, @content_type="application/octet-stream", @original_filename="passwords_new.html.erb", @headers="Content-Disposition: form-data; name=\"code_file[file]\"; filename=\"passwords_new.html.erb\"\r\nContent-Type: application/octet-stream\r\n">}, "commit" => "Add File", "project_id" => "1"}
  [1m[36mUser Load (0.6ms)[0m  [1m[34mSELECT "users".* FROM "users" WHERE "users"."id" = $1 ORDER BY "users"."id" ASC LIMIT $2 /*application:CodeCritic,controller:code_files,action:create*/[0m  [["id", 1], ["LIMIT", 1]]
  ↳ app/controllers/code_files_controller.rb:44:in 'CodeFilesController#set_project'
  [1m[36mProject Load (0.6ms)[0m  [1m[34mSELECT "projects".* FROM "projects" WHERE "projects"."user_id" = $1 AND "projects"."id" = $2 LIMIT $3 /*application:CodeCritic,controller:code_files,action:create*/[0m  [["user_id", 1], ["id", 1], ["LIMIT", 1]]
  ↳ app/controllers/code_files_controller.rb:44:in 'CodeFilesController#set_project'
  [1m[36mTRANSACTION (0.6ms)[0m  [1m[35mBEGIN /*application:CodeCritic,controller:code_files,action:create*/[0m
  ↳ app/models/code_file.rb:21:in 'CodeFile#acceptable_file'
  [1m[36mTRANSACTION (0.4ms)[0m  [1m[31mROLLBACK /*application:CodeCritic,controller:code_files,action:create*/[0m
  ↳ app/controllers/code_files_controller.rb:18:in 'CodeFilesController#create'
  Rendering layout layouts/application.html.erb
  Rendering code_files/new.html.erb within layouts/application
  Rendered shared/_navbar.html.erb (Duration: 0.9ms | Allocations: 310)
  Rendered shared/_flash.html.erb (Duration: 0.1ms | Allocations: 19)
  Rendered code_files/new.html.erb within layouts/application (Duration: 7.5ms | Allocations: 1898)
  Rendered layout layouts/application.html.erb (Duration: 11.9ms | Allocations: 2565)
Completed 422 Unprocessable Entity in 2401ms (Views: 14.0ms | ActiveRecord: 8.1ms | Allocations: 23012)


Started POST "/projects/1/code_files" for 127.0.0.1 at 2026-03-20 19:50:49 +0500
Processing by CodeFilesController#create as TURBO_STREAM
  Parameters: {"authenticity_token" => "[FILTERED]", "code_file" => {"language" => "ruby", "content" => "", "file" => #<ActionDispatch::Http::UploadedFile:0x000001b37ca9ce60 @tempfile=#<Tempfile:C:/Users/AHC/AppData/Local/Temp/RackMultipart20260320-11164-p65vhl.erb>, @content_type="application/octet-stream", @original_filename="passwords_new.html.erb", @headers="Content-Disposition: form-data; name=\"code_file[file]\"; filename=\"passwords_new.html.erb\"\r\nContent-Type: application/octet-stream\r\n">}, "commit" => "Add File", "project_id" => "1"}
  [1m[36mUser Load (0.7ms)[0m  [1m[34mSELECT "users".* FROM "users" WHERE "users"."id" = $1 ORDER BY "users"."id" ASC LIMIT $2 /*application:CodeCritic,controller:code_files,action:create*/[0m  [["id", 1], ["LIMIT", 1]]
  ↳ app/controllers/code_files_controller.rb:44:in 'CodeFilesController#set_project'
  [1m[36mProject Load (0.6ms)[0m  [1m[34mSELECT "projects".* FROM "projects" WHERE "projects"."user_id" = $1 AND "projects"."id" = $2 LIMIT $3 /*application:CodeCritic,controller:code_files,action:create*/[0m  [["user_id", 1], ["id", 1], ["LIMIT", 1]]
  ↳ app/controllers/code_files_controller.rb:44:in 'CodeFilesController#set_project'
  Rendering layout layouts/application.html.erb
  Rendering code_files/new.html.erb within layouts/application
  Rendered shared/_navbar.html.erb (Duration: 1.2ms | Allocations: 309)
  Rendered shared/_flash.html.erb (Duration: 0.1ms | Allocations: 19)
  Rendered code_files/new.html.erb within layouts/application (Duration: 18.4ms | Allocations: 1863)
  Rendered layout layouts/application.html.erb (Duration: 22.2ms | Allocations: 2530)
Completed 422 Unprocessable Entity in 2221ms (Views: 24.9ms | ActiveRecord: 1.3ms | Allocations: 5963)


Started POST "/projects/1/code_files" for 127.0.0.1 at 2026-03-20 19:51:42 +0500
Processing by CodeFilesController#create as TURBO_STREAM
  Parameters: {"authenticity_token" => "[FILTERED]", "code_file" => {"language" => "cpp", "content" => "", "file" => #<ActionDispatch::Http::UploadedFile:0x000001b37bc3ed50 @tempfile=#<Tempfile:C:/Users/AHC/AppData/Local/Temp/RackMultipart20260320-11164-65rejq.cpp>, @content_type="text/plain", @original_filename="practice01.cpp", @headers="Content-Disposition: form-data; name=\"code_file[file]\"; filename=\"practice01.cpp\"\r\nContent-Type: text/plain\r\n">}, "commit" => "Add File", "project_id" => "1"}
  [1m[36mUser Load (0.5ms)[0m  [1m[34mSELECT "users".* FROM "users" WHERE "users"."id" = $1 ORDER BY "users"."id" ASC LIMIT $2 /*application:CodeCritic,controller:code_files,action:create*/[0m  [["id", 1], ["LIMIT", 1]]
  ↳ app/controllers/code_files_controller.rb:44:in 'CodeFilesController#set_project'
  [1m[36mProject Load (0.4ms)[0m  [1m[34mSELECT "projects".* FROM "projects" WHERE "projects"."user_id" = $1 AND "projects"."id" = $2 LIMIT $3 /*application:CodeCritic,controller:code_files,action:create*/[0m  [["user_id", 1], ["id", 1], ["LIMIT", 1]]
  ↳ app/controllers/code_files_controller.rb:44:in 'CodeFilesController#set_project'
  Rendering layout layouts/application.html.erb
  Rendering code_files/new.html.erb within layouts/application
  Rendered shared/_navbar.html.erb (Duration: 0.9ms | Allocations: 309)
  Rendered shared/_flash.html.erb (Duration: 0.1ms | Allocations: 19)
  Rendered code_files/new.html.erb within layouts/application (Duration: 6.2ms | Allocations: 1863)
  Rendered layout layouts/application.html.erb (Duration: 10.6ms | Allocations: 2530)
Completed 422 Unprocessable Entity in 2244ms (Views: 12.1ms | ActiveRecord: 1.0ms | Allocations: 5970)


Started POST "/projects/1/code_files" for 127.0.0.1 at 2026-03-20 19:52:21 +0500
Processing by CodeFilesController#create as TURBO_STREAM
  Parameters: {"authenticity_token" => "[FILTERED]", "code_file" => {"language" => "ruby", "content" => "class Project < ApplicationRecord\r\n\r\n  belongs_to :user\r\n  has_many :code_files, dependent: :destroy\r\n  \r\n  validates :name, presence: true\r\n  validates :description, presence: true\r\n\r\n\r\nend\r\n"}, "commit" => "Add File", "project_id" => "1"}
  [1m[36mUser Load (0.7ms)[0m  [1m[34mSELECT "users".* FROM "users" WHERE "users"."id" = $1 ORDER BY "users"."id" ASC LIMIT $2 /*application:CodeCritic,controller:code_files,action:create*/[0m  [["id", 1], ["LIMIT", 1]]
  ↳ app/controllers/code_files_controller.rb:44:in 'CodeFilesController#set_project'
  [1m[36mProject Load (0.7ms)[0m  [1m[34mSELECT "projects".* FROM "projects" WHERE "projects"."user_id" = $1 AND "projects"."id" = $2 LIMIT $3 /*application:CodeCritic,controller:code_files,action:create*/[0m  [["user_id", 1], ["id", 1], ["LIMIT", 1]]
  ↳ app/controllers/code_files_controller.rb:44:in 'CodeFilesController#set_project'
  [1m[36mTRANSACTION (0.7ms)[0m  [1m[35mBEGIN /*application:CodeCritic,controller:code_files,action:create*/[0m
  ↳ app/controllers/code_files_controller.rb:18:in 'CodeFilesController#create'
  [1m[36mCodeFile Create (5.5ms)[0m  [1m[32mINSERT INTO "code_files" ("content", "language", "project_id", "created_at", "updated_at") VALUES ($1, $2, $3, $4, $5) RETURNING "id" /*application:CodeCritic,controller:code_files,action:create*/[0m  [["content", "class Project < ApplicationRecord\r\n\r\n  belongs_to :user\r\n  has_many :code_files, dependent: :destroy\r\n  \r\n  validates :name, presence: true\r\n  validates :description, presence: true\r\n\r\n\r\nend\r\n"], ["language", "ruby"], ["project_id", 1], ["created_at", "2026-03-20 14:52:24.198750"], ["updated_at", "2026-03-20 14:52:24.198750"]]
  ↳ app/controllers/code_files_controller.rb:18:in 'CodeFilesController#create'
  [1m[36mTRANSACTION (0.6ms)[0m  [1m[35mCOMMIT /*application:CodeCritic,controller:code_files,action:create*/[0m
  ↳ app/controllers/code_files_controller.rb:18:in 'CodeFilesController#create'
Redirected to 
Completed 500 Internal Server Error in 2250ms (ActiveRecord: 8.2ms | Allocations: 5725)


  
NoMethodError (undefined method 'project_code_file_url' for an instance of CodeFilesController):
  
app/controllers/code_files_controller.rb:19:in 'CodeFilesController#create'
Started GET "/" for 127.0.0.1 at 2026-03-20 20:50:01 +0500
  [1m[36mActiveRecord::SchemaMigration Pluck (1.6ms)[0m  [1m[34mSELECT "schema_migrations"."version" FROM "schema_migrations" ORDER BY "schema_migrations"."version" ASC /*application:CodeCritic*/[0m
Processing by Rails::WelcomeController#index as HTML
  Rendering C:/Ruby34-x64/lib/ruby/gems/3.4.0/gems/railties-7.0.10/lib/rails/templates/rails/welcome/index.html.erb
  Rendered C:/Ruby34-x64/lib/ruby/gems/3.4.0/gems/railties-7.0.10/lib/rails/templates/rails/welcome/index.html.erb (Duration: 6.6ms | Allocations: 384)
Completed 200 OK in 1632ms (Views: 23.6ms | ActiveRecord: 0.0ms | Allocations: 4824)


Started GET "/users/sign_in" for 127.0.0.1 at 2026-03-20 20:50:13 +0500
Processing by Devise::SessionsController#new as HTML
  [1m[36mUser Load (2.2ms)[0m  [1m[34mSELECT "users".* FROM "users" WHERE "users"."id" = $1 ORDER BY "users"."id" ASC LIMIT $2 /*application:CodeCritic,controller:sessions,action:new*/[0m  [["id", 1], ["LIMIT", 1]]
Redirected to http://127.0.0.1:3000/
Filter chain halted as :require_no_authentication rendered or redirected
Completed 302 Found in 64ms (ActiveRecord: 19.5ms | Allocations: 8643)


Started GET "/" for 127.0.0.1 at 2026-03-20 20:50:16 +0500
Processing by Rails::WelcomeController#index as HTML
  Rendering C:/Ruby34-x64/lib/ruby/gems/3.4.0/gems/railties-7.0.10/lib/rails/templates/rails/welcome/index.html.erb
  Rendered C:/Ruby34-x64/lib/ruby/gems/3.4.0/gems/railties-7.0.10/lib/rails/templates/rails/welcome/index.html.erb (Duration: 3.0ms | Allocations: 128)
Completed 200 OK in 2473ms (Views: 7.5ms | ActiveRecord: 0.0ms | Allocations: 801)


Started GET "/" for 127.0.0.1 at 2026-03-20 20:50:50 +0500
Processing by Rails::WelcomeController#index as HTML
  Rendering C:/Ruby34-x64/lib/ruby/gems/3.4.0/gems/railties-7.0.10/lib/rails/templates/rails/welcome/index.html.erb
  Rendered C:/Ruby34-x64/lib/ruby/gems/3.4.0/gems/railties-7.0.10/lib/rails/templates/rails/welcome/index.html.erb (Duration: 0.1ms | Allocations: 15)
Completed 200 OK in 1395ms (Views: 1.3ms | ActiveRecord: 0.0ms | Allocations: 295)


Started GET "/users/sign_in" for 127.0.0.1 at 2026-03-20 20:50:56 +0500
Processing by Devise::SessionsController#new as HTML
  [1m[36mUser Load (0.5ms)[0m  [1m[34mSELECT "users".* FROM "users" WHERE "users"."id" = $1 ORDER BY "users"."id" ASC LIMIT $2 /*application:CodeCritic,controller:sessions,action:new*/[0m  [["id", 1], ["LIMIT", 1]]
Redirected to http://127.0.0.1:3000/
Filter chain halted as :require_no_authentication rendered or redirected
Completed 302 Found in 7ms (ActiveRecord: 0.5ms | Allocations: 1725)


Started GET "/" for 127.0.0.1 at 2026-03-20 20:50:59 +0500
Processing by Rails::WelcomeController#index as HTML
  Rendering C:/Ruby34-x64/lib/ruby/gems/3.4.0/gems/railties-7.0.10/lib/rails/templates/rails/welcome/index.html.erb
  Rendered C:/Ruby34-x64/lib/ruby/gems/3.4.0/gems/railties-7.0.10/lib/rails/templates/rails/welcome/index.html.erb (Duration: 0.2ms | Allocations: 15)
Completed 200 OK in 2225ms (Views: 2.6ms | ActiveRecord: 0.0ms | Allocations: 296)


Started GET "/users/sign_in" for 127.0.0.1 at 2026-03-20 20:51:10 +0500
Processing by Devise::SessionsController#new as HTML
  [1m[36mUser Load (0.4ms)[0m  [1m[34mSELECT "users".* FROM "users" WHERE "users"."id" = $1 ORDER BY "users"."id" ASC LIMIT $2 /*application:CodeCritic,controller:sessions,action:new*/[0m  [["id", 1], ["LIMIT", 1]]
Redirected to http://127.0.0.1:3000/
Filter chain halted as :require_no_authentication rendered or redirected
Completed 302 Found in 8ms (ActiveRecord: 0.4ms | Allocations: 1742)


Started GET "/" for 127.0.0.1 at 2026-03-20 20:51:14 +0500
Processing by Rails::WelcomeController#index as HTML
Started GET "/projects" for 127.0.0.1 at 2026-03-20 20:51:14 +0500
Processing by ProjectsController#index as HTML
  Rendering C:/Ruby34-x64/lib/ruby/gems/3.4.0/gems/railties-7.0.10/lib/rails/templates/rails/welcome/index.html.erb
  Rendered C:/Ruby34-x64/lib/ruby/gems/3.4.0/gems/railties-7.0.10/lib/rails/templates/rails/welcome/index.html.erb (Duration: 0.4ms | Allocations: 16)
Completed 200 OK in 2378ms (Views: 4.1ms | ActiveRecord: 0.0ms | Allocations: 9996)


  [1m[36mUser Load (0.6ms)[0m  [1m[34mSELECT "users".* FROM "users" WHERE "users"."id" = $1 ORDER BY "users"."id" ASC LIMIT $2 /*application:CodeCritic,controller:projects,action:index*/[0m  [["id", 1], ["LIMIT", 1]]
  ↳ app/controllers/projects_controller.rb:6:in 'ProjectsController#index'
  [1m[36mProject Load (1.2ms)[0m  [1m[34mSELECT "projects".* FROM "projects" WHERE "projects"."user_id" = $1 /*application:CodeCritic,controller:projects,action:index*/[0m  [["user_id", 1]]
  ↳ app/controllers/projects_controller.rb:7:in 'block in ProjectsController#index'
  Rendering layout layouts/application.html.erb
  Rendering projects/index.html.erb within layouts/application
  Rendered shared/_navbar.html.erb (Duration: 4.9ms | Allocations: 689)
  Rendered shared/_flash.html.erb (Duration: 1.9ms | Allocations: 152)
  [1m[36mCodeFile Count (1.2ms)[0m  [1m[34mSELECT COUNT(*) FROM "code_files" WHERE "code_files"."project_id" = $1 /*application:CodeCritic,controller:projects,action:index*/[0m  [["project_id", 1]]
  ↳ app/views/projects/index.html.erb:49:in 'block in _app_views_projects_index_html_erb___654858193_12528'
  Rendered projects/index.html.erb within layouts/application (Duration: 44.3ms | Allocations: 5078)
  Rendered layout layouts/application.html.erb (Duration: 107.9ms | Allocations: 13475)
Completed 200 OK in 2466ms (Views: 127.5ms | ActiveRecord: 11.6ms | Allocations: 24721)


Started GET "/projects/1" for 127.0.0.1 at 2026-03-20 20:51:26 +0500
Processing by ProjectsController#show as HTML
  Parameters: {"id" => "1"}
  [1m[36mUser Load (0.7ms)[0m  [1m[34mSELECT "users".* FROM "users" WHERE "users"."id" = $1 ORDER BY "users"."id" ASC LIMIT $2 /*application:CodeCritic,controller:projects,action:show*/[0m  [["id", 1], ["LIMIT", 1]]
  ↳ app/controllers/projects_controller.rb:47:in 'ProjectsController#set_project'
  [1m[36mProject Load (0.6ms)[0m  [1m[34mSELECT "projects".* FROM "projects" WHERE "projects"."user_id" = $1 AND "projects"."id" = $2 LIMIT $3 /*application:CodeCritic,controller:projects,action:show*/[0m  [["user_id", 1], ["id", 1], ["LIMIT", 1]]
  ↳ app/controllers/projects_controller.rb:47:in 'ProjectsController#set_project'
  Rendering layout layouts/application.html.erb
  Rendering projects/show.html.erb within layouts/application
  Rendered shared/_navbar.html.erb (Duration: 2.8ms | Allocations: 313)
  Rendered shared/_flash.html.erb (Duration: 0.2ms | Allocations: 19)
  [1m[36mCodeFile Count (1.3ms)[0m  [1m[34mSELECT COUNT(*) FROM "code_files" WHERE "code_files"."project_id" = $1 /*application:CodeCritic,controller:projects,action:show*/[0m  [["project_id", 1]]
  ↳ app/views/projects/show.html.erb:39:in '_app_views_projects_show_html_erb___431794834_12624'
  [1m[36mCACHE CodeFile Count (0.0ms)[0m  [1m[34mSELECT COUNT(*) FROM "code_files" WHERE "code_files"."project_id" = $1[0m  [["project_id", 1]]
  ↳ app/views/projects/show.html.erb:64:in '_app_views_projects_show_html_erb___431794834_12624'
  [1m[36mCodeFile Exists? (1.0ms)[0m  [1m[34mSELECT 1 AS one FROM "code_files" WHERE "code_files"."project_id" = $1 LIMIT $2 /*application:CodeCritic,controller:projects,action:show*/[0m  [["project_id", 1], ["LIMIT", 1]]
  ↳ app/views/projects/show.html.erb:67:in '_app_views_projects_show_html_erb___431794834_12624'
  [1m[36mCodeFile Load (3.6ms)[0m  [1m[34mSELECT "code_files".* FROM "code_files" WHERE "code_files"."project_id" = $1 ORDER BY "code_files"."created_at" DESC /*application:CodeCritic,controller:projects,action:show*/[0m  [["project_id", 1]]
  ↳ app/views/projects/show.html.erb:80:in '_app_views_projects_show_html_erb___431794834_12624'
  Rendered projects/show.html.erb within layouts/application (Duration: 62.1ms | Allocations: 8620)
  Rendered layout layouts/application.html.erb (Duration: 64.4ms | Allocations: 8701)
Completed 500 Internal Server Error in 2364ms (ActiveRecord: 11.2ms | Allocations: 11314)


  
ActionView::Template::Error (undefined method 'title' for an instance of CodeFile):
    86:                         <path stroke-linecap="round" stroke-linejoin="round" stroke-width="1.5" d="M10 20l4-16m4 4l4 4-4 4M6 16l-4-4 4-4"/>
    87:                       </svg>
    88:                     </div>
    89:                     <span class="text-white text-sm font-medium"><%= code_file.title %></span>
    90:                   </div>
    91:                 </td>
    92:                 <td class="px-5 py-4 hidden sm:table-cell">
  
app/views/projects/show.html.erb:89:in 'block in _app_views_projects_show_html_erb___431794834_12624'
app/views/projects/show.html.erb:80:in '_app_views_projects_show_html_erb___431794834_12624'
Started GET "/projects/1" for 127.0.0.1 at 2026-03-20 20:51:32 +0500
Processing by ProjectsController#show as HTML
  Parameters: {"id" => "1"}
  [1m[36mUser Load (0.5ms)[0m  [1m[34mSELECT "users".* FROM "users" WHERE "users"."id" = $1 ORDER BY "users"."id" ASC LIMIT $2 /*application:CodeCritic,controller:projects,action:show*/[0m  [["id", 1], ["LIMIT", 1]]
  ↳ app/controllers/projects_controller.rb:47:in 'ProjectsController#set_project'
  [1m[36mProject Load (0.6ms)[0m  [1m[34mSELECT "projects".* FROM "projects" WHERE "projects"."user_id" = $1 AND "projects"."id" = $2 LIMIT $3 /*application:CodeCritic,controller:projects,action:show*/[0m  [["user_id", 1], ["id", 1], ["LIMIT", 1]]
  ↳ app/controllers/projects_controller.rb:47:in 'ProjectsController#set_project'
  Rendering layout layouts/application.html.erb
  Rendering projects/show.html.erb within layouts/application
  Rendered shared/_navbar.html.erb (Duration: 1.3ms | Allocations: 313)
  Rendered shared/_flash.html.erb (Duration: 0.2ms | Allocations: 19)
  [1m[36mCodeFile Count (0.7ms)[0m  [1m[34mSELECT COUNT(*) FROM "code_files" WHERE "code_files"."project_id" = $1 /*application:CodeCritic,controller:projects,action:show*/[0m  [["project_id", 1]]
  ↳ app/views/projects/show.html.erb:39:in '_app_views_projects_show_html_erb___431794834_12624'
  [1m[36mCACHE CodeFile Count (0.0ms)[0m  [1m[34mSELECT COUNT(*) FROM "code_files" WHERE "code_files"."project_id" = $1[0m  [["project_id", 1]]
  ↳ app/views/projects/show.html.erb:64:in '_app_views_projects_show_html_erb___431794834_12624'
  [1m[36mCodeFile Exists? (0.5ms)[0m  [1m[34mSELECT 1 AS one FROM "code_files" WHERE "code_files"."project_id" = $1 LIMIT $2 /*application:CodeCritic,controller:projects,action:show*/[0m  [["project_id", 1], ["LIMIT", 1]]
  ↳ app/views/projects/show.html.erb:67:in '_app_views_projects_show_html_erb___431794834_12624'
  [1m[36mCodeFile Load (0.6ms)[0m  [1m[34mSELECT "code_files".* FROM "code_files" WHERE "code_files"."project_id" = $1 ORDER BY "code_files"."created_at" DESC /*application:CodeCritic,controller:projects,action:show*/[0m  [["project_id", 1]]
  ↳ app/views/projects/show.html.erb:80:in '_app_views_projects_show_html_erb___431794834_12624'
  Rendered projects/show.html.erb within layouts/application (Duration: 31.9ms | Allocations: 5015)
  Rendered layout layouts/application.html.erb (Duration: 33.3ms | Allocations: 5096)
Completed 500 Internal Server Error in 2023ms (ActiveRecord: 3.1ms | Allocations: 7521)


  
ActionView::Template::Error (undefined method 'title' for an instance of CodeFile):
    86:                         <path stroke-linecap="round" stroke-linejoin="round" stroke-width="1.5" d="M10 20l4-16m4 4l4 4-4 4M6 16l-4-4 4-4"/>
    87:                       </svg>
    88:                     </div>
    89:                     <span class="text-white text-sm font-medium"><%= code_file.title %></span>
    90:                   </div>
    91:                 </td>
    92:                 <td class="px-5 py-4 hidden sm:table-cell">
  
app/views/projects/show.html.erb:89:in 'block in _app_views_projects_show_html_erb___431794834_12624'
app/views/projects/show.html.erb:80:in '_app_views_projects_show_html_erb___431794834_12624'
Started GET "/" for 127.0.0.1 at 2026-03-20 20:54:26 +0500
  [1m[36mActiveRecord::SchemaMigration Pluck (1.1ms)[0m  [1m[34mSELECT "schema_migrations"."version" FROM "schema_migrations" ORDER BY "schema_migrations"."version" ASC /*application:CodeCritic*/[0m
Processing by Rails::WelcomeController#index as HTML
  Rendering C:/Ruby34-x64/lib/ruby/gems/3.4.0/gems/railties-7.0.10/lib/rails/templates/rails/welcome/index.html.erb
  Rendered C:/Ruby34-x64/lib/ruby/gems/3.4.0/gems/railties-7.0.10/lib/rails/templates/rails/welcome/index.html.erb (Duration: 7.8ms | Allocations: 384)
Completed 200 OK in 1968ms (Views: 28.5ms | ActiveRecord: 0.0ms | Allocations: 4828)


Started GET "/projects/new" for 127.0.0.1 at 2026-03-20 21:26:56 +0500
Started GET "/" for 127.0.0.1 at 2026-03-20 21:26:56 +0500
  [1m[36mActiveRecord::SchemaMigration Pluck (4.1ms)[0m  [1m[34mSELECT "schema_migrations"."version" FROM "schema_migrations" ORDER BY "schema_migrations"."version" ASC /*application:CodeCritic*/[0m
Processing by ProjectsController#new as HTML
Processing by Rails::WelcomeController#index as HTML
  Rendering C:/Ruby34-x64/lib/ruby/gems/3.4.0/gems/railties-7.0.10/lib/rails/templates/rails/welcome/index.html.erb
  Rendered C:/Ruby34-x64/lib/ruby/gems/3.4.0/gems/railties-7.0.10/lib/rails/templates/rails/welcome/index.html.erb (Duration: 16.9ms | Allocations: 879)
Completed 200 OK in 4187ms (Views: 40.5ms | ActiveRecord: 0.0ms | Allocations: 11301)


  Rendering layout layouts/application.html.erb
  Rendering projects/new.html.erb within layouts/application
  [1m[36mUser Load (25.8ms)[0m  [1m[34mSELECT "users".* FROM "users" WHERE "users"."id" = $1 ORDER BY "users"."id" ASC LIMIT $2 /*application:CodeCritic,controller:projects,action:new*/[0m  [["id", 1], ["LIMIT", 1]]
  ↳ app/views/shared/_navbar.html.erb:24:in '_app_views_shared__navbar_html_erb___932684124_12352'
  Rendered shared/_navbar.html.erb (Duration: 99.6ms | Allocations: 8386)
  Rendered shared/_flash.html.erb (Duration: 2.1ms | Allocations: 163)
  Rendered projects/new.html.erb within layouts/application (Duration: 187.9ms | Allocations: 11162)
  Rendered layout layouts/application.html.erb (Duration: 333.1ms | Allocations: 19557)
Completed 200 OK in 4527ms (Views: 314.3ms | ActiveRecord: 65.7ms | Allocations: 31536)


Started GET "/" for 127.0.0.1 at 2026-03-20 21:27:09 +0500
Processing by Rails::WelcomeController#index as HTML
Started GET "/projects" for 127.0.0.1 at 2026-03-20 21:27:14 +0500
  Rendering C:/Ruby34-x64/lib/ruby/gems/3.4.0/gems/railties-7.0.10/lib/rails/templates/rails/welcome/index.html.erb
  Rendered C:/Ruby34-x64/lib/ruby/gems/3.4.0/gems/railties-7.0.10/lib/rails/templates/rails/welcome/index.html.erb (Duration: 3.1ms | Allocations: 130)
Completed 200 OK in 5674ms (Views: 10.1ms | ActiveRecord: 0.0ms | Allocations: 2132)


Processing by ProjectsController#index as HTML
Completed 500 Internal Server Error in 3101ms (ActiveRecord: 0.0ms | Allocations: 1713)


Started GET "/users" for 127.0.0.1 at 2026-03-20 21:27:20 +0500
  
NoMethodError (undefined method 'id' for nil):
  
app/controllers/projects_controller.rb:6:in 'ProjectsController#index'
  
ActionController::RoutingError (No route matches [GET] "/users"):
  
Started GET "/favicon.ico" for 127.0.0.1 at 2026-03-20 21:27:26 +0500
  
ActionController::RoutingError (No route matches [GET] "/favicon.ico"):
  
Started GET "/favicon.ico" for 127.0.0.1 at 2026-03-20 21:27:27 +0500
  
ActionController::RoutingError (No route matches [GET] "/favicon.ico"):
  
Started GET "/favicon.ico" for 127.0.0.1 at 2026-03-20 21:27:28 +0500
  
ActionController::RoutingError (No route matches [GET] "/favicon.ico"):
  
Started GET "/users/sign_in" for 127.0.0.1 at 2026-03-20 21:27:41 +0500
Processing by Devise::SessionsController#new as HTML
  Rendering layout layouts/application.html.erb
  Rendering devise/sessions/new.html.erb within layouts/application
  Rendered devise/sessions/new.html.erb within layouts/application (Duration: 19.4ms | Allocations: 2489)
  Rendered layout layouts/application.html.erb (Duration: 21.6ms | Allocations: 3403)
Completed 200 OK in 1163ms (Views: 37.0ms | ActiveRecord: 0.0ms | Allocations: 5048)


Started GET "/users/sign_up" for 127.0.0.1 at 2026-03-20 21:28:02 +0500
Processing by Devise::RegistrationsController#new as HTML
  Rendering layout layouts/application.html.erb
  Rendering devise/registrations/new.html.erb within layouts/application
  Rendered devise/registrations/new.html.erb within layouts/application (Duration: 8.6ms | Allocations: 1939)
  Rendered layout layouts/application.html.erb (Duration: 10.8ms | Allocations: 2651)
Completed 200 OK in 1088ms (Views: 25.3ms | ActiveRecord: 0.0ms | Allocations: 3780)


Started GET "/projects/new" for 127.0.0.1 at 2026-03-20 21:48:48 +0500
Processing by ProjectsController#new as HTML
  Rendering layout layouts/application.html.erb
  Rendering projects/new.html.erb within layouts/application
  [1m[36mUser Load (4.3ms)[0m  [1m[34mSELECT "users".* FROM "users" WHERE "users"."id" = $1 ORDER BY "users"."id" ASC LIMIT $2 /*application:CodeCritic,controller:projects,action:new*/[0m  [["id", 2], ["LIMIT", 1]]
  ↳ app/views/shared/_navbar.html.erb:24:in '_app_views_shared__navbar_html_erb___932684124_13536'
  Rendered shared/_navbar.html.erb (Duration: 384.4ms | Allocations: 5452)
  Rendered shared/_flash.html.erb (Duration: 0.8ms | Allocations: 132)
  Rendered projects/new.html.erb within layouts/application (Duration: 394.2ms | Allocations: 7093)
  Rendered layout layouts/application.html.erb (Duration: 396.7ms | Allocations: 7801)
Completed 200 OK in 1390ms (Views: 318.5ms | ActiveRecord: 87.0ms | Allocations: 8452)


Started GET "/favicon.ico" for 127.0.0.1 at 2026-03-20 21:48:59 +0500
  
ActionController::RoutingError (No route matches [GET] "/favicon.ico"):
  
Started POST "/projects" for 127.0.0.1 at 2026-03-20 21:50:00 +0500
Processing by ProjectsController#create as TURBO_STREAM
  Parameters: {"authenticity_token" => "[FILTERED]", "project" => {"name" => "Connect sphere", "description" => "schema like facebook"}, "commit" => "Create Project"}
  [1m[36mUser Load (0.3ms)[0m  [1m[34mSELECT "users".* FROM "users" WHERE "users"."id" = $1 ORDER BY "users"."id" ASC LIMIT $2 /*application:CodeCritic,controller:projects,action:create*/[0m  [["id", 2], ["LIMIT", 1]]
  ↳ app/controllers/projects_controller.rb:19:in 'ProjectsController#create'
  [1m[36mTRANSACTION (0.6ms)[0m  [1m[35mBEGIN /*application:CodeCritic,controller:projects,action:create*/[0m
  ↳ app/controllers/projects_controller.rb:21:in 'ProjectsController#create'
  [1m[36mProject Create (33.5ms)[0m  [1m[32mINSERT INTO "projects" ("name", "description", "user_id", "created_at", "updated_at") VALUES ($1, $2, $3, $4, $5) RETURNING "id" /*application:CodeCritic,controller:projects,action:create*/[0m  [["name", "Connect sphere"], ["description", "schema like facebook"], ["user_id", 2], ["created_at", "2026-03-20 16:50:01.728899"], ["updated_at", "2026-03-20 16:50:01.728899"]]
  ↳ app/controllers/projects_controller.rb:21:in 'ProjectsController#create'
  [1m[36mTRANSACTION (2.3ms)[0m  [1m[35mCOMMIT /*application:CodeCritic,controller:projects,action:create*/[0m
  ↳ app/controllers/projects_controller.rb:21:in 'ProjectsController#create'
Redirected to http://127.0.0.1:3000/projects/2
Completed 302 Found in 1122ms (ActiveRecord: 36.8ms | Allocations: 8333)


Started GET "/projects/2" for 127.0.0.1 at 2026-03-20 21:50:02 +0500
Processing by ProjectsController#show as TURBO_STREAM
  Parameters: {"id" => "2"}
  [1m[36mUser Load (0.3ms)[0m  [1m[34mSELECT "users".* FROM "users" WHERE "users"."id" = $1 ORDER BY "users"."id" ASC LIMIT $2 /*application:CodeCritic,controller:projects,action:show*/[0m  [["id", 2], ["LIMIT", 1]]
  ↳ app/controllers/projects_controller.rb:47:in 'ProjectsController#set_project'
  [1m[36mProject Load (15.2ms)[0m  [1m[34mSELECT "projects".* FROM "projects" WHERE "projects"."user_id" = $1 AND "projects"."id" = $2 LIMIT $3 /*application:CodeCritic,controller:projects,action:show*/[0m  [["user_id", 2], ["id", 2], ["LIMIT", 1]]
  ↳ app/controllers/projects_controller.rb:47:in 'ProjectsController#set_project'
  Rendering layout layouts/application.html.erb
  Rendering projects/show.html.erb within layouts/application
  Rendered shared/_navbar.html.erb (Duration: 1.0ms | Allocations: 313)
  Rendered shared/_flash.html.erb (Duration: 0.1ms | Allocations: 24)
  [1m[36mCodeFile Count (64.1ms)[0m  [1m[34mSELECT COUNT(*) FROM "code_files" WHERE "code_files"."project_id" = $1 /*application:CodeCritic,controller:projects,action:show*/[0m  [["project_id", 2]]
  ↳ app/views/projects/show.html.erb:39:in '_app_views_projects_show_html_erb__72416222_13912'
  [1m[36mCACHE CodeFile Count (0.0ms)[0m  [1m[34mSELECT COUNT(*) FROM "code_files" WHERE "code_files"."project_id" = $1[0m  [["project_id", 2]]
  ↳ app/views/projects/show.html.erb:64:in '_app_views_projects_show_html_erb__72416222_13912'
  [1m[36mCodeFile Exists? (4.5ms)[0m  [1m[34mSELECT 1 AS one FROM "code_files" WHERE "code_files"."project_id" = $1 LIMIT $2 /*application:CodeCritic,controller:projects,action:show*/[0m  [["project_id", 2], ["LIMIT", 1]]
  ↳ app/views/projects/show.html.erb:67:in '_app_views_projects_show_html_erb__72416222_13912'
  Rendered projects/show.html.erb within layouts/application (Duration: 218.0ms | Allocations: 6348)
  Rendered layout layouts/application.html.erb (Duration: 220.0ms | Allocations: 7016)
Completed 200 OK in 1197ms (Views: 40.1ms | ActiveRecord: 196.8ms | Allocations: 9793)


Started GET "/projects/2/code_files/new" for 127.0.0.1 at 2026-03-20 21:50:10 +0500
Processing by CodeFilesController#new as HTML
  Parameters: {"project_id" => "2"}
  [1m[36mUser Load (0.7ms)[0m  [1m[34mSELECT "users".* FROM "users" WHERE "users"."id" = $1 ORDER BY "users"."id" ASC LIMIT $2 /*application:CodeCritic,controller:code_files,action:new*/[0m  [["id", 2], ["LIMIT", 1]]
  ↳ app/controllers/code_files_controller.rb:44:in 'CodeFilesController#set_project'
  [1m[36mProject Load (0.3ms)[0m  [1m[34mSELECT "projects".* FROM "projects" WHERE "projects"."user_id" = $1 AND "projects"."id" = $2 LIMIT $3 /*application:CodeCritic,controller:code_files,action:new*/[0m  [["user_id", 2], ["id", 2], ["LIMIT", 1]]
  ↳ app/controllers/code_files_controller.rb:44:in 'CodeFilesController#set_project'
  Rendering layout layouts/application.html.erb
  Rendering code_files/new.html.erb within layouts/application
  Rendered shared/_navbar.html.erb (Duration: 0.8ms | Allocations: 370)
  Rendered shared/_flash.html.erb (Duration: 0.1ms | Allocations: 22)
  Rendered code_files/new.html.erb within layouts/application (Duration: 26.7ms | Allocations: 2691)
  Rendered layout layouts/application.html.erb (Duration: 28.5ms | Allocations: 3400)
Completed 200 OK in 1045ms (Views: 37.6ms | ActiveRecord: 15.6ms | Allocations: 8894)


Started GET "/projects/2/code_files/new" for 127.0.0.1 at 2026-03-20 21:50:12 +0500
Processing by CodeFilesController#new as HTML
  Parameters: {"project_id" => "2"}
  [1m[36mUser Load (0.4ms)[0m  [1m[34mSELECT "users".* FROM "users" WHERE "users"."id" = $1 ORDER BY "users"."id" ASC LIMIT $2 /*application:CodeCritic,controller:code_files,action:new*/[0m  [["id", 2], ["LIMIT", 1]]
  ↳ app/controllers/code_files_controller.rb:44:in 'CodeFilesController#set_project'
  [1m[36mProject Load (0.4ms)[0m  [1m[34mSELECT "projects".* FROM "projects" WHERE "projects"."user_id" = $1 AND "projects"."id" = $2 LIMIT $3 /*application:CodeCritic,controller:code_files,action:new*/[0m  [["user_id", 2], ["id", 2], ["LIMIT", 1]]
  ↳ app/controllers/code_files_controller.rb:44:in 'CodeFilesController#set_project'
  Rendering layout layouts/application.html.erb
  Rendering code_files/new.html.erb within layouts/application
  Rendered shared/_navbar.html.erb (Duration: 0.5ms | Allocations: 313)
  Rendered shared/_flash.html.erb (Duration: 0.1ms | Allocations: 19)
  Rendered code_files/new.html.erb within layouts/application (Duration: 3.6ms | Allocations: 1716)
  Rendered layout layouts/application.html.erb (Duration: 5.5ms | Allocations: 2383)
Completed 200 OK in 1016ms (Views: 7.2ms | ActiveRecord: 0.8ms | Allocations: 4911)


Started GET "/projects/2" for 127.0.0.1 at 2026-03-20 21:51:10 +0500
Processing by ProjectsController#show as HTML
  Parameters: {"id" => "2"}
  [1m[36mUser Load (0.3ms)[0m  [1m[34mSELECT "users".* FROM "users" WHERE "users"."id" = $1 ORDER BY "users"."id" ASC LIMIT $2 /*application:CodeCritic,controller:projects,action:show*/[0m  [["id", 2], ["LIMIT", 1]]
  ↳ app/controllers/projects_controller.rb:47:in 'ProjectsController#set_project'
  [1m[36mProject Load (0.4ms)[0m  [1m[34mSELECT "projects".* FROM "projects" WHERE "projects"."user_id" = $1 AND "projects"."id" = $2 LIMIT $3 /*application:CodeCritic,controller:projects,action:show*/[0m  [["user_id", 2], ["id", 2], ["LIMIT", 1]]
  ↳ app/controllers/projects_controller.rb:47:in 'ProjectsController#set_project'
  Rendering layout layouts/application.html.erb
  Rendering projects/show.html.erb within layouts/application
  Rendered shared/_navbar.html.erb (Duration: 0.6ms | Allocations: 313)
  Rendered shared/_flash.html.erb (Duration: 0.1ms | Allocations: 19)
  [1m[36mCodeFile Count (0.5ms)[0m  [1m[34mSELECT COUNT(*) FROM "code_files" WHERE "code_files"."project_id" = $1 /*application:CodeCritic,controller:projects,action:show*/[0m  [["project_id", 2]]
  ↳ app/views/projects/show.html.erb:39:in '_app_views_projects_show_html_erb__72416222_13912'
  [1m[36mCACHE CodeFile Count (0.0ms)[0m  [1m[34mSELECT COUNT(*) FROM "code_files" WHERE "code_files"."project_id" = $1[0m  [["project_id", 2]]
  ↳ app/views/projects/show.html.erb:64:in '_app_views_projects_show_html_erb__72416222_13912'
  [1m[36mCodeFile Exists? (0.8ms)[0m  [1m[34mSELECT 1 AS one FROM "code_files" WHERE "code_files"."project_id" = $1 LIMIT $2 /*application:CodeCritic,controller:projects,action:show*/[0m  [["project_id", 2], ["LIMIT", 1]]
  ↳ app/views/projects/show.html.erb:67:in '_app_views_projects_show_html_erb__72416222_13912'
  Rendered projects/show.html.erb within layouts/application (Duration: 15.7ms | Allocations: 3081)
  Rendered layout layouts/application.html.erb (Duration: 17.4ms | Allocations: 3755)
Completed 200 OK in 1523ms (Views: 17.4ms | ActiveRecord: 2.0ms | Allocations: 7984)


Started POST "/projects/2/code_files" for 127.0.0.1 at 2026-03-20 21:51:12 +0500
Processing by CodeFilesController#create as TURBO_STREAM
  Parameters: {"authenticity_token" => "[FILTERED]", "code_file" => {"language" => "cpp", "content" => "#include<iostream>\r\nusing namespace std;\r\nint main(){\r\ncout << \"Hello\";\r\nreturn 0;\r\n}"}, "commit" => "Add File", "project_id" => "2"}
  [1m[36mUser Load (0.8ms)[0m  [1m[34mSELECT "users".* FROM "users" WHERE "users"."id" = $1 ORDER BY "users"."id" ASC LIMIT $2 /*application:CodeCritic,controller:code_files,action:create*/[0m  [["id", 2], ["LIMIT", 1]]
  ↳ app/controllers/code_files_controller.rb:44:in 'CodeFilesController#set_project'
  [1m[36mProject Load (0.3ms)[0m  [1m[34mSELECT "projects".* FROM "projects" WHERE "projects"."user_id" = $1 AND "projects"."id" = $2 LIMIT $3 /*application:CodeCritic,controller:code_files,action:create*/[0m  [["user_id", 2], ["id", 2], ["LIMIT", 1]]
  ↳ app/controllers/code_files_controller.rb:44:in 'CodeFilesController#set_project'
  [1m[36mTRANSACTION (0.2ms)[0m  [1m[35mBEGIN /*application:CodeCritic,controller:code_files,action:create*/[0m
  ↳ app/models/code_file.rb:21:in 'CodeFile#acceptable_file'
  [1m[36mCodeFile Create (2.2ms)[0m  [1m[32mINSERT INTO "code_files" ("content", "language", "project_id", "created_at", "updated_at") VALUES ($1, $2, $3, $4, $5) RETURNING "id" /*application:CodeCritic,controller:code_files,action:create*/[0m  [["content", "#include<iostream>\r\nusing namespace std;\r\nint main(){\r\ncout << \"Hello\";\r\nreturn 0;\r\n}"], ["language", "cpp"], ["project_id", 2], ["created_at", "2026-03-20 16:51:13.464744"], ["updated_at", "2026-03-20 16:51:13.464744"]]
  ↳ app/controllers/code_files_controller.rb:18:in 'CodeFilesController#create'
  [1m[36mTRANSACTION (0.5ms)[0m  [1m[35mCOMMIT /*application:CodeCritic,controller:code_files,action:create*/[0m
  ↳ app/controllers/code_files_controller.rb:18:in 'CodeFilesController#create'
Redirected to 
Completed 500 Internal Server Error in 1003ms (ActiveRecord: 6.9ms | Allocations: 7582)


  
NoMethodError (undefined method 'project_code_file_url' for an instance of CodeFilesController):
  
app/controllers/code_files_controller.rb:19:in 'CodeFilesController#create'
Started GET "/" for 127.0.0.1 at 2026-03-21 15:41:57 +0500
  [1m[36mActiveRecord::SchemaMigration Pluck (7.1ms)[0m  [1m[34mSELECT "schema_migrations"."version" FROM "schema_migrations" ORDER BY "schema_migrations"."version" ASC /*application:CodeCritic*/[0m
Processing by Rails::WelcomeController#index as HTML
  Rendering C:/Ruby34-x64/lib/ruby/gems/3.4.0/gems/railties-7.0.10/lib/rails/templates/rails/welcome/index.html.erb
  Rendered C:/Ruby34-x64/lib/ruby/gems/3.4.0/gems/railties-7.0.10/lib/rails/templates/rails/welcome/index.html.erb (Duration: 8.3ms | Allocations: 384)
Completed 200 OK in 2253ms (Views: 27.8ms | ActiveRecord: 0.0ms | Allocations: 4832)


Started GET "/projects" for 127.0.0.1 at 2026-03-21 15:42:09 +0500
Processing by ProjectsController#index as HTML
  [1m[36mUser Load (5.0ms)[0m  [1m[34mSELECT "users".* FROM "users" WHERE "users"."id" = $1 ORDER BY "users"."id" ASC LIMIT $2 /*application:CodeCritic,controller:projects,action:index*/[0m  [["id", 1], ["LIMIT", 1]]
  ↳ app/controllers/projects_controller.rb:6:in 'ProjectsController#index'
  [1m[36mProject Load (3.1ms)[0m  [1m[34mSELECT "projects".* FROM "projects" WHERE "projects"."user_id" = $1 /*application:CodeCritic,controller:projects,action:index*/[0m  [["user_id", 1]]
  ↳ app/controllers/projects_controller.rb:7:in 'block in ProjectsController#index'
  Rendering layout layouts/application.html.erb
  Rendering projects/index.html.erb within layouts/application
  Rendered shared/_navbar.html.erb (Duration: 11.5ms | Allocations: 720)
  Rendered shared/_flash.html.erb (Duration: 1.8ms | Allocations: 163)
  [1m[36mCodeFile Count (6.9ms)[0m  [1m[34mSELECT COUNT(*) FROM "code_files" WHERE "code_files"."project_id" = $1 /*application:CodeCritic,controller:projects,action:index*/[0m  [["project_id", 1]]
  ↳ app/views/projects/index.html.erb:49:in 'block in _app_views_projects_index_html_erb__211318716_12400'
  Rendered projects/index.html.erb within layouts/application (Duration: 54.9ms | Allocations: 5117)
  Rendered layout layouts/application.html.erb (Duration: 134.2ms | Allocations: 13517)
Completed 200 OK in 2512ms (Views: 159.5ms | ActiveRecord: 49.3ms | Allocations: 31294)


Started GET "/favicon.ico" for 127.0.0.1 at 2026-03-21 15:42:14 +0500
  
ActionController::RoutingError (No route matches [GET] "/favicon.ico"):
  
Started GET "/projects/1" for 127.0.0.1 at 2026-03-21 15:42:19 +0500
Processing by ProjectsController#show as HTML
  Parameters: {"id" => "1"}
  [1m[36mUser Load (0.5ms)[0m  [1m[34mSELECT "users".* FROM "users" WHERE "users"."id" = $1 ORDER BY "users"."id" ASC LIMIT $2 /*application:CodeCritic,controller:projects,action:show*/[0m  [["id", 1], ["LIMIT", 1]]
  ↳ app/controllers/projects_controller.rb:47:in 'ProjectsController#set_project'
  [1m[36mProject Load (0.3ms)[0m  [1m[34mSELECT "projects".* FROM "projects" WHERE "projects"."user_id" = $1 AND "projects"."id" = $2 LIMIT $3 /*application:CodeCritic,controller:projects,action:show*/[0m  [["user_id", 1], ["id", 1], ["LIMIT", 1]]
  ↳ app/controllers/projects_controller.rb:47:in 'ProjectsController#set_project'
  Rendering layout layouts/application.html.erb
  Rendering projects/show.html.erb within layouts/application
  Rendered shared/_navbar.html.erb (Duration: 1.2ms | Allocations: 313)
  Rendered shared/_flash.html.erb (Duration: 0.1ms | Allocations: 19)
  [1m[36mCodeFile Count (0.7ms)[0m  [1m[34mSELECT COUNT(*) FROM "code_files" WHERE "code_files"."project_id" = $1 /*application:CodeCritic,controller:projects,action:show*/[0m  [["project_id", 1]]
  ↳ app/views/projects/show.html.erb:39:in '_app_views_projects_show_html_erb___153030609_12680'
  [1m[36mCACHE CodeFile Count (0.1ms)[0m  [1m[34mSELECT COUNT(*) FROM "code_files" WHERE "code_files"."project_id" = $1[0m  [["project_id", 1]]
  ↳ app/views/projects/show.html.erb:64:in '_app_views_projects_show_html_erb___153030609_12680'
  [1m[36mCodeFile Exists? (0.9ms)[0m  [1m[34mSELECT 1 AS one FROM "code_files" WHERE "code_files"."project_id" = $1 LIMIT $2 /*application:CodeCritic,controller:projects,action:show*/[0m  [["project_id", 1], ["LIMIT", 1]]
  ↳ app/views/projects/show.html.erb:67:in '_app_views_projects_show_html_erb___153030609_12680'
  [1m[36mCodeFile Load (2.4ms)[0m  [1m[34mSELECT "code_files".* FROM "code_files" WHERE "code_files"."project_id" = $1 ORDER BY "code_files"."created_at" DESC /*application:CodeCritic,controller:projects,action:show*/[0m  [["project_id", 1]]
  ↳ app/views/projects/show.html.erb:80:in '_app_views_projects_show_html_erb___153030609_12680'
  Rendered projects/show.html.erb within layouts/application (Duration: 81.7ms | Allocations: 8253)
  Rendered layout layouts/application.html.erb (Duration: 83.8ms | Allocations: 8334)
Completed 500 Internal Server Error in 2430ms (ActiveRecord: 9.0ms | Allocations: 10949)


  
ActionView::Template::Error (undefined method 'title' for an instance of CodeFile):
    86:                         <path stroke-linecap="round" stroke-linejoin="round" stroke-width="1.5" d="M10 20l4-16m4 4l4 4-4 4M6 16l-4-4 4-4"/>
    87:                       </svg>
    88:                     </div>
    89:                     <span class="text-white text-sm font-medium"><%= code_file.title %></span>
    90:                   </div>
    91:                 </td>
    92:                 <td class="px-5 py-4 hidden sm:table-cell">
  
app/views/projects/show.html.erb:89:in 'block in _app_views_projects_show_html_erb___153030609_12680'
app/views/projects/show.html.erb:80:in '_app_views_projects_show_html_erb___153030609_12680'
Started GET "/projects" for 127.0.0.1 at 2026-03-21 15:42:33 +0500
Processing by ProjectsController#index as HTML
  [1m[36mUser Load (0.8ms)[0m  [1m[34mSELECT "users".* FROM "users" WHERE "users"."id" = $1 ORDER BY "users"."id" ASC LIMIT $2 /*application:CodeCritic,controller:projects,action:index*/[0m  [["id", 1], ["LIMIT", 1]]
  ↳ app/controllers/projects_controller.rb:6:in 'ProjectsController#index'
  Rendering layout layouts/application.html.erb
  Rendering projects/index.html.erb within layouts/application
  Rendered shared/_navbar.html.erb (Duration: 1.7ms | Allocations: 313)
  Rendered shared/_flash.html.erb (Duration: 0.2ms | Allocations: 19)
  [1m[36mCodeFile Count (0.9ms)[0m  [1m[34mSELECT COUNT(*) FROM "code_files" WHERE "code_files"."project_id" = $1 /*application:CodeCritic,controller:projects,action:index*/[0m  [["project_id", 1]]
  ↳ app/views/projects/index.html.erb:49:in 'block in _app_views_projects_index_html_erb__211318716_12400'
  Rendered projects/index.html.erb within layouts/application (Duration: 16.5ms | Allocations: 1440)
  Rendered layout layouts/application.html.erb (Duration: 20.1ms | Allocations: 2107)
Completed 200 OK in 2235ms (Views: 31.3ms | ActiveRecord: 1.7ms | Allocations: 4081)


Started GET "/projects/1" for 127.0.0.1 at 2026-03-21 15:43:03 +0500
Processing by ProjectsController#show as HTML
  Parameters: {"id" => "1"}
  [1m[36mUser Load (0.4ms)[0m  [1m[34mSELECT "users".* FROM "users" WHERE "users"."id" = $1 ORDER BY "users"."id" ASC LIMIT $2 /*application:CodeCritic,controller:projects,action:show*/[0m  [["id", 1], ["LIMIT", 1]]
  ↳ app/controllers/projects_controller.rb:47:in 'ProjectsController#set_project'
  [1m[36mProject Load (0.5ms)[0m  [1m[34mSELECT "projects".* FROM "projects" WHERE "projects"."user_id" = $1 AND "projects"."id" = $2 LIMIT $3 /*application:CodeCritic,controller:projects,action:show*/[0m  [["user_id", 1], ["id", 1], ["LIMIT", 1]]
  ↳ app/controllers/projects_controller.rb:47:in 'ProjectsController#set_project'
  Rendering layout layouts/application.html.erb
  Rendering projects/show.html.erb within layouts/application
  Rendered shared/_navbar.html.erb (Duration: 0.8ms | Allocations: 313)
  Rendered shared/_flash.html.erb (Duration: 0.1ms | Allocations: 19)
  [1m[36mCodeFile Count (0.8ms)[0m  [1m[34mSELECT COUNT(*) FROM "code_files" WHERE "code_files"."project_id" = $1 /*application:CodeCritic,controller:projects,action:show*/[0m  [["project_id", 1]]
  ↳ app/views/projects/show.html.erb:39:in '_app_views_projects_show_html_erb___153030609_12680'
  [1m[36mCACHE CodeFile Count (0.0ms)[0m  [1m[34mSELECT COUNT(*) FROM "code_files" WHERE "code_files"."project_id" = $1[0m  [["project_id", 1]]
  ↳ app/views/projects/show.html.erb:64:in '_app_views_projects_show_html_erb___153030609_12680'
  [1m[36mCodeFile Exists? (0.6ms)[0m  [1m[34mSELECT 1 AS one FROM "code_files" WHERE "code_files"."project_id" = $1 LIMIT $2 /*application:CodeCritic,controller:projects,action:show*/[0m  [["project_id", 1], ["LIMIT", 1]]
  ↳ app/views/projects/show.html.erb:67:in '_app_views_projects_show_html_erb___153030609_12680'
  [1m[36mCodeFile Load (0.7ms)[0m  [1m[34mSELECT "code_files".* FROM "code_files" WHERE "code_files"."project_id" = $1 ORDER BY "code_files"."created_at" DESC /*application:CodeCritic,controller:projects,action:show*/[0m  [["project_id", 1]]
  ↳ app/views/projects/show.html.erb:80:in '_app_views_projects_show_html_erb___153030609_12680'
  Rendered projects/show.html.erb within layouts/application (Duration: 34.0ms | Allocations: 5013)
  Rendered layout layouts/application.html.erb (Duration: 35.1ms | Allocations: 5094)
Completed 500 Internal Server Error in 2170ms (ActiveRecord: 3.0ms | Allocations: 7535)


  
ActionView::Template::Error (undefined method 'title' for an instance of CodeFile):
    86:                         <path stroke-linecap="round" stroke-linejoin="round" stroke-width="1.5" d="M10 20l4-16m4 4l4 4-4 4M6 16l-4-4 4-4"/>
    87:                       </svg>
    88:                     </div>
    89:                     <span class="text-white text-sm font-medium"><%= code_file.title %></span>
    90:                   </div>
    91:                 </td>
    92:                 <td class="px-5 py-4 hidden sm:table-cell">
  
app/views/projects/show.html.erb:89:in 'block in _app_views_projects_show_html_erb___153030609_12680'
app/views/projects/show.html.erb:80:in '_app_views_projects_show_html_erb___153030609_12680'
Started GET "/projects/1" for 127.0.0.1 at 2026-03-21 15:43:09 +0500
Processing by ProjectsController#show as HTML
  Parameters: {"id" => "1"}
  [1m[36mUser Load (0.4ms)[0m  [1m[34mSELECT "users".* FROM "users" WHERE "users"."id" = $1 ORDER BY "users"."id" ASC LIMIT $2 /*application:CodeCritic,controller:projects,action:show*/[0m  [["id", 1], ["LIMIT", 1]]
  ↳ app/controllers/projects_controller.rb:47:in 'ProjectsController#set_project'
  [1m[36mProject Load (0.5ms)[0m  [1m[34mSELECT "projects".* FROM "projects" WHERE "projects"."user_id" = $1 AND "projects"."id" = $2 LIMIT $3 /*application:CodeCritic,controller:projects,action:show*/[0m  [["user_id", 1], ["id", 1], ["LIMIT", 1]]
  ↳ app/controllers/projects_controller.rb:47:in 'ProjectsController#set_project'
  Rendering layout layouts/application.html.erb
  Rendering projects/show.html.erb within layouts/application
  Rendered shared/_navbar.html.erb (Duration: 0.9ms | Allocations: 313)
  Rendered shared/_flash.html.erb (Duration: 0.1ms | Allocations: 19)
  [1m[36mCodeFile Count (0.7ms)[0m  [1m[34mSELECT COUNT(*) FROM "code_files" WHERE "code_files"."project_id" = $1 /*application:CodeCritic,controller:projects,action:show*/[0m  [["project_id", 1]]
  ↳ app/views/projects/show.html.erb:39:in '_app_views_projects_show_html_erb___153030609_12680'
  [1m[36mCACHE CodeFile Count (0.0ms)[0m  [1m[34mSELECT COUNT(*) FROM "code_files" WHERE "code_files"."project_id" = $1[0m  [["project_id", 1]]
  ↳ app/views/projects/show.html.erb:64:in '_app_views_projects_show_html_erb___153030609_12680'
  [1m[36mCodeFile Exists? (0.5ms)[0m  [1m[34mSELECT 1 AS one FROM "code_files" WHERE "code_files"."project_id" = $1 LIMIT $2 /*application:CodeCritic,controller:projects,action:show*/[0m  [["project_id", 1], ["LIMIT", 1]]
  ↳ app/views/projects/show.html.erb:67:in '_app_views_projects_show_html_erb___153030609_12680'
  [1m[36mCodeFile Load (0.6ms)[0m  [1m[34mSELECT "code_files".* FROM "code_files" WHERE "code_files"."project_id" = $1 ORDER BY "code_files"."created_at" DESC /*application:CodeCritic,controller:projects,action:show*/[0m  [["project_id", 1]]
  ↳ app/views/projects/show.html.erb:80:in '_app_views_projects_show_html_erb___153030609_12680'
  Rendered projects/show.html.erb within layouts/application (Duration: 35.3ms | Allocations: 5010)
  Rendered layout layouts/application.html.erb (Duration: 37.6ms | Allocations: 5091)
Completed 500 Internal Server Error in 2216ms (ActiveRecord: 2.7ms | Allocations: 7520)


  
ActionView::Template::Error (undefined method 'title' for an instance of CodeFile):
    86:                         <path stroke-linecap="round" stroke-linejoin="round" stroke-width="1.5" d="M10 20l4-16m4 4l4 4-4 4M6 16l-4-4 4-4"/>
    87:                       </svg>
    88:                     </div>
    89:                     <span class="text-white text-sm font-medium"><%= code_file.title %></span>
    90:                   </div>
    91:                 </td>
    92:                 <td class="px-5 py-4 hidden sm:table-cell">
  
app/views/projects/show.html.erb:89:in 'block in _app_views_projects_show_html_erb___153030609_12680'
app/views/projects/show.html.erb:80:in '_app_views_projects_show_html_erb___153030609_12680'
Started GET "/projects" for 127.0.0.1 at 2026-03-21 15:44:54 +0500
Processing by ProjectsController#index as HTML
  [1m[36mUser Load (0.6ms)[0m  [1m[34mSELECT "users".* FROM "users" WHERE "users"."id" = $1 ORDER BY "users"."id" ASC LIMIT $2 /*application:CodeCritic,controller:projects,action:index*/[0m  [["id", 1], ["LIMIT", 1]]
  ↳ app/controllers/projects_controller.rb:6:in 'ProjectsController#index'
  Rendering layout layouts/application.html.erb
  Rendering projects/index.html.erb within layouts/application
  Rendered shared/_navbar.html.erb (Duration: 1.8ms | Allocations: 313)
  Rendered shared/_flash.html.erb (Duration: 0.2ms | Allocations: 19)
  [1m[36mCodeFile Count (0.8ms)[0m  [1m[34mSELECT COUNT(*) FROM "code_files" WHERE "code_files"."project_id" = $1 /*application:CodeCritic,controller:projects,action:index*/[0m  [["project_id", 1]]
  ↳ app/views/projects/index.html.erb:49:in 'block in _app_views_projects_index_html_erb__211318716_12400'
  Rendered projects/index.html.erb within layouts/application (Duration: 10.8ms | Allocations: 1440)
  Rendered layout layouts/application.html.erb (Duration: 17.8ms | Allocations: 2107)
Completed 200 OK in 1998ms (Views: 19.5ms | ActiveRecord: 1.3ms | Allocations: 4065)


Started GET "/projects/new" for 127.0.0.1 at 2026-03-21 15:45:00 +0500
Processing by ProjectsController#new as HTML
  Rendering layout layouts/application.html.erb
  Rendering projects/new.html.erb within layouts/application
  [1m[36mUser Load (0.5ms)[0m  [1m[34mSELECT "users".* FROM "users" WHERE "users"."id" = $1 ORDER BY "users"."id" ASC LIMIT $2 /*application:CodeCritic,controller:projects,action:new*/[0m  [["id", 1], ["LIMIT", 1]]
  ↳ app/views/shared/_navbar.html.erb:24:in '_app_views_shared__navbar_html_erb___71530611_12408'
  Rendered shared/_navbar.html.erb (Duration: 17.3ms | Allocations: 1591)
  Rendered shared/_flash.html.erb (Duration: 0.2ms | Allocations: 19)
  Rendered projects/new.html.erb within layouts/application (Duration: 484.0ms | Allocations: 13470)
  Rendered layout layouts/application.html.erb (Duration: 489.2ms | Allocations: 14137)
Completed 200 OK in 2875ms (Views: 491.2ms | ActiveRecord: 0.5ms | Allocations: 14588)


Started POST "/projects" for 127.0.0.1 at 2026-03-21 15:45:27 +0500
Processing by ProjectsController#create as TURBO_STREAM
  Parameters: {"authenticity_token" => "[FILTERED]", "project" => {"name" => "Connect Sphere", "description" => "Schema like insta"}, "commit" => "Create Project"}
  [1m[36mUser Load (0.4ms)[0m  [1m[34mSELECT "users".* FROM "users" WHERE "users"."id" = $1 ORDER BY "users"."id" ASC LIMIT $2 /*application:CodeCritic,controller:projects,action:create*/[0m  [["id", 1], ["LIMIT", 1]]
  ↳ app/controllers/projects_controller.rb:19:in 'ProjectsController#create'
  [1m[36mTRANSACTION (3.6ms)[0m  [1m[35mBEGIN /*application:CodeCritic,controller:projects,action:create*/[0m
  ↳ app/controllers/projects_controller.rb:21:in 'ProjectsController#create'
  [1m[36mProject Create (15.6ms)[0m  [1m[32mINSERT INTO "projects" ("name", "description", "user_id", "created_at", "updated_at") VALUES ($1, $2, $3, $4, $5) RETURNING "id" /*application:CodeCritic,controller:projects,action:create*/[0m  [["name", "Connect Sphere"], ["description", "Schema like insta"], ["user_id", 1], ["created_at", "2026-03-21 10:45:29.476908"], ["updated_at", "2026-03-21 10:45:29.476908"]]
  ↳ app/controllers/projects_controller.rb:21:in 'ProjectsController#create'
  [1m[36mTRANSACTION (1.6ms)[0m  [1m[35mCOMMIT /*application:CodeCritic,controller:projects,action:create*/[0m
  ↳ app/controllers/projects_controller.rb:21:in 'ProjectsController#create'
Redirected to http://127.0.0.1:3000/projects/3
Completed 302 Found in 2185ms (ActiveRecord: 21.2ms | Allocations: 5481)


Started GET "/projects/3" for 127.0.0.1 at 2026-03-21 15:45:32 +0500
Processing by ProjectsController#show as TURBO_STREAM
  Parameters: {"id" => "3"}
  [1m[36mUser Load (0.6ms)[0m  [1m[34mSELECT "users".* FROM "users" WHERE "users"."id" = $1 ORDER BY "users"."id" ASC LIMIT $2 /*application:CodeCritic,controller:projects,action:show*/[0m  [["id", 1], ["LIMIT", 1]]
  ↳ app/controllers/projects_controller.rb:47:in 'ProjectsController#set_project'
  [1m[36mProject Load (0.6ms)[0m  [1m[34mSELECT "projects".* FROM "projects" WHERE "projects"."user_id" = $1 AND "projects"."id" = $2 LIMIT $3 /*application:CodeCritic,controller:projects,action:show*/[0m  [["user_id", 1], ["id", 3], ["LIMIT", 1]]
  ↳ app/controllers/projects_controller.rb:47:in 'ProjectsController#set_project'
  Rendering layout layouts/application.html.erb
  Rendering projects/show.html.erb within layouts/application
  Rendered shared/_navbar.html.erb (Duration: 1.3ms | Allocations: 313)
  Rendered shared/_flash.html.erb (Duration: 0.2ms | Allocations: 24)
  [1m[36mCodeFile Count (0.7ms)[0m  [1m[34mSELECT COUNT(*) FROM "code_files" WHERE "code_files"."project_id" = $1 /*application:CodeCritic,controller:projects,action:show*/[0m  [["project_id", 3]]
  ↳ app/views/projects/show.html.erb:39:in '_app_views_projects_show_html_erb___153030609_12680'
  [1m[36mCACHE CodeFile Count (0.0ms)[0m  [1m[34mSELECT COUNT(*) FROM "code_files" WHERE "code_files"."project_id" = $1[0m  [["project_id", 3]]
  ↳ app/views/projects/show.html.erb:64:in '_app_views_projects_show_html_erb___153030609_12680'
  [1m[36mCodeFile Exists? (0.7ms)[0m  [1m[34mSELECT 1 AS one FROM "code_files" WHERE "code_files"."project_id" = $1 LIMIT $2 /*application:CodeCritic,controller:projects,action:show*/[0m  [["project_id", 3], ["LIMIT", 1]]
  ↳ app/views/projects/show.html.erb:67:in '_app_views_projects_show_html_erb___153030609_12680'
  Rendered projects/show.html.erb within layouts/application (Duration: 36.8ms | Allocations: 3085)
  Rendered layout layouts/application.html.erb (Duration: 47.2ms | Allocations: 3753)
Completed 200 OK in 2209ms (Views: 49.3ms | ActiveRecord: 2.6ms | Allocations: 6276)


Started GET "/projects/3/code_files/new" for 127.0.0.1 at 2026-03-21 15:45:43 +0500
Processing by CodeFilesController#new as HTML
  Parameters: {"project_id" => "3"}
  [1m[36mUser Load (0.4ms)[0m  [1m[34mSELECT "users".* FROM "users" WHERE "users"."id" = $1 ORDER BY "users"."id" ASC LIMIT $2 /*application:CodeCritic,controller:code_files,action:new*/[0m  [["id", 1], ["LIMIT", 1]]
  ↳ app/controllers/code_files_controller.rb:44:in 'CodeFilesController#set_project'
  [1m[36mProject Load (0.7ms)[0m  [1m[34mSELECT "projects".* FROM "projects" WHERE "projects"."user_id" = $1 AND "projects"."id" = $2 LIMIT $3 /*application:CodeCritic,controller:code_files,action:new*/[0m  [["user_id", 1], ["id", 3], ["LIMIT", 1]]
  ↳ app/controllers/code_files_controller.rb:44:in 'CodeFilesController#set_project'
  Rendering layout layouts/application.html.erb
  Rendering code_files/new.html.erb within layouts/application
  Rendered shared/_navbar.html.erb (Duration: 1.1ms | Allocations: 370)
  Rendered shared/_flash.html.erb (Duration: 0.2ms | Allocations: 22)
  Rendered code_files/new.html.erb within layouts/application (Duration: 45.8ms | Allocations: 2980)
  Rendered layout layouts/application.html.erb (Duration: 49.1ms | Allocations: 3689)
Completed 200 OK in 2248ms (Views: 70.3ms | ActiveRecord: 1.1ms | Allocations: 6799)


Started POST "/projects/3/code_files" for 127.0.0.1 at 2026-03-21 15:46:36 +0500
Processing by CodeFilesController#create as TURBO_STREAM
  Parameters: {"authenticity_token" => "[FILTERED]", "code_file" => {"language" => "cpp", "content" => "#include<iostream>\r\nusing namespace std;\r\nint main(){\r\ncout << \"Hello World\";\r\nreturn 0;\r\n}"}, "commit" => "Add File", "project_id" => "3"}
  [1m[36mUser Load (0.5ms)[0m  [1m[34mSELECT "users".* FROM "users" WHERE "users"."id" = $1 ORDER BY "users"."id" ASC LIMIT $2 /*application:CodeCritic,controller:code_files,action:create*/[0m  [["id", 1], ["LIMIT", 1]]
  ↳ app/controllers/code_files_controller.rb:44:in 'CodeFilesController#set_project'
  [1m[36mProject Load (0.4ms)[0m  [1m[34mSELECT "projects".* FROM "projects" WHERE "projects"."user_id" = $1 AND "projects"."id" = $2 LIMIT $3 /*application:CodeCritic,controller:code_files,action:create*/[0m  [["user_id", 1], ["id", 3], ["LIMIT", 1]]
  ↳ app/controllers/code_files_controller.rb:44:in 'CodeFilesController#set_project'
  [1m[36mTRANSACTION (0.4ms)[0m  [1m[35mBEGIN /*application:CodeCritic,controller:code_files,action:create*/[0m
  ↳ app/models/code_file.rb:21:in 'CodeFile#acceptable_file'
  [1m[36mCodeFile Create (3.3ms)[0m  [1m[32mINSERT INTO "code_files" ("content", "language", "project_id", "created_at", "updated_at") VALUES ($1, $2, $3, $4, $5) RETURNING "id" /*application:CodeCritic,controller:code_files,action:create*/[0m  [["content", "#include<iostream>\r\nusing namespace std;\r\nint main(){\r\ncout << \"Hello World\";\r\nreturn 0;\r\n}"], ["language", "cpp"], ["project_id", 3], ["created_at", "2026-03-21 10:46:38.571071"], ["updated_at", "2026-03-21 10:46:38.571071"]]
  ↳ app/controllers/code_files_controller.rb:18:in 'CodeFilesController#create'
  [1m[36mTRANSACTION (1.1ms)[0m  [1m[35mCOMMIT /*application:CodeCritic,controller:code_files,action:create*/[0m
  ↳ app/controllers/code_files_controller.rb:18:in 'CodeFilesController#create'
Redirected to 
Completed 500 Internal Server Error in 2102ms (ActiveRecord: 9.8ms | Allocations: 7603)


  
NoMethodError (undefined method 'project_code_file_url' for an instance of CodeFilesController):
  
app/controllers/code_files_controller.rb:19:in 'CodeFilesController#create'
Started GET "/projects/3/code_files/new" for 127.0.0.1 at 2026-03-21 15:50:10 +0500
Processing by CodeFilesController#new as HTML
  Parameters: {"project_id" => "3"}
  [1m[36mUser Load (0.5ms)[0m  [1m[34mSELECT "users".* FROM "users" WHERE "users"."id" = $1 ORDER BY "users"."id" ASC LIMIT $2 /*application:CodeCritic,controller:code_files,action:new*/[0m  [["id", 1], ["LIMIT", 1]]
  ↳ app/controllers/code_files_controller.rb:44:in 'CodeFilesController#set_project'
  [1m[36mProject Load (0.5ms)[0m  [1m[34mSELECT "projects".* FROM "projects" WHERE "projects"."user_id" = $1 AND "projects"."id" = $2 LIMIT $3 /*application:CodeCritic,controller:code_files,action:new*/[0m  [["user_id", 1], ["id", 3], ["LIMIT", 1]]
  ↳ app/controllers/code_files_controller.rb:44:in 'CodeFilesController#set_project'
  Rendering layout layouts/application.html.erb
  Rendering code_files/new.html.erb within layouts/application
  Rendered shared/_navbar.html.erb (Duration: 1.7ms | Allocations: 378)
  Rendered shared/_flash.html.erb (Duration: 0.4ms | Allocations: 22)
  Rendered code_files/new.html.erb within layouts/application (Duration: 13.9ms | Allocations: 1875)
  Rendered layout layouts/application.html.erb (Duration: 35.4ms | Allocations: 4192)
Completed 200 OK in 2448ms (Views: 39.0ms | ActiveRecord: 17.4ms | Allocations: 17223)


Started POST "/projects/3/code_files" for 127.0.0.1 at 2026-03-21 15:50:37 +0500
Processing by CodeFilesController#create as TURBO_STREAM
  Parameters: {"authenticity_token" => "[FILTERED]", "code_file" => {"language" => "ruby", "content" => "Rails.application.routes.draw do\r\n  devise_for :users\r\n\r\n  resources :projects do\r\n    resources :code_files, shallow: true do\r\n      resource :review, shallow: true do\r\n        resources :comments, only: [:create], shallow: true\r\n      end\r\n    end\r\n  end\r\n\r\n  get \"up\" => \"rails/health#show\", as: :rails_health_check\r\nend"}, "commit" => "Add File", "project_id" => "3"}
  [1m[36mUser Load (0.4ms)[0m  [1m[34mSELECT "users".* FROM "users" WHERE "users"."id" = $1 ORDER BY "users"."id" ASC LIMIT $2 /*application:CodeCritic,controller:code_files,action:create*/[0m  [["id", 1], ["LIMIT", 1]]
  ↳ app/controllers/code_files_controller.rb:44:in 'CodeFilesController#set_project'
  [1m[36mProject Load (0.4ms)[0m  [1m[34mSELECT "projects".* FROM "projects" WHERE "projects"."user_id" = $1 AND "projects"."id" = $2 LIMIT $3 /*application:CodeCritic,controller:code_files,action:create*/[0m  [["user_id", 1], ["id", 3], ["LIMIT", 1]]
  ↳ app/controllers/code_files_controller.rb:44:in 'CodeFilesController#set_project'
  [1m[36mTRANSACTION (0.3ms)[0m  [1m[35mBEGIN /*application:CodeCritic,controller:code_files,action:create*/[0m
  ↳ app/models/code_file.rb:21:in 'CodeFile#acceptable_file'
  [1m[36mCodeFile Create (2.5ms)[0m  [1m[32mINSERT INTO "code_files" ("content", "language", "project_id", "created_at", "updated_at") VALUES ($1, $2, $3, $4, $5) RETURNING "id" /*application:CodeCritic,controller:code_files,action:create*/[0m  [["content", "Rails.application.routes.draw do\r\n  devise_for :users\r\n\r\n  resources :projects do\r\n    resources :code_files, shallow: true do\r\n      resource :review, shallow: true do\r\n        resources :comments, only: [:create], shallow: true\r\n      end\r\n    end\r\n  end\r\n\r\n  get \"up\" => \"rails/health#show\", as: :rails_health_check\r\nend"], ["language", "ruby"], ["project_id", 3], ["created_at", "2026-03-21 10:50:38.363954"], ["updated_at", "2026-03-21 10:50:38.363954"]]
  ↳ app/controllers/code_files_controller.rb:18:in 'CodeFilesController#create'
  [1m[36mTRANSACTION (0.5ms)[0m  [1m[35mCOMMIT /*application:CodeCritic,controller:code_files,action:create*/[0m
  ↳ app/controllers/code_files_controller.rb:18:in 'CodeFilesController#create'
Redirected to 
Completed 500 Internal Server Error in 1148ms (ActiveRecord: 5.8ms | Allocations: 7379)


  
NoMethodError (undefined method 'project_code_file_url' for an instance of CodeFilesController):
  
app/controllers/code_files_controller.rb:19:in 'CodeFilesController#create'
Started GET "/projects/3/code_files/new" for 127.0.0.1 at 2026-03-21 15:53:11 +0500
Processing by CodeFilesController#new as HTML
  Parameters: {"project_id" => "3"}
  [1m[36mUser Load (0.5ms)[0m  [1m[34mSELECT "users".* FROM "users" WHERE "users"."id" = $1 ORDER BY "users"."id" ASC LIMIT $2 /*application:CodeCritic,controller:code_files,action:new*/[0m  [["id", 1], ["LIMIT", 1]]
  ↳ app/controllers/code_files_controller.rb:44:in 'CodeFilesController#set_project'
  [1m[36mProject Load (0.4ms)[0m  [1m[34mSELECT "projects".* FROM "projects" WHERE "projects"."user_id" = $1 AND "projects"."id" = $2 LIMIT $3 /*application:CodeCritic,controller:code_files,action:new*/[0m  [["user_id", 1], ["id", 3], ["LIMIT", 1]]
  ↳ app/controllers/code_files_controller.rb:44:in 'CodeFilesController#set_project'
  Rendering layout layouts/application.html.erb
  Rendering code_files/new.html.erb within layouts/application
  Rendered shared/_navbar.html.erb (Duration: 1.5ms | Allocations: 378)
  Rendered shared/_flash.html.erb (Duration: 0.1ms | Allocations: 22)
  Rendered code_files/new.html.erb within layouts/application (Duration: 9.6ms | Allocations: 1875)
  Rendered layout layouts/application.html.erb (Duration: 35.5ms | Allocations: 4190)
Completed 200 OK in 2215ms (Views: 38.3ms | ActiveRecord: 18.3ms | Allocations: 17222)


Started POST "/projects/3/code_files" for 127.0.0.1 at 2026-03-21 15:53:37 +0500
Processing by CodeFilesController#create as TURBO_STREAM
  Parameters: {"authenticity_token" => "[FILTERED]", "code_file" => {"language" => "ruby", "content" => "class CodeFilesController < ApplicationController\r\n  before_action :set_project\r\n  before_action :set_code_file, only: [:show, :edit, :update, :destroy]\r\n\r\n  def index\r\n    @code_files = @project.code_files\r\n  end\r\n\r\n  def show\r\n  end\r\n\r\n  def new\r\n    @code_file = @project.code_files.build\r\n  end\r\n\r\n  def create\r\n    @code_file = @project.code_files.build(code_file_params)\r\n    if @code_file.save\r\n      redirect_to [@project, @code_file], notice: \"Code file created successfully\"\r\n    else\r\n      render :new, status: :unprocessable_entity\r\n    end\r\n  end\r\n\r\n  def edit\r\n  end\r\n\r\n  def update\r\n    if @code_file.update(code_file_params)\r\n      redirect_to code_file_path(@code_file), notice: \"Code file updated successfully\"\r\n    else\r\n      render :edit, status: :unprocessable_entity\r\n    end\r\n  end\r\n\r\n  def destroy\r\n    @code_file.destroy\r\n    redirect_to project_code_files_path(@project), notice: \"Code file deleted\"\r\n  end\r\n\r\n  private\r\n\r\n  def set_project\r\n    @project = current_user.projects.find(params[:project_id])\r\n  end\r\n\r\n  def set_code_file\r\n    @code_file = @project.code_files.find(params[:id])\r\n  end\r\n\r\n  def code_file_params\r\n    params.require(:code_file).permit(:content, :language, :file)\r\n  end\r\nend"}, "commit" => "Add File", "project_id" => "3"}
  [1m[36mUser Load (0.5ms)[0m  [1m[34mSELECT "users".* FROM "users" WHERE "users"."id" = $1 ORDER BY "users"."id" ASC LIMIT $2 /*application:CodeCritic,controller:code_files,action:create*/[0m  [["id", 1], ["LIMIT", 1]]
  ↳ app/controllers/code_files_controller.rb:44:in 'CodeFilesController#set_project'
  [1m[36mProject Load (0.6ms)[0m  [1m[34mSELECT "projects".* FROM "projects" WHERE "projects"."user_id" = $1 AND "projects"."id" = $2 LIMIT $3 /*application:CodeCritic,controller:code_files,action:create*/[0m  [["user_id", 1], ["id", 3], ["LIMIT", 1]]
  ↳ app/controllers/code_files_controller.rb:44:in 'CodeFilesController#set_project'
  [1m[36mTRANSACTION (1.9ms)[0m  [1m[35mBEGIN /*application:CodeCritic,controller:code_files,action:create*/[0m
  ↳ app/models/code_file.rb:21:in 'CodeFile#acceptable_file'
  [1m[36mCodeFile Create (0.5ms)[0m  [1m[32mINSERT INTO "code_files" ("content", "language", "project_id", "created_at", "updated_at") VALUES ($1, $2, $3, $4, $5) RETURNING "id" /*application:CodeCritic,controller:code_files,action:create*/[0m  [["content", "class CodeFilesController < ApplicationController\r\n  before_action :set_project\r\n  before_action :set_code_file, only: [:show, :edit, :update, :destroy]\r\n\r\n  def index\r\n    @code_files = @project.code_files\r\n  end\r\n\r\n  def show\r\n  end\r\n\r\n  def new\r\n    @code_file = @project.code_files.build\r\n  end\r\n\r\n  def create\r\n    @code_file = @project.code_files.build(code_file_params)\r\n    if @code_file.save\r\n      redirect_to [@project, @code_file], notice: \"Code file created successfully\"\r\n    else\r\n      render :new, status: :unprocessable_entity\r\n    end\r\n  end\r\n\r\n  def edit\r\n  end\r\n\r\n  def update\r\n    if @code_file.update(code_file_params)\r\n      redirect_to code_file_path(@code_file), notice: \"Code file updated successfully\"\r\n    else\r\n      render :edit, status: :unprocessable_entity\r\n    end\r\n  end\r\n\r\n  def destroy\r\n    @code_file.destroy\r\n    redirect_to project_code_files_path(@project), notice: \"Code file deleted\"\r\n  end\r\n\r\n  private\r\n\r\n  def set_project\r\n    @project = current_user.projects.find(params[:project_id])\r\n  end\r\n\r\n  def set_code_file\r\n    @code_file = @project.code_files.find(params[:id])\r\n  end\r\n\r\n  def code_file_params\r\n    params.require(:code_file).permit(:content, :language, :file)\r\n  end\r\nend"], ["language", "ruby"], ["project_id", 3], ["created_at", "2026-03-21 10:53:40.168198"], ["updated_at", "2026-03-21 10:53:40.168198"]]
  ↳ app/controllers/code_files_controller.rb:18:in 'CodeFilesController#create'
  [1m[36mTRANSACTION (4.5ms)[0m  [1m[35mCOMMIT /*application:CodeCritic,controller:code_files,action:create*/[0m
  ↳ app/controllers/code_files_controller.rb:18:in 'CodeFilesController#create'
Redirected to 
Completed 500 Internal Server Error in 2117ms (ActiveRecord: 11.7ms | Allocations: 7394)


  
NoMethodError (undefined method 'project_code_file_url' for an instance of CodeFilesController):
  
app/controllers/code_files_controller.rb:19:in 'CodeFilesController#create'
Started GET "/projects/3/code_files/new" for 127.0.0.1 at 2026-03-21 15:54:53 +0500
Processing by CodeFilesController#new as HTML
  Parameters: {"project_id" => "3"}
  [1m[36mUser Load (0.7ms)[0m  [1m[34mSELECT "users".* FROM "users" WHERE "users"."id" = $1 ORDER BY "users"."id" ASC LIMIT $2 /*application:CodeCritic,controller:code_files,action:new*/[0m  [["id", 1], ["LIMIT", 1]]
  ↳ app/controllers/code_files_controller.rb:45:in 'CodeFilesController#set_project'
  [1m[36mProject Load (0.5ms)[0m  [1m[34mSELECT "projects".* FROM "projects" WHERE "projects"."user_id" = $1 AND "projects"."id" = $2 LIMIT $3 /*application:CodeCritic,controller:code_files,action:new*/[0m  [["user_id", 1], ["id", 3], ["LIMIT", 1]]
  ↳ app/controllers/code_files_controller.rb:45:in 'CodeFilesController#set_project'
  Rendering layout layouts/application.html.erb
  Rendering code_files/new.html.erb within layouts/application
  Rendered shared/_navbar.html.erb (Duration: 3.6ms | Allocations: 378)
  Rendered shared/_flash.html.erb (Duration: 0.2ms | Allocations: 22)
  Rendered code_files/new.html.erb within layouts/application (Duration: 17.9ms | Allocations: 1875)
  Rendered layout layouts/application.html.erb (Duration: 58.9ms | Allocations: 4191)
Completed 200 OK in 2398ms (Views: 64.8ms | ActiveRecord: 17.3ms | Allocations: 17238)


Started POST "/projects/3/code_files" for 127.0.0.1 at 2026-03-21 15:55:09 +0500
Processing by CodeFilesController#create as TURBO_STREAM
  Parameters: {"authenticity_token" => "[FILTERED]", "code_file" => {"language" => "ruby", "content" => "class CodeFilesController < ApplicationController\r\n  before_action :set_code_file, only: [:show, :edit, :update, :destroy]\r\n  before_action :set_project\r\n\r\n  def index\r\n    @code_files = @project.code_files\r\n  end\r\n\r\n  def show\r\n  end\r\n\r\n  def new\r\n    @code_file = @project.code_files.build\r\n  end\r\n\r\n  def create\r\n    @code_file = @project.code_files.build(code_file_params)\r\n    if @code_file.save\r\n      redirect_to code_file_path(@code_file), notice: \"Code file created successfully\"\r\n    else\r\n      render :new, status: :unprocessable_entity\r\n    end\r\n  end\r\n\r\n  def edit\r\n  end\r\n\r\n  def update\r\n    if @code_file.update(code_file_params)\r\n      redirect_to code_file_path(@code_file), notice: \"Code file updated successfully\"\r\n    else\r\n      render :edit, status: :unprocessable_entity\r\n    end\r\n  end\r\n\r\n  def destroy\r\n    @code_file.destroy\r\n    redirect_to project_code_files_path(@project), notice: \"Code file deleted\"\r\n  end\r\n\r\n  private\r\n\r\n  def set_project\r\n    if params[:project_id]\r\n      @project = current_user.projects.find(params[:project_id])\r\n    else\r\n      @project = @code_file.project\r\n    end\r\n  end\r\n\r\n  def set_code_file\r\n    @code_file = CodeFile.find(params[:id])\r\n  end\r\n\r\n  def code_file_params\r\n    params.require(:code_file).permit(:content, :language, :file)\r\n  end\r\nend"}, "commit" => "Add File", "project_id" => "3"}
  [1m[36mUser Load (0.5ms)[0m  [1m[34mSELECT "users".* FROM "users" WHERE "users"."id" = $1 ORDER BY "users"."id" ASC LIMIT $2 /*application:CodeCritic,controller:code_files,action:create*/[0m  [["id", 1], ["LIMIT", 1]]
  ↳ app/controllers/code_files_controller.rb:45:in 'CodeFilesController#set_project'
  [1m[36mProject Load (0.6ms)[0m  [1m[34mSELECT "projects".* FROM "projects" WHERE "projects"."user_id" = $1 AND "projects"."id" = $2 LIMIT $3 /*application:CodeCritic,controller:code_files,action:create*/[0m  [["user_id", 1], ["id", 3], ["LIMIT", 1]]
  ↳ app/controllers/code_files_controller.rb:45:in 'CodeFilesController#set_project'
  [1m[36mTRANSACTION (0.4ms)[0m  [1m[35mBEGIN /*application:CodeCritic,controller:code_files,action:create*/[0m
  ↳ app/models/code_file.rb:21:in 'CodeFile#acceptable_file'
  [1m[36mCodeFile Create (1.6ms)[0m  [1m[32mINSERT INTO "code_files" ("content", "language", "project_id", "created_at", "updated_at") VALUES ($1, $2, $3, $4, $5) RETURNING "id" /*application:CodeCritic,controller:code_files,action:create*/[0m  [["content", "class CodeFilesController < ApplicationController\r\n  before_action :set_code_file, only: [:show, :edit, :update, :destroy]\r\n  before_action :set_project\r\n\r\n  def index\r\n    @code_files = @project.code_files\r\n  end\r\n\r\n  def show\r\n  end\r\n\r\n  def new\r\n    @code_file = @project.code_files.build\r\n  end\r\n\r\n  def create\r\n    @code_file = @project.code_files.build(code_file_params)\r\n    if @code_file.save\r\n      redirect_to code_file_path(@code_file), notice: \"Code file created successfully\"\r\n    else\r\n      render :new, status: :unprocessable_entity\r\n    end\r\n  end\r\n\r\n  def edit\r\n  end\r\n\r\n  def update\r\n    if @code_file.update(code_file_params)\r\n      redirect_to code_file_path(@code_file), notice: \"Code file updated successfully\"\r\n    else\r\n      render :edit, status: :unprocessable_entity\r\n    end\r\n  end\r\n\r\n  def destroy\r\n    @code_file.destroy\r\n    redirect_to project_code_files_path(@project), notice: \"Code file deleted\"\r\n  end\r\n\r\n  private\r\n\r\n  def set_project\r\n    if params[:project_id]\r\n      @project = current_user.projects.find(params[:project_id])\r\n    else\r\n      @project = @code_file.project\r\n    end\r\n  end\r\n\r\n  def set_code_file\r\n    @code_file = CodeFile.find(params[:id])\r\n  end\r\n\r\n  def code_file_params\r\n    params.require(:code_file).permit(:content, :language, :file)\r\n  end\r\nend"], ["language", "ruby"], ["project_id", 3], ["created_at", "2026-03-21 10:55:12.188609"], ["updated_at", "2026-03-21 10:55:12.188609"]]
  ↳ app/controllers/code_files_controller.rb:18:in 'CodeFilesController#create'
  [1m[36mTRANSACTION (0.8ms)[0m  [1m[35mCOMMIT /*application:CodeCritic,controller:code_files,action:create*/[0m
  ↳ app/controllers/code_files_controller.rb:18:in 'CodeFilesController#create'
Redirected to http://127.0.0.1:3000/code_files/6
Completed 302 Found in 2249ms (ActiveRecord: 7.5ms | Allocations: 6893)


Started GET "/code_files/6" for 127.0.0.1 at 2026-03-21 15:55:14 +0500
Processing by CodeFilesController#show as TURBO_STREAM
  Parameters: {"id" => "6"}
  [1m[36mCodeFile Load (0.4ms)[0m  [1m[34mSELECT "code_files".* FROM "code_files" WHERE "code_files"."id" = $1 LIMIT $2 /*application:CodeCritic,controller:code_files,action:show*/[0m  [["id", 6], ["LIMIT", 1]]
  ↳ app/controllers/code_files_controller.rb:52:in 'CodeFilesController#set_code_file'
  [1m[36mProject Load (0.4ms)[0m  [1m[34mSELECT "projects".* FROM "projects" WHERE "projects"."id" = $1 LIMIT $2 /*application:CodeCritic,controller:code_files,action:show*/[0m  [["id", 3], ["LIMIT", 1]]
  ↳ app/controllers/code_files_controller.rb:47:in 'CodeFilesController#set_project'
  Rendering layout layouts/application.html.erb
  Rendering code_files/show.html.erb within layouts/application
  [1m[36mUser Load (0.4ms)[0m  [1m[34mSELECT "users".* FROM "users" WHERE "users"."id" = $1 ORDER BY "users"."id" ASC LIMIT $2 /*application:CodeCritic,controller:code_files,action:show*/[0m  [["id", 1], ["LIMIT", 1]]
  ↳ app/views/shared/_navbar.html.erb:24:in '_app_views_shared__navbar_html_erb___71530611_12408'
  Rendered shared/_navbar.html.erb (Duration: 6.8ms | Allocations: 1597)
  Rendered shared/_flash.html.erb (Duration: 0.1ms | Allocations: 22)
  Rendered code_files/show.html.erb within layouts/application (Duration: 22.6ms | Allocations: 3760)
  Rendered layout layouts/application.html.erb (Duration: 29.4ms | Allocations: 3841)
Completed 500 Internal Server Error in 2246ms (ActiveRecord: 1.2ms | Allocations: 6970)


  
ActionView::Template::Error (undefined method 'title' for an instance of CodeFile):
    15:       <svg class="w-3.5 h-3.5" fill="none" stroke="currentColor" viewBox="0 0 24 24">
    16:         <path stroke-linecap="round" stroke-linejoin="round" stroke-width="2" d="M9 5l7 7-7 7"/>
    17:       </svg>
    18:       <span class="text-zinc-400"><%= @code_file.title %></span>
    19:     </nav>
    20: 
    21:     <div class="flex flex-col sm:flex-row sm:items-center justify-between gap-3 mb-6">
  
app/views/code_files/show.html.erb:18:in '_app_views_code_files_show_html_erb__688634976_28992'
Started GET "/projects/3/code_files/new" for 127.0.0.1 at 2026-03-21 15:56:33 +0500
Processing by CodeFilesController#new as HTML
  Parameters: {"project_id" => "3"}
  [1m[36mUser Load (0.6ms)[0m  [1m[34mSELECT "users".* FROM "users" WHERE "users"."id" = $1 ORDER BY "users"."id" ASC LIMIT $2 /*application:CodeCritic,controller:code_files,action:new*/[0m  [["id", 1], ["LIMIT", 1]]
  ↳ app/controllers/code_files_controller.rb:45:in 'CodeFilesController#set_project'
  [1m[36mProject Load (0.5ms)[0m  [1m[34mSELECT "projects".* FROM "projects" WHERE "projects"."user_id" = $1 AND "projects"."id" = $2 LIMIT $3 /*application:CodeCritic,controller:code_files,action:new*/[0m  [["user_id", 1], ["id", 3], ["LIMIT", 1]]
  ↳ app/controllers/code_files_controller.rb:45:in 'CodeFilesController#set_project'
  Rendering layout layouts/application.html.erb
  Rendering code_files/new.html.erb within layouts/application
  Rendered shared/_navbar.html.erb (Duration: 6.7ms | Allocations: 527)
  Rendered shared/_flash.html.erb (Duration: 2.2ms | Allocations: 135)
  Rendered code_files/new.html.erb within layouts/application (Duration: 45.9ms | Allocations: 2660)
  Rendered layout layouts/application.html.erb (Duration: 57.8ms | Allocations: 3570)
Completed 200 OK in 2125ms (Views: 80.9ms | ActiveRecord: 1.1ms | Allocations: 6706)


Started GET "/projects/3" for 127.0.0.1 at 2026-03-21 15:57:15 +0500
Started POST "/projects/3/code_files" for 127.0.0.1 at 2026-03-21 15:57:16 +0500
Processing by CodeFilesController#create as TURBO_STREAM
  Parameters: {"authenticity_token" => "[FILTERED]", "code_file" => {"language" => "ruby", "content" => "class UsersController < ApplicationController\r\n\r\n  def index\r\n    @users = Rails.cache.fetch(\"users\", expires_in: 12.hours) do\r\n      User.where(active: true).to_a\r\n    end\r\n  end\r\n\r\n  def show\r\n    @user = User.find(params[:id])\r\n  end\r\n\r\n  def create\r\n    @user = User.new(user_params)\r\n\r\n    if @user.save\r\n      redirect_to @user, notice: \"User was successfully created\"\r\n    else\r\n      render :new, status: :unprocessable_entity\r\n    end\r\n  end\r\n\r\n  def update \r\n    @user = User.find(params[:id])\r\n\r\n    if @user.update(user_params)\r\n      redirect_to @user, notice: \"User info updated\"\r\n    else \r\n      render :edit, status: :unprocessable_entity\r\n    end\r\n  end\r\n\r\n  def destroy\r\n    @user = User.find(params[:id])\r\n    @user.destroy\r\n\r\n    redirect_to users_path, notice: \"User deleted\"\r\n  end\r\n\r\n  private\r\n\r\n  def user_params\r\n    params.require(:user).permit(:name, :email, :password)\r\n  end\r\nend"}, "commit" => "Add File", "project_id" => "3"}
Processing by ProjectsController#show as HTML
  Parameters: {"id" => "3"}
  [1m[36mUser Load (2.6ms)[0m  [1m[34mSELECT "users".* FROM "users" WHERE "users"."id" = $1 ORDER BY "users"."id" ASC LIMIT $2 /*application:CodeCritic,controller:code_files,action:create*/[0m  [["id", 1], ["LIMIT", 1]]
  ↳ app/controllers/code_files_controller.rb:45:in 'CodeFilesController#set_project'
  [1m[36mProject Load (4.0ms)[0m  [1m[34mSELECT "projects".* FROM "projects" WHERE "projects"."user_id" = $1 AND "projects"."id" = $2 LIMIT $3 /*application:CodeCritic,controller:code_files,action:create*/[0m  [["user_id", 1], ["id", 3], ["LIMIT", 1]]
  ↳ app/controllers/code_files_controller.rb:45:in 'CodeFilesController#set_project'
  [1m[36mTRANSACTION (3.0ms)[0m  [1m[35mBEGIN /*application:CodeCritic,controller:code_files,action:create*/[0m
  ↳ app/controllers/code_files_controller.rb:18:in 'CodeFilesController#create'
  [1m[36mCodeFile Create (7.3ms)[0m  [1m[32mINSERT INTO "code_files" ("content", "language", "project_id", "created_at", "updated_at") VALUES ($1, $2, $3, $4, $5) RETURNING "id" /*application:CodeCritic,controller:code_files,action:create*/[0m  [["content", "class UsersController < ApplicationController\r\n\r\n  def index\r\n    @users = Rails.cache.fetch(\"users\", expires_in: 12.hours) do\r\n      User.where(active: true).to_a\r\n    end\r\n  end\r\n\r\n  def show\r\n    @user = User.find(params[:id])\r\n  end\r\n\r\n  def create\r\n    @user = User.new(user_params)\r\n\r\n    if @user.save\r\n      redirect_to @user, notice: \"User was successfully created\"\r\n    else\r\n      render :new, status: :unprocessable_entity\r\n    end\r\n  end\r\n\r\n  def update \r\n    @user = User.find(params[:id])\r\n\r\n    if @user.update(user_params)\r\n      redirect_to @user, notice: \"User info updated\"\r\n    else \r\n      render :edit, status: :unprocessable_entity\r\n    end\r\n  end\r\n\r\n  def destroy\r\n    @user = User.find(params[:id])\r\n    @user.destroy\r\n\r\n    redirect_to users_path, notice: \"User deleted\"\r\n  end\r\n\r\n  private\r\n\r\n  def user_params\r\n    params.require(:user).permit(:name, :email, :password)\r\n  end\r\nend"], ["language", "ruby"], ["project_id", 3], ["created_at", "2026-03-21 10:57:19.563865"], ["updated_at", "2026-03-21 10:57:19.563865"]]
  ↳ app/controllers/code_files_controller.rb:18:in 'CodeFilesController#create'
  [1m[36mTRANSACTION (3.4ms)[0m  [1m[35mCOMMIT /*application:CodeCritic,controller:code_files,action:create*/[0m
  ↳ app/controllers/code_files_controller.rb:18:in 'CodeFilesController#create'
Redirected to http://127.0.0.1:3000/code_files/7
Completed 302 Found in 3057ms (ActiveRecord: 20.2ms | Allocations: 10143)


  [1m[36mUser Load (1.8ms)[0m  [1m[34mSELECT "users".* FROM "users" WHERE "users"."id" = $1 ORDER BY "users"."id" ASC LIMIT $2 /*application:CodeCritic,controller:projects,action:show*/[0m  [["id", 1], ["LIMIT", 1]]
  ↳ app/controllers/projects_controller.rb:47:in 'ProjectsController#set_project'
  [1m[36mProject Load (0.9ms)[0m  [1m[34mSELECT "projects".* FROM "projects" WHERE "projects"."user_id" = $1 AND "projects"."id" = $2 LIMIT $3 /*application:CodeCritic,controller:projects,action:show*/[0m  [["user_id", 1], ["id", 3], ["LIMIT", 1]]
  ↳ app/controllers/projects_controller.rb:47:in 'ProjectsController#set_project'
  Rendering layout layouts/application.html.erb
  Rendering projects/show.html.erb within layouts/application
  Rendered shared/_navbar.html.erb (Duration: 8.3ms | Allocations: 370)
  Rendered shared/_flash.html.erb (Duration: 0.2ms | Allocations: 22)
  [1m[36mCodeFile Count (2.3ms)[0m  [1m[34mSELECT COUNT(*) FROM "code_files" WHERE "code_files"."project_id" = $1 /*application:CodeCritic,controller:projects,action:show*/[0m  [["project_id", 3]]
  ↳ app/views/projects/show.html.erb:39:in '_app_views_projects_show_html_erb___153030609_29240'
  [1m[36mCACHE CodeFile Count (0.0ms)[0m  [1m[34mSELECT COUNT(*) FROM "code_files" WHERE "code_files"."project_id" = $1[0m  [["project_id", 3]]
  ↳ app/views/projects/show.html.erb:64:in '_app_views_projects_show_html_erb___153030609_29240'
  [1m[36mCodeFile Exists? (8.1ms)[0m  [1m[34mSELECT 1 AS one FROM "code_files" WHERE "code_files"."project_id" = $1 LIMIT $2 /*application:CodeCritic,controller:projects,action:show*/[0m  [["project_id", 3], ["LIMIT", 1]]
  ↳ app/views/projects/show.html.erb:67:in '_app_views_projects_show_html_erb___153030609_29240'
  [1m[36mCodeFile Load (1.5ms)[0m  [1m[34mSELECT "code_files".* FROM "code_files" WHERE "code_files"."project_id" = $1 ORDER BY "code_files"."created_at" DESC /*application:CodeCritic,controller:projects,action:show*/[0m  [["project_id", 3]]
  ↳ app/views/projects/show.html.erb:80:in '_app_views_projects_show_html_erb___153030609_29240'
  Rendered projects/show.html.erb within layouts/application (Duration: 71.1ms | Allocations: 5809)
  Rendered layout layouts/application.html.erb (Duration: 76.1ms | Allocations: 5891)
Completed 500 Internal Server Error in 3618ms (ActiveRecord: 14.7ms | Allocations: 14142)


  
ActionView::Template::Error (undefined method 'title' for an instance of CodeFile):
    86:                         <path stroke-linecap="round" stroke-linejoin="round" stroke-width="1.5" d="M10 20l4-16m4 4l4 4-4 4M6 16l-4-4 4-4"/>
    87:                       </svg>
    88:                     </div>
    89:                     <span class="text-white text-sm font-medium"><%= code_file.title %></span>
    90:                   </div>
    91:                 </td>
    92:                 <td class="px-5 py-4 hidden sm:table-cell">
  
app/views/projects/show.html.erb:89:in 'block in _app_views_projects_show_html_erb___153030609_29240'
app/views/projects/show.html.erb:80:in '_app_views_projects_show_html_erb___153030609_29240'
Started GET "/code_files/7" for 127.0.0.1 at 2026-03-21 15:57:23 +0500
Processing by CodeFilesController#show as TURBO_STREAM
  Parameters: {"id" => "7"}
  [1m[36mCodeFile Load (0.4ms)[0m  [1m[34mSELECT "code_files".* FROM "code_files" WHERE "code_files"."id" = $1 LIMIT $2 /*application:CodeCritic,controller:code_files,action:show*/[0m  [["id", 7], ["LIMIT", 1]]
  ↳ app/controllers/code_files_controller.rb:52:in 'CodeFilesController#set_code_file'
  [1m[36mProject Load (0.5ms)[0m  [1m[34mSELECT "projects".* FROM "projects" WHERE "projects"."id" = $1 LIMIT $2 /*application:CodeCritic,controller:code_files,action:show*/[0m  [["id", 3], ["LIMIT", 1]]
  ↳ app/controllers/code_files_controller.rb:47:in 'CodeFilesController#set_project'
  Rendering layout layouts/application.html.erb
  Rendering code_files/show.html.erb within layouts/application
  [1m[36mUser Load (0.6ms)[0m  [1m[34mSELECT "users".* FROM "users" WHERE "users"."id" = $1 ORDER BY "users"."id" ASC LIMIT $2 /*application:CodeCritic,controller:code_files,action:show*/[0m  [["id", 1], ["LIMIT", 1]]
  ↳ app/views/shared/_navbar.html.erb:24:in '_app_views_shared__navbar_html_erb___71530611_29152'
  Rendered shared/_navbar.html.erb (Duration: 174.3ms | Allocations: 1629)
  Rendered shared/_flash.html.erb (Duration: 0.3ms | Allocations: 22)
  Rendered code_files/show.html.erb within layouts/application (Duration: 338.7ms | Allocations: 3801)
  Rendered layout layouts/application.html.erb (Duration: 386.0ms | Allocations: 3882)
Completed 500 Internal Server Error in 2599ms (ActiveRecord: 1.6ms | Allocations: 5800)


  
ActionView::Template::Error (undefined method 'title' for an instance of CodeFile):
    26:           </svg>
    27:         </div>
    28:         <div>
    29:           <h1 class="text-white font-semibold text-xl"><%= @code_file.title %></h1>
    30:           <div class="flex items-center gap-3 mt-0.5">
    31:             <span class="text-xs text-zinc-500"><%= @code_file.language.presence || "Unknown language" %></span>
    32:             <span class="text-zinc-700">·</span>
  
app/views/code_files/show.html.erb:29:in '_app_views_code_files_show_html_erb__688634976_29392'
Started GET "/projects/3/code_files/new" for 127.0.0.1 at 2026-03-21 16:00:00 +0500
Processing by CodeFilesController#new as HTML
  Parameters: {"project_id" => "3"}
  [1m[36mUser Load (0.7ms)[0m  [1m[34mSELECT "users".* FROM "users" WHERE "users"."id" = $1 ORDER BY "users"."id" ASC LIMIT $2 /*application:CodeCritic,controller:code_files,action:new*/[0m  [["id", 1], ["LIMIT", 1]]
  ↳ app/controllers/code_files_controller.rb:45:in 'CodeFilesController#set_project'
  [1m[36mProject Load (0.6ms)[0m  [1m[34mSELECT "projects".* FROM "projects" WHERE "projects"."user_id" = $1 AND "projects"."id" = $2 LIMIT $3 /*application:CodeCritic,controller:code_files,action:new*/[0m  [["user_id", 1], ["id", 3], ["LIMIT", 1]]
  ↳ app/controllers/code_files_controller.rb:45:in 'CodeFilesController#set_project'
  Rendering layout layouts/application.html.erb
  Rendering code_files/new.html.erb within layouts/application
  Rendered shared/_navbar.html.erb (Duration: 8.4ms | Allocations: 527)
  Rendered shared/_flash.html.erb (Duration: 1.3ms | Allocations: 135)
  Rendered code_files/new.html.erb within layouts/application (Duration: 32.5ms | Allocations: 2656)
  Rendered layout layouts/application.html.erb (Duration: 44.3ms | Allocations: 3566)
Completed 200 OK in 2382ms (Views: 69.9ms | ActiveRecord: 1.2ms | Allocations: 6738)


Started POST "/projects/3/code_files" for 127.0.0.1 at 2026-03-21 16:00:27 +0500
Processing by CodeFilesController#create as TURBO_STREAM
  Parameters: {"authenticity_token" => "[FILTERED]", "code_file" => {"language" => "ruby", "content" => "class UsersController < ApplicationController\r\n\r\n  def index\r\n    @users = Rails.cache.fetch(\"users\", expires_in: 12.hours) do\r\n      User.where(active: true).to_a\r\n    end\r\n  end\r\n\r\n  def show\r\n    @user = User.find(params[:id])\r\n  end\r\n\r\n  def create\r\n    @user = User.new(user_params)\r\n\r\n    if @user.save\r\n      redirect_to @user, notice: \"User was successfully created\"\r\n    else\r\n      render :new, status: :unprocessable_entity\r\n    end\r\n  end\r\n\r\n  def update \r\n    @user = User.find(params[:id])\r\n\r\n    if @user.update(user_params)\r\n      redirect_to @user, notice: \"User info updated\"\r\n    else \r\n      render :edit, status: :unprocessable_entity\r\n    end\r\n  end\r\n\r\n  def destroy\r\n    @user = User.find(params[:id])\r\n    @user.destroy\r\n\r\n    redirect_to users_path, notice: \"User deleted\"\r\n  end\r\n\r\n  private\r\n\r\n  def user_params\r\n    params.require(:user).permit(:name, :email, :password)\r\n  end\r\nend"}, "commit" => "Add File", "project_id" => "3"}
  [1m[36mUser Load (0.4ms)[0m  [1m[34mSELECT "users".* FROM "users" WHERE "users"."id" = $1 ORDER BY "users"."id" ASC LIMIT $2 /*application:CodeCritic,controller:code_files,action:create*/[0m  [["id", 1], ["LIMIT", 1]]
  ↳ app/controllers/code_files_controller.rb:45:in 'CodeFilesController#set_project'
  [1m[36mProject Load (0.6ms)[0m  [1m[34mSELECT "projects".* FROM "projects" WHERE "projects"."user_id" = $1 AND "projects"."id" = $2 LIMIT $3 /*application:CodeCritic,controller:code_files,action:create*/[0m  [["user_id", 1], ["id", 3], ["LIMIT", 1]]
  ↳ app/controllers/code_files_controller.rb:45:in 'CodeFilesController#set_project'
  [1m[36mTRANSACTION (0.4ms)[0m  [1m[35mBEGIN /*application:CodeCritic,controller:code_files,action:create*/[0m
  ↳ app/controllers/code_files_controller.rb:18:in 'CodeFilesController#create'
  [1m[36mCodeFile Create (5.3ms)[0m  [1m[32mINSERT INTO "code_files" ("content", "language", "project_id", "created_at", "updated_at") VALUES ($1, $2, $3, $4, $5) RETURNING "id" /*application:CodeCritic,controller:code_files,action:create*/[0m  [["content", "class UsersController < ApplicationController\r\n\r\n  def index\r\n    @users = Rails.cache.fetch(\"users\", expires_in: 12.hours) do\r\n      User.where(active: true).to_a\r\n    end\r\n  end\r\n\r\n  def show\r\n    @user = User.find(params[:id])\r\n  end\r\n\r\n  def create\r\n    @user = User.new(user_params)\r\n\r\n    if @user.save\r\n      redirect_to @user, notice: \"User was successfully created\"\r\n    else\r\n      render :new, status: :unprocessable_entity\r\n    end\r\n  end\r\n\r\n  def update \r\n    @user = User.find(params[:id])\r\n\r\n    if @user.update(user_params)\r\n      redirect_to @user, notice: \"User info updated\"\r\n    else \r\n      render :edit, status: :unprocessable_entity\r\n    end\r\n  end\r\n\r\n  def destroy\r\n    @user = User.find(params[:id])\r\n    @user.destroy\r\n\r\n    redirect_to users_path, notice: \"User deleted\"\r\n  end\r\n\r\n  private\r\n\r\n  def user_params\r\n    params.require(:user).permit(:name, :email, :password)\r\n  end\r\nend"], ["language", "ruby"], ["project_id", 3], ["created_at", "2026-03-21 11:00:30.219293"], ["updated_at", "2026-03-21 11:00:30.219293"]]
  ↳ app/controllers/code_files_controller.rb:18:in 'CodeFilesController#create'
  [1m[36mTRANSACTION (0.6ms)[0m  [1m[35mCOMMIT /*application:CodeCritic,controller:code_files,action:create*/[0m
  ↳ app/controllers/code_files_controller.rb:18:in 'CodeFilesController#create'
Redirected to http://127.0.0.1:3000/code_files/8
Completed 302 Found in 2163ms (ActiveRecord: 7.3ms | Allocations: 4909)


Started GET "/code_files/8" for 127.0.0.1 at 2026-03-21 16:00:32 +0500
Processing by CodeFilesController#show as TURBO_STREAM
  Parameters: {"id" => "8"}
  [1m[36mCodeFile Load (0.5ms)[0m  [1m[34mSELECT "code_files".* FROM "code_files" WHERE "code_files"."id" = $1 LIMIT $2 /*application:CodeCritic,controller:code_files,action:show*/[0m  [["id", 8], ["LIMIT", 1]]
  ↳ app/controllers/code_files_controller.rb:52:in 'CodeFilesController#set_code_file'
  [1m[36mProject Load (0.5ms)[0m  [1m[34mSELECT "projects".* FROM "projects" WHERE "projects"."id" = $1 LIMIT $2 /*application:CodeCritic,controller:code_files,action:show*/[0m  [["id", 3], ["LIMIT", 1]]
  ↳ app/controllers/code_files_controller.rb:47:in 'CodeFilesController#set_project'
  Rendering layout layouts/application.html.erb
  Rendering code_files/show.html.erb within layouts/application
  [1m[36mUser Load (1.0ms)[0m  [1m[34mSELECT "users".* FROM "users" WHERE "users"."id" = $1 ORDER BY "users"."id" ASC LIMIT $2 /*application:CodeCritic,controller:code_files,action:show*/[0m  [["id", 1], ["LIMIT", 1]]
  ↳ app/views/shared/_navbar.html.erb:24:in '_app_views_shared__navbar_html_erb___71530611_29560'
  Rendered shared/_navbar.html.erb (Duration: 11.6ms | Allocations: 1599)
  Rendered shared/_flash.html.erb (Duration: 0.2ms | Allocations: 22)
  Rendered code_files/show.html.erb within layouts/application (Duration: 21.3ms | Allocations: 3820)
  Rendered layout layouts/application.html.erb (Duration: 22.3ms | Allocations: 3901)
Completed 500 Internal Server Error in 2253ms (ActiveRecord: 1.9ms | Allocations: 5819)


  
ActionView::Template::Error (undefined method 'reviews' for an instance of CodeFile):
    35:         </div>
    36:       </div>
    37: 
    38:       <% last_review = @code_file.reviews.last %>
    39:       <% if last_review&.status == "pending" %>
    40:         <div class="inline-flex items-center gap-2 px-4 py-2.5 rounded-xl text-sm font-semibold text-amber-300 bg-amber-500/10 border border-amber-500/20">
    41:           <svg class="w-4 h-4 animate-spin" fill="none" viewBox="0 0 24 24">
  
app/views/code_files/show.html.erb:38:in '_app_views_code_files_show_html_erb__688634976_29640'
Started GET "/projects/3/code_files/new" for 127.0.0.1 at 2026-03-21 16:35:25 +0500
Processing by CodeFilesController#new as HTML
  Parameters: {"project_id" => "3"}
  [1m[36mUser Load (6.1ms)[0m  [1m[34mSELECT "users".* FROM "users" WHERE "users"."id" = $1 ORDER BY "users"."id" ASC LIMIT $2 /*application:CodeCritic,controller:code_files,action:new*/[0m  [["id", 1], ["LIMIT", 1]]
  ↳ app/controllers/code_files_controller.rb:45:in 'CodeFilesController#set_project'
  [1m[36mProject Load (2.2ms)[0m  [1m[34mSELECT "projects".* FROM "projects" WHERE "projects"."user_id" = $1 AND "projects"."id" = $2 LIMIT $3 /*application:CodeCritic,controller:code_files,action:new*/[0m  [["user_id", 1], ["id", 3], ["LIMIT", 1]]
  ↳ app/controllers/code_files_controller.rb:45:in 'CodeFilesController#set_project'
  Rendering layout layouts/application.html.erb
  Rendering code_files/new.html.erb within layouts/application
  Rendered shared/_navbar.html.erb (Duration: 3.5ms | Allocations: 527)
  Rendered shared/_flash.html.erb (Duration: 2.2ms | Allocations: 135)
  Rendered code_files/new.html.erb within layouts/application (Duration: 34.0ms | Allocations: 2656)
  Rendered layout layouts/application.html.erb (Duration: 40.0ms | Allocations: 3566)
Completed 200 OK in 2599ms (Views: 65.5ms | ActiveRecord: 109.7ms | Allocations: 10444)


Started POST "/projects/3/code_files" for 127.0.0.1 at 2026-03-21 16:35:55 +0500
Processing by CodeFilesController#create as TURBO_STREAM
  Parameters: {"authenticity_token" => "[FILTERED]", "code_file" => {"language" => "ruby", "content" => "class CodeFile < ApplicationRecord\r\n  belongs_to :project\r\n  has_one :review, dependent: :destroy\r\n  has_one_attached :file\r\n\r\n  ACCEPTABLE_TYPES = %w[\r\n    text/plain\r\n    application/javascript\r\n    application/x-ruby\r\n    application/x-cpp\r\n    application/x-py\r\n  ].freeze\r\n\r\n  validate :acceptable_file\r\n  validate :content_or_file_present\r\n  validates :language, presence: true\r\n\r\n  private\r\n\r\n  def acceptable_file\r\n    return unless file.attached?\r\n\r\n    errors.add(:file, \"is too big\") if file.byte_size > 200.kilobytes\r\n    errors.add(:file, \"must be a code file\") unless ACCEPTABLE_TYPES.include?(file.content_type)\r\n  end\r\n\r\n  def content_or_file_present\r\n    if !file.attached? && content.blank?\r\n      errors.add(:base, \"You must provide either a file or paste code\")\r\n    end\r\n  end\r\nend"}, "commit" => "Add File", "project_id" => "3"}
  [1m[36mUser Load (0.4ms)[0m  [1m[34mSELECT "users".* FROM "users" WHERE "users"."id" = $1 ORDER BY "users"."id" ASC LIMIT $2 /*application:CodeCritic,controller:code_files,action:create*/[0m  [["id", 1], ["LIMIT", 1]]
  ↳ app/controllers/code_files_controller.rb:45:in 'CodeFilesController#set_project'
  [1m[36mProject Load (0.6ms)[0m  [1m[34mSELECT "projects".* FROM "projects" WHERE "projects"."user_id" = $1 AND "projects"."id" = $2 LIMIT $3 /*application:CodeCritic,controller:code_files,action:create*/[0m  [["user_id", 1], ["id", 3], ["LIMIT", 1]]
  ↳ app/controllers/code_files_controller.rb:45:in 'CodeFilesController#set_project'
  [1m[36mTRANSACTION (2.1ms)[0m  [1m[35mBEGIN /*application:CodeCritic,controller:code_files,action:create*/[0m
  ↳ app/controllers/code_files_controller.rb:18:in 'CodeFilesController#create'
  [1m[36mCodeFile Create (10.8ms)[0m  [1m[32mINSERT INTO "code_files" ("content", "language", "project_id", "created_at", "updated_at") VALUES ($1, $2, $3, $4, $5) RETURNING "id" /*application:CodeCritic,controller:code_files,action:create*/[0m  [["content", "class CodeFile < ApplicationRecord\r\n  belongs_to :project\r\n  has_one :review, dependent: :destroy\r\n  has_one_attached :file\r\n\r\n  ACCEPTABLE_TYPES = %w[\r\n    text/plain\r\n    application/javascript\r\n    application/x-ruby\r\n    application/x-cpp\r\n    application/x-py\r\n  ].freeze\r\n\r\n  validate :acceptable_file\r\n  validate :content_or_file_present\r\n  validates :language, presence: true\r\n\r\n  private\r\n\r\n  def acceptable_file\r\n    return unless file.attached?\r\n\r\n    errors.add(:file, \"is too big\") if file.byte_size > 200.kilobytes\r\n    errors.add(:file, \"must be a code file\") unless ACCEPTABLE_TYPES.include?(file.content_type)\r\n  end\r\n\r\n  def content_or_file_present\r\n    if !file.attached? && content.blank?\r\n      errors.add(:base, \"You must provide either a file or paste code\")\r\n    end\r\n  end\r\nend"], ["language", "ruby"], ["project_id", 3], ["created_at", "2026-03-21 11:35:58.190172"], ["updated_at", "2026-03-21 11:35:58.190172"]]
  ↳ app/controllers/code_files_controller.rb:18:in 'CodeFilesController#create'
  [1m[36mTRANSACTION (1.4ms)[0m  [1m[35mCOMMIT /*application:CodeCritic,controller:code_files,action:create*/[0m
  ↳ app/controllers/code_files_controller.rb:18:in 'CodeFilesController#create'
Redirected to http://127.0.0.1:3000/code_files/9
Completed 302 Found in 2458ms (ActiveRecord: 15.3ms | Allocations: 4965)


Started GET "/code_files/9" for 127.0.0.1 at 2026-03-21 16:36:00 +0500
Processing by CodeFilesController#show as TURBO_STREAM
  Parameters: {"id" => "9"}
  [1m[36mCodeFile Load (0.9ms)[0m  [1m[34mSELECT "code_files".* FROM "code_files" WHERE "code_files"."id" = $1 LIMIT $2 /*application:CodeCritic,controller:code_files,action:show*/[0m  [["id", 9], ["LIMIT", 1]]
  ↳ app/controllers/code_files_controller.rb:52:in 'CodeFilesController#set_code_file'
  [1m[36mProject Load (0.6ms)[0m  [1m[34mSELECT "projects".* FROM "projects" WHERE "projects"."id" = $1 LIMIT $2 /*application:CodeCritic,controller:code_files,action:show*/[0m  [["id", 3], ["LIMIT", 1]]
  ↳ app/controllers/code_files_controller.rb:47:in 'CodeFilesController#set_project'
  Rendering layout layouts/application.html.erb
  Rendering code_files/show.html.erb within layouts/application
  [1m[36mUser Load (0.5ms)[0m  [1m[34mSELECT "users".* FROM "users" WHERE "users"."id" = $1 ORDER BY "users"."id" ASC LIMIT $2 /*application:CodeCritic,controller:code_files,action:show*/[0m  [["id", 1], ["LIMIT", 1]]
  ↳ app/views/shared/_navbar.html.erb:24:in '_app_views_shared__navbar_html_erb___71530611_29808'
  Rendered shared/_navbar.html.erb (Duration: 11.7ms | Allocations: 1601)
  Rendered shared/_flash.html.erb (Duration: 0.2ms | Allocations: 22)
  [1m[36mReview Load (7.2ms)[0m  [1m[34mSELECT "reviews".* FROM "reviews" WHERE "reviews"."code_file_id" = $1 LIMIT $2 /*application:CodeCritic,controller:code_files,action:show*/[0m  [["code_file_id", 9], ["LIMIT", 1]]
  ↳ app/views/code_files/show.html.erb:38:in '_app_views_code_files_show_html_erb__688634976_29888'
  Rendered code_files/show.html.erb within layouts/application (Duration: 647.3ms | Allocations: 17040)
  Rendered layout layouts/application.html.erb (Duration: 649.3ms | Allocations: 17121)
Completed 500 Internal Server Error in 3197ms (ActiveRecord: 24.6ms | Allocations: 19045)


  
ActionView::Template::Error (undefined method 'code_file_review_index_path' for an instance of #<Class:0x000002277b7930c0>):
    45:           AI Reviewing...
    46:         </div>
    47:       <% else %>
    48:         <%= button_to code_file_review_index_path(@code_file),
    49:               method: :post,
    50:               data: { turbo_stream: true },
    51:               class: "inline-flex items-center gap-2 px-4 py-2.5 rounded-xl text-sm font-semibold text-white bg-gradient-to-r from-violet-600 to-indigo-600 hover:from-violet-500 hover:to-indigo-500 shadow-lg shadow-violet-500/20 active:scale-[0.98] transition-all duration-200 cursor-pointer border-0" do %>
  
app/views/code_files/show.html.erb:48:in '_app_views_code_files_show_html_erb__688634976_29888'
Started GET "/projects/3/code_files/new" for 127.0.0.1 at 2026-03-21 16:38:23 +0500
Processing by CodeFilesController#new as HTML
  Parameters: {"project_id" => "3"}
  [1m[36mUser Load (0.6ms)[0m  [1m[34mSELECT "users".* FROM "users" WHERE "users"."id" = $1 ORDER BY "users"."id" ASC LIMIT $2 /*application:CodeCritic,controller:code_files,action:new*/[0m  [["id", 1], ["LIMIT", 1]]
  ↳ app/controllers/code_files_controller.rb:45:in 'CodeFilesController#set_project'
  [1m[36mProject Load (0.9ms)[0m  [1m[34mSELECT "projects".* FROM "projects" WHERE "projects"."user_id" = $1 AND "projects"."id" = $2 LIMIT $3 /*application:CodeCritic,controller:code_files,action:new*/[0m  [["user_id", 1], ["id", 3], ["LIMIT", 1]]
  ↳ app/controllers/code_files_controller.rb:45:in 'CodeFilesController#set_project'
  Rendering layout layouts/application.html.erb
  Rendering code_files/new.html.erb within layouts/application
  Rendered shared/_navbar.html.erb (Duration: 4.6ms | Allocations: 527)
  Rendered shared/_flash.html.erb (Duration: 3.8ms | Allocations: 135)
  Rendered code_files/new.html.erb within layouts/application (Duration: 36.3ms | Allocations: 2657)
  Rendered layout layouts/application.html.erb (Duration: 40.9ms | Allocations: 3567)
Completed 200 OK in 2368ms (Views: 66.5ms | ActiveRecord: 1.5ms | Allocations: 6718)


Started POST "/projects/3/code_files" for 127.0.0.1 at 2026-03-21 16:38:52 +0500
Processing by CodeFilesController#create as TURBO_STREAM
  Parameters: {"authenticity_token" => "[FILTERED]", "code_file" => {"language" => "ruby", "content" => "class CodeFile < ApplicationRecord\r\n  belongs_to :project\r\n  has_one :review, dependent: :destroy\r\n  has_one_attached :file\r\n\r\n  ACCEPTABLE_TYPES = %w[\r\n    text/plain\r\n    application/javascript\r\n    application/x-ruby\r\n    application/x-cpp\r\n    application/x-py\r\n  ].freeze\r\n\r\n  validate :acceptable_file\r\n  validate :content_or_file_present\r\n  validates :language, presence: true\r\n\r\n  private\r\n\r\n  def acceptable_file\r\n    return unless file.attached?\r\n\r\n    errors.add(:file, \"is too big\") if file.byte_size > 200.kilobytes\r\n    errors.add(:file, \"must be a code file\") unless ACCEPTABLE_TYPES.include?(file.content_type)\r\n  end\r\n\r\n  def content_or_file_present\r\n    if !file.attached? && content.blank?\r\n      errors.add(:base, \"You must provide either a file or paste code\")\r\n    end\r\n  end\r\nend"}, "commit" => "Add File", "project_id" => "3"}
  [1m[36mUser Load (0.5ms)[0m  [1m[34mSELECT "users".* FROM "users" WHERE "users"."id" = $1 ORDER BY "users"."id" ASC LIMIT $2 /*application:CodeCritic,controller:code_files,action:create*/[0m  [["id", 1], ["LIMIT", 1]]
  ↳ app/controllers/code_files_controller.rb:45:in 'CodeFilesController#set_project'
  [1m[36mProject Load (0.8ms)[0m  [1m[34mSELECT "projects".* FROM "projects" WHERE "projects"."user_id" = $1 AND "projects"."id" = $2 LIMIT $3 /*application:CodeCritic,controller:code_files,action:create*/[0m  [["user_id", 1], ["id", 3], ["LIMIT", 1]]
  ↳ app/controllers/code_files_controller.rb:45:in 'CodeFilesController#set_project'
  [1m[36mTRANSACTION (0.4ms)[0m  [1m[35mBEGIN /*application:CodeCritic,controller:code_files,action:create*/[0m
  ↳ app/controllers/code_files_controller.rb:18:in 'CodeFilesController#create'
  [1m[36mCodeFile Create (1.0ms)[0m  [1m[32mINSERT INTO "code_files" ("content", "language", "project_id", "created_at", "updated_at") VALUES ($1, $2, $3, $4, $5) RETURNING "id" /*application:CodeCritic,controller:code_files,action:create*/[0m  [["content", "class CodeFile < ApplicationRecord\r\n  belongs_to :project\r\n  has_one :review, dependent: :destroy\r\n  has_one_attached :file\r\n\r\n  ACCEPTABLE_TYPES = %w[\r\n    text/plain\r\n    application/javascript\r\n    application/x-ruby\r\n    application/x-cpp\r\n    application/x-py\r\n  ].freeze\r\n\r\n  validate :acceptable_file\r\n  validate :content_or_file_present\r\n  validates :language, presence: true\r\n\r\n  private\r\n\r\n  def acceptable_file\r\n    return unless file.attached?\r\n\r\n    errors.add(:file, \"is too big\") if file.byte_size > 200.kilobytes\r\n    errors.add(:file, \"must be a code file\") unless ACCEPTABLE_TYPES.include?(file.content_type)\r\n  end\r\n\r\n  def content_or_file_present\r\n    if !file.attached? && content.blank?\r\n      errors.add(:base, \"You must provide either a file or paste code\")\r\n    end\r\n  end\r\nend"], ["language", "ruby"], ["project_id", 3], ["created_at", "2026-03-21 11:38:55.046852"], ["updated_at", "2026-03-21 11:38:55.046852"]]
  ↳ app/controllers/code_files_controller.rb:18:in 'CodeFilesController#create'
  [1m[36mTRANSACTION (0.8ms)[0m  [1m[35mCOMMIT /*application:CodeCritic,controller:code_files,action:create*/[0m
  ↳ app/controllers/code_files_controller.rb:18:in 'CodeFilesController#create'
Redirected to http://127.0.0.1:3000/code_files/10
Completed 302 Found in 2355ms (ActiveRecord: 3.5ms | Allocations: 4965)


Started GET "/code_files/10" for 127.0.0.1 at 2026-03-21 16:38:57 +0500
Processing by CodeFilesController#show as TURBO_STREAM
  Parameters: {"id" => "10"}
  [1m[36mCodeFile Load (0.7ms)[0m  [1m[34mSELECT "code_files".* FROM "code_files" WHERE "code_files"."id" = $1 LIMIT $2 /*application:CodeCritic,controller:code_files,action:show*/[0m  [["id", 10], ["LIMIT", 1]]
  ↳ app/controllers/code_files_controller.rb:52:in 'CodeFilesController#set_code_file'
  [1m[36mProject Load (0.4ms)[0m  [1m[34mSELECT "projects".* FROM "projects" WHERE "projects"."id" = $1 LIMIT $2 /*application:CodeCritic,controller:code_files,action:show*/[0m  [["id", 3], ["LIMIT", 1]]
  ↳ app/controllers/code_files_controller.rb:47:in 'CodeFilesController#set_project'
  Rendering layout layouts/application.html.erb
  Rendering code_files/show.html.erb within layouts/application
  [1m[36mUser Load (0.7ms)[0m  [1m[34mSELECT "users".* FROM "users" WHERE "users"."id" = $1 ORDER BY "users"."id" ASC LIMIT $2 /*application:CodeCritic,controller:code_files,action:show*/[0m  [["id", 1], ["LIMIT", 1]]
  ↳ app/views/shared/_navbar.html.erb:24:in '_app_views_shared__navbar_html_erb___71530611_30064'
  Rendered shared/_navbar.html.erb (Duration: 7.2ms | Allocations: 1602)
  Rendered shared/_flash.html.erb (Duration: 0.2ms | Allocations: 22)
  [1m[36mReview Load (1.1ms)[0m  [1m[34mSELECT "reviews".* FROM "reviews" WHERE "reviews"."code_file_id" = $1 LIMIT $2 /*application:CodeCritic,controller:code_files,action:show*/[0m  [["code_file_id", 10], ["LIMIT", 1]]
  ↳ app/views/code_files/show.html.erb:38:in '_app_views_code_files_show_html_erb__688634976_30144'
  Rendered code_files/show.html.erb within layouts/application (Duration: 29.8ms | Allocations: 3858)
  Rendered layout layouts/application.html.erb (Duration: 32.8ms | Allocations: 4526)
Completed 200 OK in 2274ms (Views: 32.9ms | ActiveRecord: 2.9ms | Allocations: 6462)


Started POST "/code_files/10/review" for 127.0.0.1 at 2026-03-21 16:39:14 +0500
Processing by ReviewsController#create as TURBO_STREAM
  Parameters: {"authenticity_token" => "[FILTERED]", "code_file_id" => "10"}
Completed 500 Internal Server Error in 2213ms (ActiveRecord: 0.0ms | Allocations: 1026)


  
NoMethodError (undefined method 'set_project' for an instance of ReviewsController):
  
activesupport (7.0.10) lib/active_support/callbacks.rb:400:in 'block in ActiveSupport::Callbacks::CallTemplate::MethodCall#make_lambda'
activesupport (7.0.10) lib/active_support/callbacks.rb:199:in 'block (2 levels) in ActiveSupport::Callbacks::Filters::Before.halting'
actionpack (7.0.10) lib/abstract_controller/callbacks.rb:34:in 'block (2 levels) in <module:Callbacks>'
activesupport (7.0.10) lib/active_support/callbacks.rb:200:in 'block in ActiveSupport::Callbacks::Filters::Before.halting'
activesupport (7.0.10) lib/active_support/callbacks.rb:595:in 'block in ActiveSupport::Callbacks::CallbackSequence#invoke_before'
activesupport (7.0.10) lib/active_support/callbacks.rb:595:in 'Array#each'
activesupport (7.0.10) lib/active_support/callbacks.rb:595:in 'ActiveSupport::Callbacks::CallbackSequence#invoke_before'
activesupport (7.0.10) lib/active_support/callbacks.rb:116:in 'block in ActiveSupport::Callbacks#run_callbacks'
turbo-rails (2.0.12) lib/turbo-rails.rb:24:in 'Turbo.with_request_id'
turbo-rails (2.0.12) app/controllers/concerns/turbo/request_id_tracking.rb:10:in 'Turbo::RequestIdTracking#turbo_tracking_request_id'
activesupport (7.0.10) lib/active_support/callbacks.rb:127:in 'block in ActiveSupport::Callbacks#run_callbacks'
actiontext (7.0.10) lib/action_text/rendering.rb:20:in 'ActionText::Rendering::ClassMethods#with_renderer'
actiontext (7.0.10) lib/action_text/engine.rb:69:in 'block (4 levels) in <class:Engine>'
activesupport (7.0.10) lib/active_support/callbacks.rb:127:in 'BasicObject#instance_exec'
activesupport (7.0.10) lib/active_support/callbacks.rb:127:in 'block in ActiveSupport::Callbacks#run_callbacks'
activesupport (7.0.10) lib/active_support/callbacks.rb:138:in 'ActiveSupport::Callbacks#run_callbacks'
actionpack (7.0.10) lib/abstract_controller/callbacks.rb:233:in 'AbstractController::Callbacks#process_action'
actionpack (7.0.10) lib/action_controller/metal/rescue.rb:23:in 'ActionController::Rescue#process_action'
actionpack (7.0.10) lib/action_controller/metal/instrumentation.rb:67:in 'block in ActionController::Instrumentation#process_action'
activesupport (7.0.10) lib/active_support/notifications.rb:206:in 'block in ActiveSupport::Notifications.instrument'
activesupport (7.0.10) lib/active_support/notifications/instrumenter.rb:24:in 'ActiveSupport::Notifications::Instrumenter#instrument'
activesupport (7.0.10) lib/active_support/notifications.rb:206:in 'ActiveSupport::Notifications.instrument'
actionpack (7.0.10) lib/action_controller/metal/instrumentation.rb:66:in 'ActionController::Instrumentation#process_action'
actionpack (7.0.10) lib/action_controller/metal/params_wrapper.rb:259:in 'ActionController::ParamsWrapper#process_action'
activerecord (7.0.10) lib/active_record/railties/controller_runtime.rb:27:in 'ActiveRecord::Railties::ControllerRuntime#process_action'
actionpack (7.0.10) lib/abstract_controller/base.rb:151:in 'AbstractController::Base#process'
actionview (7.0.10) lib/action_view/rendering.rb:39:in 'ActionView::Rendering#process'
actionpack (7.0.10) lib/action_controller/metal.rb:188:in 'ActionController::Metal#dispatch'
actionpack (7.0.10) lib/action_controller/metal.rb:251:in 'ActionController::Metal.dispatch'
actionpack (7.0.10) lib/action_dispatch/routing/route_set.rb:49:in 'ActionDispatch::Routing::RouteSet::Dispatcher#dispatch'
actionpack (7.0.10) lib/action_dispatch/routing/route_set.rb:32:in 'ActionDispatch::Routing::RouteSet::Dispatcher#serve'
actionpack (7.0.10) lib/action_dispatch/journey/router.rb:50:in 'block in ActionDispatch::Journey::Router#serve'
actionpack (7.0.10) lib/action_dispatch/journey/router.rb:32:in 'Array#each'
actionpack (7.0.10) lib/action_dispatch/journey/router.rb:32:in 'ActionDispatch::Journey::Router#serve'
actionpack (7.0.10) lib/action_dispatch/routing/route_set.rb:852:in 'ActionDispatch::Routing::RouteSet#call'
warden (1.2.9) lib/warden/manager.rb:36:in 'block in Warden::Manager#call'
warden (1.2.9) lib/warden/manager.rb:34:in 'Kernel#catch'
warden (1.2.9) lib/warden/manager.rb:34:in 'Warden::Manager#call'
rack (2.2.22) lib/rack/tempfile_reaper.rb:15:in 'Rack::TempfileReaper#call'
rack (2.2.22) lib/rack/etag.rb:27:in 'Rack::ETag#call'
rack (2.2.22) lib/rack/conditional_get.rb:40:in 'Rack::ConditionalGet#call'
rack (2.2.22) lib/rack/head.rb:12:in 'Rack::Head#call'
actionpack (7.0.10) lib/action_dispatch/http/permissions_policy.rb:38:in 'ActionDispatch::PermissionsPolicy::Middleware#call'
actionpack (7.0.10) lib/action_dispatch/http/content_security_policy.rb:39:in 'ActionDispatch::ContentSecurityPolicy::Middleware#call'
rack (2.2.22) lib/rack/session/abstract/id.rb:266:in 'Rack::Session::Abstract::Persisted#context'
rack (2.2.22) lib/rack/session/abstract/id.rb:260:in 'Rack::Session::Abstract::Persisted#call'
actionpack (7.0.10) lib/action_dispatch/middleware/cookies.rb:704:in 'ActionDispatch::Cookies#call'
activerecord (7.0.10) lib/active_record/migration.rb:639:in 'ActiveRecord::Migration::CheckPending#call'
actionpack (7.0.10) lib/action_dispatch/middleware/callbacks.rb:27:in 'block in ActionDispatch::Callbacks#call'
activesupport (7.0.10) lib/active_support/callbacks.rb:99:in 'ActiveSupport::Callbacks#run_callbacks'
actionpack (7.0.10) lib/action_dispatch/middleware/callbacks.rb:26:in 'ActionDispatch::Callbacks#call'
actionpack (7.0.10) lib/action_dispatch/middleware/executor.rb:14:in 'ActionDispatch::Executor#call'
actionpack (7.0.10) lib/action_dispatch/middleware/actionable_exceptions.rb:17:in 'ActionDispatch::ActionableExceptions#call'
actionpack (7.0.10) lib/action_dispatch/middleware/debug_exceptions.rb:28:in 'ActionDispatch::DebugExceptions#call'
web-console (4.2.1) lib/web_console/middleware.rb:132:in 'WebConsole::Middleware#call_app'
web-console (4.2.1) lib/web_console/middleware.rb:28:in 'block in WebConsole::Middleware#call'
web-console (4.2.1) lib/web_console/middleware.rb:17:in 'Kernel#catch'
web-console (4.2.1) lib/web_console/middleware.rb:17:in 'WebConsole::Middleware#call'
actionpack (7.0.10) lib/action_dispatch/middleware/show_exceptions.rb:29:in 'ActionDispatch::ShowExceptions#call'
railties (7.0.10) lib/rails/rack/logger.rb:40:in 'Rails::Rack::Logger#call_app'
railties (7.0.10) lib/rails/rack/logger.rb:25:in 'block in Rails::Rack::Logger#call'
activesupport (7.0.10) lib/active_support/tagged_logging.rb:99:in 'block in ActiveSupport::TaggedLogging#tagged'
activesupport (7.0.10) lib/active_support/tagged_logging.rb:37:in 'ActiveSupport::TaggedLogging::Formatter#tagged'
activesupport (7.0.10) lib/active_support/tagged_logging.rb:99:in 'ActiveSupport::TaggedLogging#tagged'
railties (7.0.10) lib/rails/rack/logger.rb:25:in 'Rails::Rack::Logger#call'
actionpack (7.0.10) lib/action_dispatch/middleware/remote_ip.rb:93:in 'ActionDispatch::RemoteIp#call'
actionpack (7.0.10) lib/action_dispatch/middleware/request_id.rb:26:in 'ActionDispatch::RequestId#call'
rack (2.2.22) lib/rack/method_override.rb:24:in 'Rack::MethodOverride#call'
rack (2.2.22) lib/rack/runtime.rb:22:in 'Rack::Runtime#call'
actionpack (7.0.10) lib/action_dispatch/middleware/server_timing.rb:61:in 'block in ActionDispatch::ServerTiming#call'
actionpack (7.0.10) lib/action_dispatch/middleware/server_timing.rb:26:in 'ActionDispatch::ServerTiming::Subscriber#collect_events'
actionpack (7.0.10) lib/action_dispatch/middleware/server_timing.rb:60:in 'ActionDispatch::ServerTiming#call'
actionpack (7.0.10) lib/action_dispatch/middleware/executor.rb:14:in 'ActionDispatch::Executor#call'
propshaft (1.3.1) lib/propshaft/server.rb:37:in 'Propshaft::Server#call'
actionpack (7.0.10) lib/action_dispatch/middleware/static.rb:23:in 'ActionDispatch::Static#call'
rack (2.2.22) lib/rack/sendfile.rb:127:in 'Rack::Sendfile#call'
actionpack (7.0.10) lib/action_dispatch/middleware/host_authorization.rb:138:in 'ActionDispatch::HostAuthorization#call'
railties (7.0.10) lib/rails/engine.rb:531:in 'Rails::Engine#call'
puma (7.2.0) lib/puma/configuration.rb:296:in 'Puma::Configuration::ConfigMiddleware#call'
puma (7.2.0) lib/puma/request.rb:103:in 'block in Puma::Request#handle_request'
puma (7.2.0) lib/puma/thread_pool.rb:355:in 'Puma::ThreadPool#with_force_shutdown'
puma (7.2.0) lib/puma/request.rb:102:in 'Puma::Request#handle_request'
puma (7.2.0) lib/puma/server.rb:503:in 'Puma::Server#process_client'
puma (7.2.0) lib/puma/server.rb:262:in 'block in Puma::Server#run'
puma (7.2.0) lib/puma/thread_pool.rb:182:in 'block in Puma::ThreadPool#spawn_thread'
Started GET "/code_files/10" for 127.0.0.1 at 2026-03-21 16:40:43 +0500
Processing by CodeFilesController#show as HTML
  Parameters: {"id" => "10"}
  [1m[36mCodeFile Load (0.5ms)[0m  [1m[34mSELECT "code_files".* FROM "code_files" WHERE "code_files"."id" = $1 LIMIT $2 /*application:CodeCritic,controller:code_files,action:show*/[0m  [["id", 10], ["LIMIT", 1]]
  ↳ app/controllers/code_files_controller.rb:52:in 'CodeFilesController#set_code_file'
  [1m[36mProject Load (0.5ms)[0m  [1m[34mSELECT "projects".* FROM "projects" WHERE "projects"."id" = $1 LIMIT $2 /*application:CodeCritic,controller:code_files,action:show*/[0m  [["id", 3], ["LIMIT", 1]]
  ↳ app/controllers/code_files_controller.rb:47:in 'CodeFilesController#set_project'
  Rendering layout layouts/application.html.erb
  Rendering code_files/show.html.erb within layouts/application
  [1m[36mUser Load (2.2ms)[0m  [1m[34mSELECT "users".* FROM "users" WHERE "users"."id" = $1 ORDER BY "users"."id" ASC LIMIT $2 /*application:CodeCritic,controller:code_files,action:show*/[0m  [["id", 1], ["LIMIT", 1]]
  ↳ app/views/shared/_navbar.html.erb:24:in '_app_views_shared__navbar_html_erb___71530611_30064'
  Rendered shared/_navbar.html.erb (Duration: 32.7ms | Allocations: 4047)
  Rendered shared/_flash.html.erb (Duration: 0.2ms | Allocations: 22)
  [1m[36mReview Load (0.5ms)[0m  [1m[34mSELECT "reviews".* FROM "reviews" WHERE "reviews"."code_file_id" = $1 LIMIT $2 /*application:CodeCritic,controller:code_files,action:show*/[0m  [["code_file_id", 10], ["LIMIT", 1]]
  ↳ app/views/code_files/show.html.erb:38:in '_app_views_code_files_show_html_erb__688634976_30144'
  Rendered code_files/show.html.erb within layouts/application (Duration: 62.3ms | Allocations: 7916)
  Rendered layout layouts/application.html.erb (Duration: 83.9ms | Allocations: 10234)
Completed 200 OK in 3079ms (Views: 75.0ms | ActiveRecord: 44.5ms | Allocations: 19696)


Started POST "/code_files/10/review" for 127.0.0.1 at 2026-03-21 16:40:53 +0500
Processing by ReviewsController#create as TURBO_STREAM
  Parameters: {"authenticity_token" => "[FILTERED]", "code_file_id" => "10"}
  [1m[36mCodeFile Load (0.4ms)[0m  [1m[34mSELECT "code_files".* FROM "code_files" WHERE "code_files"."id" = $1 LIMIT $2 /*application:CodeCritic,controller:reviews,action:create*/[0m  [["id", 10], ["LIMIT", 1]]
  ↳ app/controllers/reviews_controller.rb:36:in 'ReviewsController#set_code_file'
  [1m[36mReview Load (0.5ms)[0m  [1m[34mSELECT "reviews".* FROM "reviews" WHERE "reviews"."code_file_id" = $1 LIMIT $2 /*application:CodeCritic,controller:reviews,action:create*/[0m  [["code_file_id", 10], ["LIMIT", 1]]
  ↳ app/controllers/reviews_controller.rb:14:in 'ReviewsController#create'
Completed 500 Internal Server Error in 2229ms (ActiveRecord: 0.9ms | Allocations: 2547)


  
NameError (uninitialized constant ReviewsController::AiReviewService):
  
app/controllers/reviews_controller.rb:18:in 'ReviewsController#create'
Started GET "/code_files/10" for 127.0.0.1 at 2026-03-21 16:41:44 +0500
Processing by CodeFilesController#show as HTML
  Parameters: {"id" => "10"}
  [1m[36mCodeFile Load (0.4ms)[0m  [1m[34mSELECT "code_files".* FROM "code_files" WHERE "code_files"."id" = $1 LIMIT $2 /*application:CodeCritic,controller:code_files,action:show*/[0m  [["id", 10], ["LIMIT", 1]]
  ↳ app/controllers/code_files_controller.rb:52:in 'CodeFilesController#set_code_file'
  [1m[36mProject Load (0.5ms)[0m  [1m[34mSELECT "projects".* FROM "projects" WHERE "projects"."id" = $1 LIMIT $2 /*application:CodeCritic,controller:code_files,action:show*/[0m  [["id", 3], ["LIMIT", 1]]
  ↳ app/controllers/code_files_controller.rb:47:in 'CodeFilesController#set_project'
  Rendering layout layouts/application.html.erb
  Rendering code_files/show.html.erb within layouts/application
  [1m[36mUser Load (0.5ms)[0m  [1m[34mSELECT "users".* FROM "users" WHERE "users"."id" = $1 ORDER BY "users"."id" ASC LIMIT $2 /*application:CodeCritic,controller:code_files,action:show*/[0m  [["id", 1], ["LIMIT", 1]]
  ↳ app/views/shared/_navbar.html.erb:24:in '_app_views_shared__navbar_html_erb___71530611_30064'
  Rendered shared/_navbar.html.erb (Duration: 19.9ms | Allocations: 4056)
  Rendered shared/_flash.html.erb (Duration: 0.2ms | Allocations: 22)
  [1m[36mReview Load (0.7ms)[0m  [1m[34mSELECT "reviews".* FROM "reviews" WHERE "reviews"."code_file_id" = $1 LIMIT $2 /*application:CodeCritic,controller:code_files,action:show*/[0m  [["code_file_id", 10], ["LIMIT", 1]]
  ↳ app/views/code_files/show.html.erb:38:in '_app_views_code_files_show_html_erb__688634976_30144'
  Rendered code_files/show.html.erb within layouts/application (Duration: 47.3ms | Allocations: 7925)
  Rendered layout layouts/application.html.erb (Duration: 67.5ms | Allocations: 10251)
Completed 200 OK in 2275ms (Views: 61.3ms | ActiveRecord: 18.8ms | Allocations: 19718)


Started POST "/code_files/10/review" for 127.0.0.1 at 2026-03-21 16:42:10 +0500
Processing by ReviewsController#create as TURBO_STREAM
  Parameters: {"authenticity_token" => "[FILTERED]", "code_file_id" => "10"}
  [1m[36mCodeFile Load (0.4ms)[0m  [1m[34mSELECT "code_files".* FROM "code_files" WHERE "code_files"."id" = $1 LIMIT $2 /*application:CodeCritic,controller:reviews,action:create*/[0m  [["id", 10], ["LIMIT", 1]]
  ↳ app/controllers/reviews_controller.rb:36:in 'ReviewsController#set_code_file'
  [1m[36mReview Load (0.4ms)[0m  [1m[34mSELECT "reviews".* FROM "reviews" WHERE "reviews"."code_file_id" = $1 LIMIT $2 /*application:CodeCritic,controller:reviews,action:create*/[0m  [["code_file_id", 10], ["LIMIT", 1]]
  ↳ app/controllers/reviews_controller.rb:14:in 'ReviewsController#create'
Completed 500 Internal Server Error in 1409ms (ActiveRecord: 0.9ms | Allocations: 50582)


  
Zeitwerk::NameError (expected file D:/code_critic/code_critic/app/services/ai_review_services.rb to define constant AiReviewServices, but didn't):
  
app/controllers/reviews_controller.rb:18:in 'ReviewsController#create'
Started GET "/code_files/10" for 127.0.0.1 at 2026-03-21 16:43:34 +0500
Processing by CodeFilesController#show as HTML
  Parameters: {"id" => "10"}
  [1m[36mCodeFile Load (0.5ms)[0m  [1m[34mSELECT "code_files".* FROM "code_files" WHERE "code_files"."id" = $1 LIMIT $2 /*application:CodeCritic,controller:code_files,action:show*/[0m  [["id", 10], ["LIMIT", 1]]
  ↳ app/controllers/code_files_controller.rb:52:in 'CodeFilesController#set_code_file'
  [1m[36mProject Load (0.6ms)[0m  [1m[34mSELECT "projects".* FROM "projects" WHERE "projects"."id" = $1 LIMIT $2 /*application:CodeCritic,controller:code_files,action:show*/[0m  [["id", 3], ["LIMIT", 1]]
  ↳ app/controllers/code_files_controller.rb:47:in 'CodeFilesController#set_project'
  Rendering layout layouts/application.html.erb
  Rendering code_files/show.html.erb within layouts/application
  [1m[36mUser Load (0.9ms)[0m  [1m[34mSELECT "users".* FROM "users" WHERE "users"."id" = $1 ORDER BY "users"."id" ASC LIMIT $2 /*application:CodeCritic,controller:code_files,action:show*/[0m  [["id", 1], ["LIMIT", 1]]
  ↳ app/views/shared/_navbar.html.erb:24:in '_app_views_shared__navbar_html_erb___71530611_30064'
  Rendered shared/_navbar.html.erb (Duration: 23.7ms | Allocations: 4088)
  Rendered shared/_flash.html.erb (Duration: 0.1ms | Allocations: 24)
  [1m[36mReview Load (0.5ms)[0m  [1m[34mSELECT "reviews".* FROM "reviews" WHERE "reviews"."code_file_id" = $1 LIMIT $2 /*application:CodeCritic,controller:code_files,action:show*/[0m  [["code_file_id", 10], ["LIMIT", 1]]
  ↳ app/views/code_files/show.html.erb:38:in '_app_views_code_files_show_html_erb__688634976_30144'
  Rendered code_files/show.html.erb within layouts/application (Duration: 43.2ms | Allocations: 7959)
  Rendered layout layouts/application.html.erb (Duration: 55.3ms | Allocations: 10277)
Completed 200 OK in 2589ms (Views: 48.9ms | ActiveRecord: 20.2ms | Allocations: 19805)


Started POST "/code_files/10/review" for 127.0.0.1 at 2026-03-21 16:43:46 +0500
Processing by ReviewsController#create as TURBO_STREAM
  Parameters: {"authenticity_token" => "[FILTERED]", "code_file_id" => "10"}
  [1m[36mCodeFile Load (0.3ms)[0m  [1m[34mSELECT "code_files".* FROM "code_files" WHERE "code_files"."id" = $1 LIMIT $2 /*application:CodeCritic,controller:reviews,action:create*/[0m  [["id", 10], ["LIMIT", 1]]
  ↳ app/controllers/reviews_controller.rb:36:in 'ReviewsController#set_code_file'
  [1m[36mReview Load (0.5ms)[0m  [1m[34mSELECT "reviews".* FROM "reviews" WHERE "reviews"."code_file_id" = $1 LIMIT $2 /*application:CodeCritic,controller:reviews,action:create*/[0m  [["code_file_id", 10], ["LIMIT", 1]]
  ↳ app/controllers/reviews_controller.rb:14:in 'ReviewsController#create'
Completed 500 Internal Server Error in 3099ms (ActiveRecord: 4.2ms | Allocations: 7573)


  
NoMethodError (undefined method 'content' for an instance of Review):
  
app/controllers/reviews_controller.rb:20:in 'ReviewsController#create'
Started GET "/code_files/10" for 127.0.0.1 at 2026-03-21 16:44:57 +0500
Processing by CodeFilesController#show as HTML
  Parameters: {"id" => "10"}
  [1m[36mCodeFile Load (0.6ms)[0m  [1m[34mSELECT "code_files".* FROM "code_files" WHERE "code_files"."id" = $1 LIMIT $2 /*application:CodeCritic,controller:code_files,action:show*/[0m  [["id", 10], ["LIMIT", 1]]
  ↳ app/controllers/code_files_controller.rb:52:in 'CodeFilesController#set_code_file'
  [1m[36mProject Load (0.5ms)[0m  [1m[34mSELECT "projects".* FROM "projects" WHERE "projects"."id" = $1 LIMIT $2 /*application:CodeCritic,controller:code_files,action:show*/[0m  [["id", 3], ["LIMIT", 1]]
  ↳ app/controllers/code_files_controller.rb:47:in 'CodeFilesController#set_project'
  Rendering layout layouts/application.html.erb
  Rendering code_files/show.html.erb within layouts/application
  [1m[36mUser Load (0.5ms)[0m  [1m[34mSELECT "users".* FROM "users" WHERE "users"."id" = $1 ORDER BY "users"."id" ASC LIMIT $2 /*application:CodeCritic,controller:code_files,action:show*/[0m  [["id", 1], ["LIMIT", 1]]
  ↳ app/views/shared/_navbar.html.erb:24:in '_app_views_shared__navbar_html_erb___71530611_30064'
  Rendered shared/_navbar.html.erb (Duration: 23.7ms | Allocations: 4074)
  Rendered shared/_flash.html.erb (Duration: 0.1ms | Allocations: 22)
  [1m[36mReview Load (1.6ms)[0m  [1m[34mSELECT "reviews".* FROM "reviews" WHERE "reviews"."code_file_id" = $1 LIMIT $2 /*application:CodeCritic,controller:code_files,action:show*/[0m  [["code_file_id", 10], ["LIMIT", 1]]
  ↳ app/views/code_files/show.html.erb:38:in '_app_views_code_files_show_html_erb__688634976_30144'
  Rendered code_files/show.html.erb within layouts/application (Duration: 43.0ms | Allocations: 7940)
  Rendered layout layouts/application.html.erb (Duration: 56.3ms | Allocations: 10257)
Completed 200 OK in 2365ms (Views: 50.2ms | ActiveRecord: 28.5ms | Allocations: 19716)


Started POST "/code_files/10/review" for 127.0.0.1 at 2026-03-21 16:45:09 +0500
Processing by ReviewsController#create as TURBO_STREAM
  Parameters: {"authenticity_token" => "[FILTERED]", "code_file_id" => "10"}
  [1m[36mCodeFile Load (0.5ms)[0m  [1m[34mSELECT "code_files".* FROM "code_files" WHERE "code_files"."id" = $1 LIMIT $2 /*application:CodeCritic,controller:reviews,action:create*/[0m  [["id", 10], ["LIMIT", 1]]
  ↳ app/controllers/reviews_controller.rb:36:in 'ReviewsController#set_code_file'
  [1m[36mReview Load (0.4ms)[0m  [1m[34mSELECT "reviews".* FROM "reviews" WHERE "reviews"."code_file_id" = $1 LIMIT $2 /*application:CodeCritic,controller:reviews,action:create*/[0m  [["code_file_id", 10], ["LIMIT", 1]]
  ↳ app/controllers/reviews_controller.rb:14:in 'ReviewsController#create'
Completed 500 Internal Server Error in 2756ms (ActiveRecord: 7.2ms | Allocations: 6230)


  
NoMethodError (undefined method 'content' for an instance of Review):
  
app/controllers/reviews_controller.rb:20:in 'ReviewsController#create'
Started GET "/code_files/10" for 127.0.0.1 at 2026-03-21 16:46:17 +0500
Processing by CodeFilesController#show as HTML
  Parameters: {"id" => "10"}
  [1m[36mCodeFile Load (0.8ms)[0m  [1m[34mSELECT "code_files".* FROM "code_files" WHERE "code_files"."id" = $1 LIMIT $2 /*application:CodeCritic,controller:code_files,action:show*/[0m  [["id", 10], ["LIMIT", 1]]
  ↳ app/controllers/code_files_controller.rb:52:in 'CodeFilesController#set_code_file'
  [1m[36mProject Load (0.6ms)[0m  [1m[34mSELECT "projects".* FROM "projects" WHERE "projects"."id" = $1 LIMIT $2 /*application:CodeCritic,controller:code_files,action:show*/[0m  [["id", 3], ["LIMIT", 1]]
  ↳ app/controllers/code_files_controller.rb:47:in 'CodeFilesController#set_project'
  Rendering layout layouts/application.html.erb
  Rendering code_files/show.html.erb within layouts/application
  [1m[36mUser Load (0.5ms)[0m  [1m[34mSELECT "users".* FROM "users" WHERE "users"."id" = $1 ORDER BY "users"."id" ASC LIMIT $2 /*application:CodeCritic,controller:code_files,action:show*/[0m  [["id", 1], ["LIMIT", 1]]
  ↳ app/views/shared/_navbar.html.erb:24:in '_app_views_shared__navbar_html_erb___71530611_30064'
  Rendered shared/_navbar.html.erb (Duration: 26.2ms | Allocations: 4038)
  Rendered shared/_flash.html.erb (Duration: 0.2ms | Allocations: 22)
  [1m[36mReview Load (0.5ms)[0m  [1m[34mSELECT "reviews".* FROM "reviews" WHERE "reviews"."code_file_id" = $1 LIMIT $2 /*application:CodeCritic,controller:code_files,action:show*/[0m  [["code_file_id", 10], ["LIMIT", 1]]
  ↳ app/views/code_files/show.html.erb:38:in '_app_views_code_files_show_html_erb__688634976_30144'
  Rendered code_files/show.html.erb within layouts/application (Duration: 52.5ms | Allocations: 7907)
  Rendered layout layouts/application.html.erb (Duration: 76.7ms | Allocations: 10225)
Completed 200 OK in 2533ms (Views: 68.7ms | ActiveRecord: 23.9ms | Allocations: 19704)


Started POST "/code_files/10/review" for 127.0.0.1 at 2026-03-21 16:46:30 +0500
Processing by ReviewsController#create as TURBO_STREAM
  Parameters: {"authenticity_token" => "[FILTERED]", "code_file_id" => "10"}
  [1m[36mCodeFile Load (0.5ms)[0m  [1m[34mSELECT "code_files".* FROM "code_files" WHERE "code_files"."id" = $1 LIMIT $2 /*application:CodeCritic,controller:reviews,action:create*/[0m  [["id", 10], ["LIMIT", 1]]
  ↳ app/controllers/reviews_controller.rb:32:in 'ReviewsController#set_code_file'
  [1m[36mReview Load (0.6ms)[0m  [1m[34mSELECT "reviews".* FROM "reviews" WHERE "reviews"."code_file_id" = $1 LIMIT $2 /*application:CodeCritic,controller:reviews,action:create*/[0m  [["code_file_id", 10], ["LIMIT", 1]]
  ↳ app/controllers/reviews_controller.rb:6:in 'ReviewsController#create'
  [1m[36mCodeFile Load (0.5ms)[0m  [1m[34mSELECT "code_files".* FROM "code_files" WHERE "code_files"."id" = $1 LIMIT $2 /*application:CodeCritic,controller:reviews,action:create*/[0m  [["id", 10], ["LIMIT", 1]]
  ↳ app/controllers/reviews_controller.rb:7:in 'ReviewsController#create'
Completed 500 Internal Server Error in 2959ms (ActiveRecord: 8.0ms | Allocations: 7261)


  
NoMethodError (undefined method 'content' for an instance of Review):
  
app/controllers/reviews_controller.rb:13:in 'ReviewsController#create'
Started GET "/code_files/10" for 127.0.0.1 at 2026-03-21 16:47:43 +0500
Processing by CodeFilesController#show as HTML
  Parameters: {"id" => "10"}
  [1m[36mCodeFile Load (0.4ms)[0m  [1m[34mSELECT "code_files".* FROM "code_files" WHERE "code_files"."id" = $1 LIMIT $2 /*application:CodeCritic,controller:code_files,action:show*/[0m  [["id", 10], ["LIMIT", 1]]
  ↳ app/controllers/code_files_controller.rb:52:in 'CodeFilesController#set_code_file'
  [1m[36mProject Load (0.4ms)[0m  [1m[34mSELECT "projects".* FROM "projects" WHERE "projects"."id" = $1 LIMIT $2 /*application:CodeCritic,controller:code_files,action:show*/[0m  [["id", 3], ["LIMIT", 1]]
  ↳ app/controllers/code_files_controller.rb:47:in 'CodeFilesController#set_project'
  Rendering layout layouts/application.html.erb
  Rendering code_files/show.html.erb within layouts/application
  [1m[36mUser Load (0.8ms)[0m  [1m[34mSELECT "users".* FROM "users" WHERE "users"."id" = $1 ORDER BY "users"."id" ASC LIMIT $2 /*application:CodeCritic,controller:code_files,action:show*/[0m  [["id", 1], ["LIMIT", 1]]
  ↳ app/views/shared/_navbar.html.erb:24:in '_app_views_shared__navbar_html_erb___71530611_30064'
  Rendered shared/_navbar.html.erb (Duration: 17.5ms | Allocations: 4053)
  Rendered shared/_flash.html.erb (Duration: 0.1ms | Allocations: 22)
  [1m[36mReview Load (0.4ms)[0m  [1m[34mSELECT "reviews".* FROM "reviews" WHERE "reviews"."code_file_id" = $1 LIMIT $2 /*application:CodeCritic,controller:code_files,action:show*/[0m  [["code_file_id", 10], ["LIMIT", 1]]
  ↳ app/views/code_files/show.html.erb:38:in '_app_views_code_files_show_html_erb__688634976_30144'
  Rendered code_files/show.html.erb within layouts/application (Duration: 37.5ms | Allocations: 7922)
  Rendered layout layouts/application.html.erb (Duration: 52.4ms | Allocations: 10240)
Completed 200 OK in 2050ms (Views: 48.1ms | ActiveRecord: 15.0ms | Allocations: 19697)


Started POST "/code_files/10/review" for 127.0.0.1 at 2026-03-21 16:47:52 +0500
Processing by ReviewsController#create as TURBO_STREAM
  Parameters: {"authenticity_token" => "[FILTERED]", "code_file_id" => "10"}
  [1m[36mCodeFile Load (0.5ms)[0m  [1m[34mSELECT "code_files".* FROM "code_files" WHERE "code_files"."id" = $1 LIMIT $2 /*application:CodeCritic,controller:reviews,action:create*/[0m  [["id", 10], ["LIMIT", 1]]
  ↳ app/controllers/reviews_controller.rb:32:in 'ReviewsController#set_code_file'
  [1m[36mCACHE CodeFile Load (0.0ms)[0m  [1m[34mSELECT "code_files".* FROM "code_files" WHERE "code_files"."id" = $1 LIMIT $2[0m  [["id", 10], ["LIMIT", 1]]
  ↳ app/controllers/reviews_controller.rb:6:in 'ReviewsController#create'
  [1m[36mReview Load (0.9ms)[0m  [1m[34mSELECT "reviews".* FROM "reviews" WHERE "reviews"."code_file_id" = $1 LIMIT $2 /*application:CodeCritic,controller:reviews,action:create*/[0m  [["code_file_id", 10], ["LIMIT", 1]]
  ↳ app/controllers/reviews_controller.rb:7:in 'ReviewsController#create'
Completed 500 Internal Server Error in 3227ms (ActiveRecord: 4.6ms | Allocations: 6797)


  
NoMethodError (undefined method 'content' for an instance of Review):
  
app/controllers/reviews_controller.rb:13:in 'ReviewsController#create'
Started GET "/code_files/10" for 127.0.0.1 at 2026-03-21 16:49:09 +0500
Processing by CodeFilesController#show as HTML
  Parameters: {"id" => "10"}
  [1m[36mCodeFile Load (0.4ms)[0m  [1m[34mSELECT "code_files".* FROM "code_files" WHERE "code_files"."id" = $1 LIMIT $2 /*application:CodeCritic,controller:code_files,action:show*/[0m  [["id", 10], ["LIMIT", 1]]
  ↳ app/controllers/code_files_controller.rb:52:in 'CodeFilesController#set_code_file'
  [1m[36mProject Load (0.7ms)[0m  [1m[34mSELECT "projects".* FROM "projects" WHERE "projects"."id" = $1 LIMIT $2 /*application:CodeCritic,controller:code_files,action:show*/[0m  [["id", 3], ["LIMIT", 1]]
  ↳ app/controllers/code_files_controller.rb:47:in 'CodeFilesController#set_project'
  Rendering layout layouts/application.html.erb
  Rendering code_files/show.html.erb within layouts/application
  [1m[36mUser Load (0.5ms)[0m  [1m[34mSELECT "users".* FROM "users" WHERE "users"."id" = $1 ORDER BY "users"."id" ASC LIMIT $2 /*application:CodeCritic,controller:code_files,action:show*/[0m  [["id", 1], ["LIMIT", 1]]
  ↳ app/views/shared/_navbar.html.erb:24:in '_app_views_shared__navbar_html_erb___71530611_30064'
  Rendered shared/_navbar.html.erb (Duration: 30.9ms | Allocations: 4047)
  Rendered shared/_flash.html.erb (Duration: 0.2ms | Allocations: 22)
  [1m[36mReview Load (0.4ms)[0m  [1m[34mSELECT "reviews".* FROM "reviews" WHERE "reviews"."code_file_id" = $1 LIMIT $2 /*application:CodeCritic,controller:code_files,action:show*/[0m  [["code_file_id", 10], ["LIMIT", 1]]
  ↳ app/views/code_files/show.html.erb:38:in '_app_views_code_files_show_html_erb__688634976_30144'
  Rendered code_files/show.html.erb within layouts/application (Duration: 56.5ms | Allocations: 7916)
  Rendered layout layouts/application.html.erb (Duration: 76.3ms | Allocations: 10234)
Completed 200 OK in 2332ms (Views: 69.3ms | ActiveRecord: 23.8ms | Allocations: 19694)


Started POST "/code_files/10/review" for 127.0.0.1 at 2026-03-21 16:49:20 +0500
Processing by ReviewsController#create as TURBO_STREAM
  Parameters: {"authenticity_token" => "[FILTERED]", "code_file_id" => "10"}
  [1m[36mCodeFile Load (0.5ms)[0m  [1m[34mSELECT "code_files".* FROM "code_files" WHERE "code_files"."id" = $1 LIMIT $2 /*application:CodeCritic,controller:reviews,action:create*/[0m  [["id", 10], ["LIMIT", 1]]
  ↳ app/controllers/reviews_controller.rb:32:in 'ReviewsController#set_code_file'
  [1m[36mCACHE CodeFile Load (0.0ms)[0m  [1m[34mSELECT "code_files".* FROM "code_files" WHERE "code_files"."id" = $1 LIMIT $2[0m  [["id", 10], ["LIMIT", 1]]
  ↳ app/controllers/reviews_controller.rb:6:in 'ReviewsController#create'
  [1m[36mReview Load (0.3ms)[0m  [1m[34mSELECT "reviews".* FROM "reviews" WHERE "reviews"."code_file_id" = $1 LIMIT $2 /*application:CodeCritic,controller:reviews,action:create*/[0m  [["code_file_id", 10], ["LIMIT", 1]]
  ↳ app/controllers/reviews_controller.rb:7:in 'ReviewsController#create'
Completed 500 Internal Server Error in 2749ms (ActiveRecord: 7.0ms | Allocations: 6719)


  
NoMethodError (undefined method 'content' for an instance of Review):
  
app/controllers/reviews_controller.rb:13:in 'ReviewsController#create'
Started GET "/code_files/10" for 127.0.0.1 at 2026-03-21 16:52:06 +0500
Processing by CodeFilesController#show as HTML
  Parameters: {"id" => "10"}
  [1m[36mCodeFile Load (0.4ms)[0m  [1m[34mSELECT "code_files".* FROM "code_files" WHERE "code_files"."id" = $1 LIMIT $2 /*application:CodeCritic,controller:code_files,action:show*/[0m  [["id", 10], ["LIMIT", 1]]
  ↳ app/controllers/code_files_controller.rb:52:in 'CodeFilesController#set_code_file'
  [1m[36mProject Load (0.4ms)[0m  [1m[34mSELECT "projects".* FROM "projects" WHERE "projects"."id" = $1 LIMIT $2 /*application:CodeCritic,controller:code_files,action:show*/[0m  [["id", 3], ["LIMIT", 1]]
  ↳ app/controllers/code_files_controller.rb:47:in 'CodeFilesController#set_project'
  Rendering layout layouts/application.html.erb
  Rendering code_files/show.html.erb within layouts/application
  [1m[36mUser Load (0.5ms)[0m  [1m[34mSELECT "users".* FROM "users" WHERE "users"."id" = $1 ORDER BY "users"."id" ASC LIMIT $2 /*application:CodeCritic,controller:code_files,action:show*/[0m  [["id", 1], ["LIMIT", 1]]
  ↳ app/views/shared/_navbar.html.erb:24:in '_app_views_shared__navbar_html_erb___71530611_30064'
  Rendered shared/_navbar.html.erb (Duration: 25.6ms | Allocations: 4053)
  Rendered shared/_flash.html.erb (Duration: 0.2ms | Allocations: 22)
  [1m[36mReview Load (0.3ms)[0m  [1m[34mSELECT "reviews".* FROM "reviews" WHERE "reviews"."code_file_id" = $1 LIMIT $2 /*application:CodeCritic,controller:code_files,action:show*/[0m  [["code_file_id", 10], ["LIMIT", 1]]
  ↳ app/views/code_files/show.html.erb:38:in '_app_views_code_files_show_html_erb__688634976_30144'
  Rendered code_files/show.html.erb within layouts/application (Duration: 52.6ms | Allocations: 7922)
  Rendered layout layouts/application.html.erb (Duration: 69.0ms | Allocations: 10240)
Completed 200 OK in 2021ms (Views: 63.9ms | ActiveRecord: 20.4ms | Allocations: 19697)


Started POST "/code_files/10/review" for 127.0.0.1 at 2026-03-21 16:52:16 +0500
Processing by ReviewsController#create as TURBO_STREAM
  Parameters: {"authenticity_token" => "[FILTERED]", "code_file_id" => "10"}
  [1m[36mCodeFile Load (0.4ms)[0m  [1m[34mSELECT "code_files".* FROM "code_files" WHERE "code_files"."id" = $1 LIMIT $2 /*application:CodeCritic,controller:reviews,action:create*/[0m  [["id", 10], ["LIMIT", 1]]
  ↳ app/controllers/reviews_controller.rb:36:in 'ReviewsController#set_code_file'
  [1m[36mCACHE CodeFile Load (0.0ms)[0m  [1m[34mSELECT "code_files".* FROM "code_files" WHERE "code_files"."id" = $1 LIMIT $2[0m  [["id", 10], ["LIMIT", 1]]
  ↳ app/controllers/reviews_controller.rb:6:in 'ReviewsController#create'
Completed 500 Internal Server Error in 2269ms (ActiveRecord: 0.5ms | Allocations: 2315)


  
RuntimeError (DEBUG => code_file class: CodeFile, content: String):
  
app/controllers/reviews_controller.rb:8:in 'ReviewsController#create'
Started GET "/code_files/10" for 127.0.0.1 at 2026-03-21 16:53:42 +0500
Processing by CodeFilesController#show as HTML
  Parameters: {"id" => "10"}
  [1m[36mCodeFile Load (0.5ms)[0m  [1m[34mSELECT "code_files".* FROM "code_files" WHERE "code_files"."id" = $1 LIMIT $2 /*application:CodeCritic,controller:code_files,action:show*/[0m  [["id", 10], ["LIMIT", 1]]
  ↳ app/controllers/code_files_controller.rb:52:in 'CodeFilesController#set_code_file'
  [1m[36mProject Load (0.4ms)[0m  [1m[34mSELECT "projects".* FROM "projects" WHERE "projects"."id" = $1 LIMIT $2 /*application:CodeCritic,controller:code_files,action:show*/[0m  [["id", 3], ["LIMIT", 1]]
  ↳ app/controllers/code_files_controller.rb:47:in 'CodeFilesController#set_project'
  Rendering layout layouts/application.html.erb
  Rendering code_files/show.html.erb within layouts/application
  [1m[36mUser Load (0.5ms)[0m  [1m[34mSELECT "users".* FROM "users" WHERE "users"."id" = $1 ORDER BY "users"."id" ASC LIMIT $2 /*application:CodeCritic,controller:code_files,action:show*/[0m  [["id", 1], ["LIMIT", 1]]
  ↳ app/views/shared/_navbar.html.erb:24:in '_app_views_shared__navbar_html_erb___71530611_30064'
  Rendered shared/_navbar.html.erb (Duration: 18.3ms | Allocations: 4047)
  Rendered shared/_flash.html.erb (Duration: 0.1ms | Allocations: 22)
  [1m[36mReview Load (0.4ms)[0m  [1m[34mSELECT "reviews".* FROM "reviews" WHERE "reviews"."code_file_id" = $1 LIMIT $2 /*application:CodeCritic,controller:code_files,action:show*/[0m  [["code_file_id", 10], ["LIMIT", 1]]
  ↳ app/views/code_files/show.html.erb:38:in '_app_views_code_files_show_html_erb__688634976_30144'
  Rendered code_files/show.html.erb within layouts/application (Duration: 36.5ms | Allocations: 7912)
  Rendered layout layouts/application.html.erb (Duration: 49.2ms | Allocations: 10230)
Completed 200 OK in 2075ms (Views: 45.7ms | ActiveRecord: 14.7ms | Allocations: 19687)


Started POST "/code_files/10/review" for 127.0.0.1 at 2026-03-21 16:53:52 +0500
Processing by ReviewsController#create as TURBO_STREAM
  Parameters: {"authenticity_token" => "[FILTERED]", "code_file_id" => "10"}
  [1m[36mCodeFile Load (0.3ms)[0m  [1m[34mSELECT "code_files".* FROM "code_files" WHERE "code_files"."id" = $1 LIMIT $2 /*application:CodeCritic,controller:reviews,action:create*/[0m  [["id", 10], ["LIMIT", 1]]
  ↳ app/controllers/reviews_controller.rb:32:in 'ReviewsController#set_code_file'
  [1m[36mCACHE CodeFile Load (0.0ms)[0m  [1m[34mSELECT "code_files".* FROM "code_files" WHERE "code_files"."id" = $1 LIMIT $2[0m  [["id", 10], ["LIMIT", 1]]
  ↳ app/controllers/reviews_controller.rb:6:in 'ReviewsController#create'
  [1m[36mReview Load (0.6ms)[0m  [1m[34mSELECT "reviews".* FROM "reviews" WHERE "reviews"."code_file_id" = $1 LIMIT $2 /*application:CodeCritic,controller:reviews,action:create*/[0m  [["code_file_id", 10], ["LIMIT", 1]]
  ↳ app/controllers/reviews_controller.rb:7:in 'ReviewsController#create'
Completed 500 Internal Server Error in 2926ms (ActiveRecord: 6.6ms | Allocations: 6718)


  
NoMethodError (undefined method 'content' for an instance of Review):
  
app/controllers/reviews_controller.rb:12:in 'ReviewsController#create'
  [1m[36mCodeFile Load (3.3ms)[0m  [1m[34mSELECT "code_files".* FROM "code_files" WHERE "code_files"."id" = $1 LIMIT $2 /*application:CodeCritic*/[0m  [["id", 10], ["LIMIT", 1]]
Started GET "/code_files/10" for 127.0.0.1 at 2026-03-21 17:35:37 +0500
Processing by CodeFilesController#show as HTML
  Parameters: {"id" => "10"}
  [1m[36mCodeFile Load (1.0ms)[0m  [1m[34mSELECT "code_files".* FROM "code_files" WHERE "code_files"."id" = $1 LIMIT $2 /*application:CodeCritic,controller:code_files,action:show*/[0m  [["id", 10], ["LIMIT", 1]]
  ↳ app/controllers/code_files_controller.rb:52:in 'CodeFilesController#set_code_file'
  [1m[36mProject Load (1.3ms)[0m  [1m[34mSELECT "projects".* FROM "projects" WHERE "projects"."id" = $1 LIMIT $2 /*application:CodeCritic,controller:code_files,action:show*/[0m  [["id", 3], ["LIMIT", 1]]
  ↳ app/controllers/code_files_controller.rb:47:in 'CodeFilesController#set_project'
  Rendering layout layouts/application.html.erb
  Rendering code_files/show.html.erb within layouts/application
  [1m[36mUser Load (4.5ms)[0m  [1m[34mSELECT "users".* FROM "users" WHERE "users"."id" = $1 ORDER BY "users"."id" ASC LIMIT $2 /*application:CodeCritic,controller:code_files,action:show*/[0m  [["id", 1], ["LIMIT", 1]]
  ↳ app/views/shared/_navbar.html.erb:24:in '_app_views_shared__navbar_html_erb___71530611_30064'
  Rendered shared/_navbar.html.erb (Duration: 18.2ms | Allocations: 3803)
  Rendered shared/_flash.html.erb (Duration: 0.2ms | Allocations: 22)
  [1m[36mReview Load (1.1ms)[0m  [1m[34mSELECT "reviews".* FROM "reviews" WHERE "reviews"."code_file_id" = $1 LIMIT $2 /*application:CodeCritic,controller:code_files,action:show*/[0m  [["code_file_id", 10], ["LIMIT", 1]]
  ↳ app/views/code_files/show.html.erb:38:in '_app_views_code_files_show_html_erb__688634976_30144'
  Rendered code_files/show.html.erb within layouts/application (Duration: 42.0ms | Allocations: 7483)
  Rendered layout layouts/application.html.erb (Duration: 58.9ms | Allocations: 9800)
Completed 200 OK in 1658ms (Views: 55.7ms | ActiveRecord: 22.3ms | Allocations: 22637)


Started POST "/code_files/10/review" for 127.0.0.1 at 2026-03-21 17:35:45 +0500
Processing by ReviewsController#create as TURBO_STREAM
  Parameters: {"authenticity_token" => "[FILTERED]", "code_file_id" => "10"}
  [1m[36mCodeFile Load (0.4ms)[0m  [1m[34mSELECT "code_files".* FROM "code_files" WHERE "code_files"."id" = $1 LIMIT $2 /*application:CodeCritic,controller:reviews,action:create*/[0m  [["id", 10], ["LIMIT", 1]]
  ↳ app/controllers/reviews_controller.rb:32:in 'ReviewsController#set_code_file'
  [1m[36mCACHE CodeFile Load (0.0ms)[0m  [1m[34mSELECT "code_files".* FROM "code_files" WHERE "code_files"."id" = $1 LIMIT $2[0m  [["id", 10], ["LIMIT", 1]]
  ↳ app/controllers/reviews_controller.rb:6:in 'ReviewsController#create'
  [1m[36mReview Load (0.5ms)[0m  [1m[34mSELECT "reviews".* FROM "reviews" WHERE "reviews"."code_file_id" = $1 LIMIT $2 /*application:CodeCritic,controller:reviews,action:create*/[0m  [["code_file_id", 10], ["LIMIT", 1]]
  ↳ app/controllers/reviews_controller.rb:7:in 'ReviewsController#create'
HF AI Error: Failed to open TCP connection to api-inference.huggingface.co:443 (getaddrinfo: No such host is known. )
Completed 500 Internal Server Error in 13151ms (ActiveRecord: 0.8ms | Allocations: 6037)


  
NoMethodError (undefined method 'content' for an instance of Review):
  
app/controllers/reviews_controller.rb:12:in 'ReviewsController#create'
Started PUT "/__web_console/repl_sessions/bf64d0cd90de617dfb81b513518805b5" for 127.0.0.1 at 2026-03-21 17:38:57 +0500
Started PUT "/__web_console/repl_sessions/bf64d0cd90de617dfb81b513518805b5" for 127.0.0.1 at 2026-03-21 17:39:03 +0500
Started PUT "/__web_console/repl_sessions/bf64d0cd90de617dfb81b513518805b5" for 127.0.0.1 at 2026-03-21 17:39:05 +0500
Started PUT "/__web_console/repl_sessions/bf64d0cd90de617dfb81b513518805b5" for 127.0.0.1 at 2026-03-21 17:39:05 +0500
Started POST "/__web_console/repl_sessions/bf64d0cd90de617dfb81b513518805b5/trace" for 127.0.0.1 at 2026-03-21 17:39:18 +0500
Started POST "/__web_console/repl_sessions/bf64d0cd90de617dfb81b513518805b5/trace" for 127.0.0.1 at 2026-03-21 17:39:20 +0500
Started POST "/__web_console/repl_sessions/bf64d0cd90de617dfb81b513518805b5/trace" for 127.0.0.1 at 2026-03-21 17:39:21 +0500
Started GET "/" for 127.0.0.1 at 2026-03-21 17:40:22 +0500
  [1m[36mActiveRecord::SchemaMigration Pluck (3.6ms)[0m  [1m[34mSELECT "schema_migrations"."version" FROM "schema_migrations" ORDER BY "schema_migrations"."version" ASC /*application:CodeCritic*/[0m
Processing by Rails::WelcomeController#index as HTML
  Rendering C:/Ruby34-x64/lib/ruby/gems/3.4.0/gems/railties-7.0.10/lib/rails/templates/rails/welcome/index.html.erb
  Rendered C:/Ruby34-x64/lib/ruby/gems/3.4.0/gems/railties-7.0.10/lib/rails/templates/rails/welcome/index.html.erb (Duration: 3.5ms | Allocations: 384)
Completed 200 OK in 1352ms (Views: 13.3ms | ActiveRecord: 0.0ms | Allocations: 4824)


Started GET "/projects" for 127.0.0.1 at 2026-03-21 17:40:35 +0500
Processing by ProjectsController#index as HTML
  [1m[36mUser Load (1.9ms)[0m  [1m[34mSELECT "users".* FROM "users" WHERE "users"."id" = $1 ORDER BY "users"."id" ASC LIMIT $2 /*application:CodeCritic,controller:projects,action:index*/[0m  [["id", 1], ["LIMIT", 1]]
  ↳ app/controllers/projects_controller.rb:6:in 'ProjectsController#index'
  [1m[36mProject Load (1.2ms)[0m  [1m[34mSELECT "projects".* FROM "projects" WHERE "projects"."user_id" = $1 /*application:CodeCritic,controller:projects,action:index*/[0m  [["user_id", 1]]
  ↳ app/controllers/projects_controller.rb:7:in 'block in ProjectsController#index'
  Rendering layout layouts/application.html.erb
  Rendering projects/index.html.erb within layouts/application
  Rendered shared/_navbar.html.erb (Duration: 4.4ms | Allocations: 721)
  Rendered shared/_flash.html.erb (Duration: 2.0ms | Allocations: 163)
  [1m[36mCodeFile Count (7.4ms)[0m  [1m[34mSELECT COUNT(*) FROM "code_files" WHERE "code_files"."project_id" = $1 /*application:CodeCritic,controller:projects,action:index*/[0m  [["project_id", 1]]
  ↳ app/views/projects/index.html.erb:49:in 'block in _app_views_projects_index_html_erb___752778919_12392'
  [1m[36mCodeFile Count (0.6ms)[0m  [1m[34mSELECT COUNT(*) FROM "code_files" WHERE "code_files"."project_id" = $1 /*application:CodeCritic,controller:projects,action:index*/[0m  [["project_id", 3]]
  ↳ app/views/projects/index.html.erb:49:in 'block in _app_views_projects_index_html_erb___752778919_12392'
  Rendered projects/index.html.erb within layouts/application (Duration: 52.4ms | Allocations: 6064)
  Rendered layout layouts/application.html.erb (Duration: 118.9ms | Allocations: 14467)
Completed 200 OK in 2396ms (Views: 129.0ms | ActiveRecord: 28.5ms | Allocations: 32416)


Started GET "/projects/3" for 127.0.0.1 at 2026-03-21 17:40:45 +0500
Processing by ProjectsController#show as HTML
  Parameters: {"id" => "3"}
  [1m[36mUser Load (1.1ms)[0m  [1m[34mSELECT "users".* FROM "users" WHERE "users"."id" = $1 ORDER BY "users"."id" ASC LIMIT $2 /*application:CodeCritic,controller:projects,action:show*/[0m  [["id", 1], ["LIMIT", 1]]
  ↳ app/controllers/projects_controller.rb:47:in 'ProjectsController#set_project'
  [1m[36mProject Load (0.8ms)[0m  [1m[34mSELECT "projects".* FROM "projects" WHERE "projects"."user_id" = $1 AND "projects"."id" = $2 LIMIT $3 /*application:CodeCritic,controller:projects,action:show*/[0m  [["user_id", 1], ["id", 3], ["LIMIT", 1]]
  ↳ app/controllers/projects_controller.rb:47:in 'ProjectsController#set_project'
  Rendering layout layouts/application.html.erb
  Rendering projects/show.html.erb within layouts/application
  Rendered shared/_navbar.html.erb (Duration: 2.0ms | Allocations: 313)
  Rendered shared/_flash.html.erb (Duration: 0.3ms | Allocations: 19)
  [1m[36mCodeFile Count (1.0ms)[0m  [1m[34mSELECT COUNT(*) FROM "code_files" WHERE "code_files"."project_id" = $1 /*application:CodeCritic,controller:projects,action:show*/[0m  [["project_id", 3]]
  ↳ app/views/projects/show.html.erb:39:in '_app_views_projects_show_html_erb___137821477_12496'
  [1m[36mCACHE CodeFile Count (0.0ms)[0m  [1m[34mSELECT COUNT(*) FROM "code_files" WHERE "code_files"."project_id" = $1[0m  [["project_id", 3]]
  ↳ app/views/projects/show.html.erb:64:in '_app_views_projects_show_html_erb___137821477_12496'
  [1m[36mCodeFile Exists? (1.1ms)[0m  [1m[34mSELECT 1 AS one FROM "code_files" WHERE "code_files"."project_id" = $1 LIMIT $2 /*application:CodeCritic,controller:projects,action:show*/[0m  [["project_id", 3], ["LIMIT", 1]]
  ↳ app/views/projects/show.html.erb:67:in '_app_views_projects_show_html_erb___137821477_12496'
  [1m[36mCodeFile Load (2.2ms)[0m  [1m[34mSELECT "code_files".* FROM "code_files" WHERE "code_files"."project_id" = $1 ORDER BY "code_files"."created_at" DESC /*application:CodeCritic,controller:projects,action:show*/[0m  [["project_id", 3]]
  ↳ app/views/projects/show.html.erb:80:in '_app_views_projects_show_html_erb___137821477_12496'
  Rendered projects/show.html.erb within layouts/application (Duration: 526.1ms | Allocations: 18386)
  Rendered layout layouts/application.html.erb (Duration: 529.1ms | Allocations: 18468)
Completed 500 Internal Server Error in 2431ms (ActiveRecord: 9.1ms | Allocations: 21106)


  
ActionView::Template::Error (undefined method 'title' for an instance of CodeFile):
    86:                         <path stroke-linecap="round" stroke-linejoin="round" stroke-width="1.5" d="M10 20l4-16m4 4l4 4-4 4M6 16l-4-4 4-4"/>
    87:                       </svg>
    88:                     </div>
    89:                     <span class="text-white text-sm font-medium"><%= code_file.title %></span>
    90:                   </div>
    91:                 </td>
    92:                 <td class="px-5 py-4 hidden sm:table-cell">
  
app/views/projects/show.html.erb:89:in 'block in _app_views_projects_show_html_erb___137821477_12496'
app/views/projects/show.html.erb:80:in '_app_views_projects_show_html_erb___137821477_12496'
Started GET "/projects/3" for 127.0.0.1 at 2026-03-21 17:46:17 +0500
Processing by ProjectsController#show as HTML
  Parameters: {"id" => "3"}
  [1m[36mUser Load (1.5ms)[0m  [1m[34mSELECT "users".* FROM "users" WHERE "users"."id" = $1 ORDER BY "users"."id" ASC LIMIT $2 /*application:CodeCritic,controller:projects,action:show*/[0m  [["id", 1], ["LIMIT", 1]]
  ↳ app/controllers/projects_controller.rb:47:in 'ProjectsController#set_project'
  [1m[36mProject Load (1.9ms)[0m  [1m[34mSELECT "projects".* FROM "projects" WHERE "projects"."user_id" = $1 AND "projects"."id" = $2 LIMIT $3 /*application:CodeCritic,controller:projects,action:show*/[0m  [["user_id", 1], ["id", 3], ["LIMIT", 1]]
  ↳ app/controllers/projects_controller.rb:47:in 'ProjectsController#set_project'
  Rendering layout layouts/application.html.erb
  Rendering projects/show.html.erb within layouts/application
  Rendered shared/_navbar.html.erb (Duration: 2.4ms | Allocations: 527)
  Rendered shared/_flash.html.erb (Duration: 3.6ms | Allocations: 132)
  [1m[36mCodeFile Count (1.2ms)[0m  [1m[34mSELECT COUNT(*) FROM "code_files" WHERE "code_files"."project_id" = $1 /*application:CodeCritic,controller:projects,action:show*/[0m  [["project_id", 3]]
  ↳ app/views/projects/show.html.erb:39:in '_app_views_projects_show_html_erb___137821477_12656'
  [1m[36mCACHE CodeFile Count (0.0ms)[0m  [1m[34mSELECT COUNT(*) FROM "code_files" WHERE "code_files"."project_id" = $1[0m  [["project_id", 3]]
  ↳ app/views/projects/show.html.erb:64:in '_app_views_projects_show_html_erb___137821477_12656'
  [1m[36mCodeFile Exists? (0.7ms)[0m  [1m[34mSELECT 1 AS one FROM "code_files" WHERE "code_files"."project_id" = $1 LIMIT $2 /*application:CodeCritic,controller:projects,action:show*/[0m  [["project_id", 3], ["LIMIT", 1]]
  ↳ app/views/projects/show.html.erb:67:in '_app_views_projects_show_html_erb___137821477_12656'
  [1m[36mCodeFile Load (3.6ms)[0m  [1m[34mSELECT "code_files".* FROM "code_files" WHERE "code_files"."project_id" = $1 ORDER BY "code_files"."created_at" DESC /*application:CodeCritic,controller:projects,action:show*/[0m  [["project_id", 3]]
  ↳ app/views/projects/show.html.erb:80:in '_app_views_projects_show_html_erb___137821477_12656'
  Rendered projects/show.html.erb within layouts/application (Duration: 54.4ms | Allocations: 6255)
  Rendered layout layouts/application.html.erb (Duration: 62.3ms | Allocations: 6337)
Completed 500 Internal Server Error in 2412ms (ActiveRecord: 28.1ms | Allocations: 13035)


  
ActionView::Template::Error (undefined method 'reviews' for an instance of CodeFile):
     98:                   <span class="text-zinc-500 text-xs"><%= code_file.created_at.strftime("%b %d, %Y") %></span>
     99:                 </td>
    100:                 <td class="px-5 py-4 hidden md:table-cell">
    101:                   <% review = code_file.reviews.last %>
    102:                   <% if review %>
    103:                     <% status_classes = review.status == "completed" ? "bg-emerald-500/10 text-emerald-300 border-emerald-500/20" : "bg-amber-500/10 text-amber-300 border-amber-500/20" %>
    104:                     <span class="inline-flex items-center gap-1.5 px-2.5 py-1 rounded-full text-xs font-medium border <%= status_classes %>">
  
app/views/projects/show.html.erb:101:in 'block in _app_views_projects_show_html_erb___137821477_12656'
app/views/projects/show.html.erb:80:in '_app_views_projects_show_html_erb___137821477_12656'
Started GET "/projects/3" for 127.0.0.1 at 2026-03-21 17:48:10 +0500
Processing by ProjectsController#show as HTML
  Parameters: {"id" => "3"}
  [1m[36mUser Load (0.8ms)[0m  [1m[34mSELECT "users".* FROM "users" WHERE "users"."id" = $1 ORDER BY "users"."id" ASC LIMIT $2 /*application:CodeCritic,controller:projects,action:show*/[0m  [["id", 1], ["LIMIT", 1]]
  ↳ app/controllers/projects_controller.rb:47:in 'ProjectsController#set_project'
  [1m[36mProject Load (1.0ms)[0m  [1m[34mSELECT "projects".* FROM "projects" WHERE "projects"."user_id" = $1 AND "projects"."id" = $2 LIMIT $3 /*application:CodeCritic,controller:projects,action:show*/[0m  [["user_id", 1], ["id", 3], ["LIMIT", 1]]
  ↳ app/controllers/projects_controller.rb:47:in 'ProjectsController#set_project'
  Rendering layout layouts/application.html.erb
  Rendering projects/show.html.erb within layouts/application
  Rendered shared/_navbar.html.erb (Duration: 2.5ms | Allocations: 527)
  Rendered shared/_flash.html.erb (Duration: 1.2ms | Allocations: 132)
  [1m[36mCodeFile Count (0.6ms)[0m  [1m[34mSELECT COUNT(*) FROM "code_files" WHERE "code_files"."project_id" = $1 /*application:CodeCritic,controller:projects,action:show*/[0m  [["project_id", 3]]
  ↳ app/views/projects/show.html.erb:39:in '_app_views_projects_show_html_erb___137821477_12824'
  [1m[36mCACHE CodeFile Count (0.0ms)[0m  [1m[34mSELECT COUNT(*) FROM "code_files" WHERE "code_files"."project_id" = $1[0m  [["project_id", 3]]
  ↳ app/views/projects/show.html.erb:64:in '_app_views_projects_show_html_erb___137821477_12824'
  [1m[36mCodeFile Exists? (0.6ms)[0m  [1m[34mSELECT 1 AS one FROM "code_files" WHERE "code_files"."project_id" = $1 LIMIT $2 /*application:CodeCritic,controller:projects,action:show*/[0m  [["project_id", 3], ["LIMIT", 1]]
  ↳ app/views/projects/show.html.erb:67:in '_app_views_projects_show_html_erb___137821477_12824'
  [1m[36mCodeFile Load (0.7ms)[0m  [1m[34mSELECT "code_files".* FROM "code_files" WHERE "code_files"."project_id" = $1 ORDER BY "code_files"."created_at" DESC /*application:CodeCritic,controller:projects,action:show*/[0m  [["project_id", 3]]
  ↳ app/views/projects/show.html.erb:80:in '_app_views_projects_show_html_erb___137821477_12824'
  [1m[36mReview Load (0.8ms)[0m  [1m[34mSELECT "reviews".* FROM "reviews" WHERE "reviews"."code_file_id" = $1 LIMIT $2 /*application:CodeCritic,controller:projects,action:show*/[0m  [["code_file_id", 10], ["LIMIT", 1]]
  ↳ app/views/projects/show.html.erb:101:in 'block in _app_views_projects_show_html_erb___137821477_12824'
  Rendered projects/show.html.erb within layouts/application (Duration: 483.8ms | Allocations: 19231)
  Rendered layout layouts/application.html.erb (Duration: 485.1ms | Allocations: 19313)
Completed 500 Internal Server Error in 2566ms (ActiveRecord: 9.6ms | Allocations: 22275)


  
ActionView::Template::Error (undefined method 'project_code_file_path' for an instance of #<Class:0x0000020ce3331fe8>):
    110:                   <% end %>
    111:                 </td>
    112:                 <td class="px-5 py-4 text-right">
    113:                   <%= link_to project_code_file_path(@project, code_file), class: "inline-flex items-center gap-1.5 text-sm font-medium text-violet-400 hover:text-violet-300 transition-colors opacity-0 group-hover:opacity-100" do %>
    114:                     View
    115:                     <svg class="w-3.5 h-3.5" fill="none" stroke="currentColor" viewBox="0 0 24 24">
    116:                       <path stroke-linecap="round" stroke-linejoin="round" stroke-width="2" d="M9 5l7 7-7 7"/>
  
app/views/projects/show.html.erb:113:in 'block in _app_views_projects_show_html_erb___137821477_12824'
app/views/projects/show.html.erb:80:in '_app_views_projects_show_html_erb___137821477_12824'
Started GET "/projects/3" for 127.0.0.1 at 2026-03-21 17:52:44 +0500
Processing by ProjectsController#show as HTML
  Parameters: {"id" => "3"}
  [1m[36mUser Load (0.8ms)[0m  [1m[34mSELECT "users".* FROM "users" WHERE "users"."id" = $1 ORDER BY "users"."id" ASC LIMIT $2 /*application:CodeCritic,controller:projects,action:show*/[0m  [["id", 1], ["LIMIT", 1]]
  ↳ app/controllers/projects_controller.rb:47:in 'ProjectsController#set_project'
  [1m[36mProject Load (0.5ms)[0m  [1m[34mSELECT "projects".* FROM "projects" WHERE "projects"."user_id" = $1 AND "projects"."id" = $2 LIMIT $3 /*application:CodeCritic,controller:projects,action:show*/[0m  [["user_id", 1], ["id", 3], ["LIMIT", 1]]
  ↳ app/controllers/projects_controller.rb:47:in 'ProjectsController#set_project'
  Rendering layout layouts/application.html.erb
  Rendering projects/show.html.erb within layouts/application
  Rendered shared/_navbar.html.erb (Duration: 2.6ms | Allocations: 527)
  Rendered shared/_flash.html.erb (Duration: 1.2ms | Allocations: 132)
  [1m[36mCodeFile Count (0.6ms)[0m  [1m[34mSELECT COUNT(*) FROM "code_files" WHERE "code_files"."project_id" = $1 /*application:CodeCritic,controller:projects,action:show*/[0m  [["project_id", 3]]
  ↳ app/views/projects/show.html.erb:39:in '_app_views_projects_show_html_erb___137821477_13008'
  [1m[36mCACHE CodeFile Count (0.0ms)[0m  [1m[34mSELECT COUNT(*) FROM "code_files" WHERE "code_files"."project_id" = $1[0m  [["project_id", 3]]
  ↳ app/views/projects/show.html.erb:64:in '_app_views_projects_show_html_erb___137821477_13008'
  [1m[36mCodeFile Exists? (0.4ms)[0m  [1m[34mSELECT 1 AS one FROM "code_files" WHERE "code_files"."project_id" = $1 LIMIT $2 /*application:CodeCritic,controller:projects,action:show*/[0m  [["project_id", 3], ["LIMIT", 1]]
  ↳ app/views/projects/show.html.erb:67:in '_app_views_projects_show_html_erb___137821477_13008'
  [1m[36mCodeFile Load (0.6ms)[0m  [1m[34mSELECT "code_files".* FROM "code_files" WHERE "code_files"."project_id" = $1 ORDER BY "code_files"."created_at" DESC /*application:CodeCritic,controller:projects,action:show*/[0m  [["project_id", 3]]
  ↳ app/views/projects/show.html.erb:80:in '_app_views_projects_show_html_erb___137821477_13008'
  [1m[36mReview Load (0.6ms)[0m  [1m[34mSELECT "reviews".* FROM "reviews" WHERE "reviews"."code_file_id" = $1 LIMIT $2 /*application:CodeCritic,controller:projects,action:show*/[0m  [["code_file_id", 10], ["LIMIT", 1]]
  ↳ app/views/projects/show.html.erb:101:in 'block in _app_views_projects_show_html_erb___137821477_13008'
  [1m[36mReview Load (0.7ms)[0m  [1m[34mSELECT "reviews".* FROM "reviews" WHERE "reviews"."code_file_id" = $1 LIMIT $2 /*application:CodeCritic,controller:projects,action:show*/[0m  [["code_file_id", 9], ["LIMIT", 1]]
  ↳ app/views/projects/show.html.erb:101:in 'block in _app_views_projects_show_html_erb___137821477_13008'
  [1m[36mReview Load (0.5ms)[0m  [1m[34mSELECT "reviews".* FROM "reviews" WHERE "reviews"."code_file_id" = $1 LIMIT $2 /*application:CodeCritic,controller:projects,action:show*/[0m  [["code_file_id", 8], ["LIMIT", 1]]
  ↳ app/views/projects/show.html.erb:101:in 'block in _app_views_projects_show_html_erb___137821477_13008'
  [1m[36mReview Load (0.7ms)[0m  [1m[34mSELECT "reviews".* FROM "reviews" WHERE "reviews"."code_file_id" = $1 LIMIT $2 /*application:CodeCritic,controller:projects,action:show*/[0m  [["code_file_id", 7], ["LIMIT", 1]]
  ↳ app/views/projects/show.html.erb:101:in 'block in _app_views_projects_show_html_erb___137821477_13008'
  [1m[36mReview Load (0.7ms)[0m  [1m[34mSELECT "reviews".* FROM "reviews" WHERE "reviews"."code_file_id" = $1 LIMIT $2 /*application:CodeCritic,controller:projects,action:show*/[0m  [["code_file_id", 6], ["LIMIT", 1]]
  ↳ app/views/projects/show.html.erb:101:in 'block in _app_views_projects_show_html_erb___137821477_13008'
  [1m[36mReview Load (0.3ms)[0m  [1m[34mSELECT "reviews".* FROM "reviews" WHERE "reviews"."code_file_id" = $1 LIMIT $2 /*application:CodeCritic,controller:projects,action:show*/[0m  [["code_file_id", 5], ["LIMIT", 1]]
  ↳ app/views/projects/show.html.erb:101:in 'block in _app_views_projects_show_html_erb___137821477_13008'
  [1m[36mReview Load (0.5ms)[0m  [1m[34mSELECT "reviews".* FROM "reviews" WHERE "reviews"."code_file_id" = $1 LIMIT $2 /*application:CodeCritic,controller:projects,action:show*/[0m  [["code_file_id", 4], ["LIMIT", 1]]
  ↳ app/views/projects/show.html.erb:101:in 'block in _app_views_projects_show_html_erb___137821477_13008'
  [1m[36mReview Load (0.3ms)[0m  [1m[34mSELECT "reviews".* FROM "reviews" WHERE "reviews"."code_file_id" = $1 LIMIT $2 /*application:CodeCritic,controller:projects,action:show*/[0m  [["code_file_id", 3], ["LIMIT", 1]]
  ↳ app/views/projects/show.html.erb:101:in 'block in _app_views_projects_show_html_erb___137821477_13008'
  Rendered projects/show.html.erb within layouts/application (Duration: 71.6ms | Allocations: 12414)
  Rendered layout layouts/application.html.erb (Duration: 76.8ms | Allocations: 13325)
Completed 200 OK in 1994ms (Views: 90.2ms | ActiveRecord: 7.2ms | Allocations: 16308)


Started GET "/code_files/8" for 127.0.0.1 at 2026-03-21 17:52:55 +0500
Processing by CodeFilesController#show as HTML
  Parameters: {"id" => "8"}
  [1m[36mCodeFile Load (0.5ms)[0m  [1m[34mSELECT "code_files".* FROM "code_files" WHERE "code_files"."id" = $1 LIMIT $2 /*application:CodeCritic,controller:code_files,action:show*/[0m  [["id", 8], ["LIMIT", 1]]
  ↳ app/controllers/code_files_controller.rb:52:in 'CodeFilesController#set_code_file'
  [1m[36mProject Load (0.5ms)[0m  [1m[34mSELECT "projects".* FROM "projects" WHERE "projects"."id" = $1 LIMIT $2 /*application:CodeCritic,controller:code_files,action:show*/[0m  [["id", 3], ["LIMIT", 1]]
  ↳ app/controllers/code_files_controller.rb:47:in 'CodeFilesController#set_project'
  Rendering layout layouts/application.html.erb
  Rendering code_files/show.html.erb within layouts/application
  [1m[36mUser Load (0.4ms)[0m  [1m[34mSELECT "users".* FROM "users" WHERE "users"."id" = $1 ORDER BY "users"."id" ASC LIMIT $2 /*application:CodeCritic,controller:code_files,action:show*/[0m  [["id", 1], ["LIMIT", 1]]
  ↳ app/views/shared/_navbar.html.erb:24:in '_app_views_shared__navbar_html_erb__298074243_13016'
  Rendered shared/_navbar.html.erb (Duration: 6.2ms | Allocations: 1621)
  Rendered shared/_flash.html.erb (Duration: 0.1ms | Allocations: 22)
  [1m[36mReview Load (0.5ms)[0m  [1m[34mSELECT "reviews".* FROM "reviews" WHERE "reviews"."code_file_id" = $1 LIMIT $2 /*application:CodeCritic,controller:code_files,action:show*/[0m  [["code_file_id", 8], ["LIMIT", 1]]
  ↳ app/views/code_files/show.html.erb:38:in '_app_views_code_files_show_html_erb__685686466_13080'
  Rendered code_files/show.html.erb within layouts/application (Duration: 23.7ms | Allocations: 3965)
  Rendered layout layouts/application.html.erb (Duration: 26.2ms | Allocations: 4676)
Completed 200 OK in 1999ms (Views: 39.5ms | ActiveRecord: 1.9ms | Allocations: 8155)


Started POST "/code_files/8/review" for 127.0.0.1 at 2026-03-21 17:53:10 +0500
Processing by ReviewsController#create as TURBO_STREAM
  Parameters: {"authenticity_token" => "[FILTERED]", "code_file_id" => "8"}
  [1m[36mCodeFile Load (0.9ms)[0m  [1m[34mSELECT "code_files".* FROM "code_files" WHERE "code_files"."id" = $1 LIMIT $2 /*application:CodeCritic,controller:reviews,action:create*/[0m  [["id", 8], ["LIMIT", 1]]
  ↳ app/controllers/reviews_controller.rb:32:in 'ReviewsController#set_code_file'
  [1m[36mCACHE CodeFile Load (0.0ms)[0m  [1m[34mSELECT "code_files".* FROM "code_files" WHERE "code_files"."id" = $1 LIMIT $2[0m  [["id", 8], ["LIMIT", 1]]
  ↳ app/controllers/reviews_controller.rb:6:in 'ReviewsController#create'
  [1m[36mReview Load (1.0ms)[0m  [1m[34mSELECT "reviews".* FROM "reviews" WHERE "reviews"."code_file_id" = $1 LIMIT $2 /*application:CodeCritic,controller:reviews,action:create*/[0m  [["code_file_id", 8], ["LIMIT", 1]]
  ↳ app/controllers/reviews_controller.rb:7:in 'ReviewsController#create'
Completed 500 Internal Server Error in 2090ms (ActiveRecord: 2.0ms | Allocations: 3129)


  
NameError (uninitialized constant ReviewsController::AiReviewService):
  
app/controllers/reviews_controller.rb:10:in 'ReviewsController#create'
Started GET "/code_files/8" for 127.0.0.1 at 2026-03-21 17:54:47 +0500
Processing by CodeFilesController#show as HTML
  Parameters: {"id" => "8"}
  [1m[36mCodeFile Load (0.6ms)[0m  [1m[34mSELECT "code_files".* FROM "code_files" WHERE "code_files"."id" = $1 LIMIT $2 /*application:CodeCritic,controller:code_files,action:show*/[0m  [["id", 8], ["LIMIT", 1]]
  ↳ app/controllers/code_files_controller.rb:52:in 'CodeFilesController#set_code_file'
  [1m[36mProject Load (0.6ms)[0m  [1m[34mSELECT "projects".* FROM "projects" WHERE "projects"."id" = $1 LIMIT $2 /*application:CodeCritic,controller:code_files,action:show*/[0m  [["id", 3], ["LIMIT", 1]]
  ↳ app/controllers/code_files_controller.rb:47:in 'CodeFilesController#set_project'
  Rendering layout layouts/application.html.erb
  Rendering code_files/show.html.erb within layouts/application
  [1m[36mUser Load (1.4ms)[0m  [1m[34mSELECT "users".* FROM "users" WHERE "users"."id" = $1 ORDER BY "users"."id" ASC LIMIT $2 /*application:CodeCritic,controller:code_files,action:show*/[0m  [["id", 1], ["LIMIT", 1]]
  ↳ app/views/shared/_navbar.html.erb:24:in '_app_views_shared__navbar_html_erb__298074243_13016'
  Rendered shared/_navbar.html.erb (Duration: 20.5ms | Allocations: 4050)
  Rendered shared/_flash.html.erb (Duration: 0.1ms | Allocations: 22)
  [1m[36mReview Load (0.6ms)[0m  [1m[34mSELECT "reviews".* FROM "reviews" WHERE "reviews"."code_file_id" = $1 LIMIT $2 /*application:CodeCritic,controller:code_files,action:show*/[0m  [["code_file_id", 8], ["LIMIT", 1]]
  ↳ app/views/code_files/show.html.erb:38:in '_app_views_code_files_show_html_erb__685686466_13080'
  Rendered code_files/show.html.erb within layouts/application (Duration: 42.6ms | Allocations: 7954)
  Rendered layout layouts/application.html.erb (Duration: 57.4ms | Allocations: 10271)
Completed 200 OK in 2002ms (Views: 52.9ms | ActiveRecord: 23.4ms | Allocations: 19729)


Started POST "/code_files/8/review" for 127.0.0.1 at 2026-03-21 17:54:59 +0500
Processing by ReviewsController#create as TURBO_STREAM
  Parameters: {"authenticity_token" => "[FILTERED]", "code_file_id" => "8"}
  [1m[36mCodeFile Load (0.4ms)[0m  [1m[34mSELECT "code_files".* FROM "code_files" WHERE "code_files"."id" = $1 LIMIT $2 /*application:CodeCritic,controller:reviews,action:create*/[0m  [["id", 8], ["LIMIT", 1]]
  ↳ app/controllers/reviews_controller.rb:32:in 'ReviewsController#set_code_file'
  [1m[36mCACHE CodeFile Load (0.0ms)[0m  [1m[34mSELECT "code_files".* FROM "code_files" WHERE "code_files"."id" = $1 LIMIT $2[0m  [["id", 8], ["LIMIT", 1]]
  ↳ app/controllers/reviews_controller.rb:6:in 'ReviewsController#create'
  [1m[36mReview Load (0.5ms)[0m  [1m[34mSELECT "reviews".* FROM "reviews" WHERE "reviews"."code_file_id" = $1 LIMIT $2 /*application:CodeCritic,controller:reviews,action:create*/[0m  [["code_file_id", 8], ["LIMIT", 1]]
  ↳ app/controllers/reviews_controller.rb:7:in 'ReviewsController#create'
Completed 500 Internal Server Error in 1934ms (ActiveRecord: 0.9ms | Allocations: 3533)


  
SyntaxError (D:/code_critic/code_critic/app/services/ai_review_services.rb:80: syntax errors found
  [2m78 | [m    [{ "line" => 1, "issue" => "AI response not structured", "suggestion" => raw_text.truncate(200) }]
  [2m79 | [m  end
[1;31m> [m[2m80 | [mend
  [2m   | [m   [1;31m^[m expected an `end` to close the `class` statement
  [2m   | [m   [1;31m^[m unexpected end-of-input, assuming it is closing the parent top level context
):
  
app/services/ai_review_services.rb:80: syntax errors found
app/services/ai_review_services.rb:80: syntax errors found
app/controllers/reviews_controller.rb:10:in 'ReviewsController#create'
Started GET "/code_files/8" for 127.0.0.1 at 2026-03-21 17:56:27 +0500
Processing by CodeFilesController#show as HTML
  Parameters: {"id" => "8"}
  [1m[36mCodeFile Load (0.6ms)[0m  [1m[34mSELECT "code_files".* FROM "code_files" WHERE "code_files"."id" = $1 LIMIT $2 /*application:CodeCritic,controller:code_files,action:show*/[0m  [["id", 8], ["LIMIT", 1]]
  ↳ app/controllers/code_files_controller.rb:52:in 'CodeFilesController#set_code_file'
  [1m[36mProject Load (0.7ms)[0m  [1m[34mSELECT "projects".* FROM "projects" WHERE "projects"."id" = $1 LIMIT $2 /*application:CodeCritic,controller:code_files,action:show*/[0m  [["id", 3], ["LIMIT", 1]]
  ↳ app/controllers/code_files_controller.rb:47:in 'CodeFilesController#set_project'
  Rendering layout layouts/application.html.erb
  Rendering code_files/show.html.erb within layouts/application
  [1m[36mUser Load (0.6ms)[0m  [1m[34mSELECT "users".* FROM "users" WHERE "users"."id" = $1 ORDER BY "users"."id" ASC LIMIT $2 /*application:CodeCritic,controller:code_files,action:show*/[0m  [["id", 1], ["LIMIT", 1]]
  ↳ app/views/shared/_navbar.html.erb:24:in '_app_views_shared__navbar_html_erb__298074243_13016'
  Rendered shared/_navbar.html.erb (Duration: 21.5ms | Allocations: 4053)
  Rendered shared/_flash.html.erb (Duration: 0.2ms | Allocations: 22)
  [1m[36mReview Load (0.5ms)[0m  [1m[34mSELECT "reviews".* FROM "reviews" WHERE "reviews"."code_file_id" = $1 LIMIT $2 /*application:CodeCritic,controller:code_files,action:show*/[0m  [["code_file_id", 8], ["LIMIT", 1]]
  ↳ app/views/code_files/show.html.erb:38:in '_app_views_code_files_show_html_erb__685686466_13080'
  Rendered code_files/show.html.erb within layouts/application (Duration: 40.5ms | Allocations: 7957)
  Rendered layout layouts/application.html.erb (Duration: 55.8ms | Allocations: 10275)
Completed 200 OK in 2316ms (Views: 53.4ms | ActiveRecord: 19.4ms | Allocations: 19732)


Started POST "/code_files/8/review" for 127.0.0.1 at 2026-03-21 17:56:36 +0500
Processing by ReviewsController#create as TURBO_STREAM
  Parameters: {"authenticity_token" => "[FILTERED]", "code_file_id" => "8"}
  [1m[36mCodeFile Load (0.5ms)[0m  [1m[34mSELECT "code_files".* FROM "code_files" WHERE "code_files"."id" = $1 LIMIT $2 /*application:CodeCritic,controller:reviews,action:create*/[0m  [["id", 8], ["LIMIT", 1]]
  ↳ app/controllers/reviews_controller.rb:32:in 'ReviewsController#set_code_file'
  [1m[36mCACHE CodeFile Load (0.0ms)[0m  [1m[34mSELECT "code_files".* FROM "code_files" WHERE "code_files"."id" = $1 LIMIT $2[0m  [["id", 8], ["LIMIT", 1]]
  ↳ app/controllers/reviews_controller.rb:6:in 'ReviewsController#create'
  [1m[36mReview Load (0.6ms)[0m  [1m[34mSELECT "reviews".* FROM "reviews" WHERE "reviews"."code_file_id" = $1 LIMIT $2 /*application:CodeCritic,controller:reviews,action:create*/[0m  [["code_file_id", 8], ["LIMIT", 1]]
  ↳ app/controllers/reviews_controller.rb:7:in 'ReviewsController#create'
HF Raw Response: {"error" => "https://api-inference.huggingface.co is no longer supported. Please use https://router.huggingface.co instead."}
Completed 500 Internal Server Error in 3121ms (ActiveRecord: 6.9ms | Allocations: 33722)


  
NoMethodError (undefined method 'content' for an instance of Review):
  
app/controllers/reviews_controller.rb:12:in 'ReviewsController#create'
Started GET "/code_files/8" for 127.0.0.1 at 2026-03-21 18:07:51 +0500
Processing by CodeFilesController#show as HTML
  Parameters: {"id" => "8"}
  [1m[36mCodeFile Load (1.5ms)[0m  [1m[34mSELECT "code_files".* FROM "code_files" WHERE "code_files"."id" = $1 LIMIT $2 /*application:CodeCritic,controller:code_files,action:show*/[0m  [["id", 8], ["LIMIT", 1]]
  ↳ app/controllers/code_files_controller.rb:52:in 'CodeFilesController#set_code_file'
  [1m[36mProject Load (1.4ms)[0m  [1m[34mSELECT "projects".* FROM "projects" WHERE "projects"."id" = $1 LIMIT $2 /*application:CodeCritic,controller:code_files,action:show*/[0m  [["id", 3], ["LIMIT", 1]]
  ↳ app/controllers/code_files_controller.rb:47:in 'CodeFilesController#set_project'
  Rendering layout layouts/application.html.erb
  Rendering code_files/show.html.erb within layouts/application
  [1m[36mUser Load (2.7ms)[0m  [1m[34mSELECT "users".* FROM "users" WHERE "users"."id" = $1 ORDER BY "users"."id" ASC LIMIT $2 /*application:CodeCritic,controller:code_files,action:show*/[0m  [["id", 1], ["LIMIT", 1]]
  ↳ app/views/shared/_navbar.html.erb:24:in '_app_views_shared__navbar_html_erb__298074243_13016'
  Rendered shared/_navbar.html.erb (Duration: 22.1ms | Allocations: 3810)
  Rendered shared/_flash.html.erb (Duration: 0.2ms | Allocations: 24)
  [1m[36mReview Load (1.7ms)[0m  [1m[34mSELECT "reviews".* FROM "reviews" WHERE "reviews"."code_file_id" = $1 LIMIT $2 /*application:CodeCritic,controller:code_files,action:show*/[0m  [["code_file_id", 8], ["LIMIT", 1]]
  ↳ app/views/code_files/show.html.erb:38:in '_app_views_code_files_show_html_erb__685686466_13080'
  Rendered code_files/show.html.erb within layouts/application (Duration: 43.0ms | Allocations: 7534)
  Rendered layout layouts/application.html.erb (Duration: 59.8ms | Allocations: 9852)
Completed 200 OK in 2330ms (Views: 58.0ms | ActiveRecord: 27.7ms | Allocations: 22752)


Started POST "/code_files/8/review" for 127.0.0.1 at 2026-03-21 18:08:00 +0500
Processing by ReviewsController#create as TURBO_STREAM
  Parameters: {"authenticity_token" => "[FILTERED]", "code_file_id" => "8"}
  [1m[36mCodeFile Load (0.4ms)[0m  [1m[34mSELECT "code_files".* FROM "code_files" WHERE "code_files"."id" = $1 LIMIT $2 /*application:CodeCritic,controller:reviews,action:create*/[0m  [["id", 8], ["LIMIT", 1]]
  ↳ app/controllers/reviews_controller.rb:41:in 'ReviewsController#set_code_file'
  [1m[36mCodeFile Load (0.5ms)[0m  [1m[34mSELECT "code_files".* FROM "code_files" WHERE "code_files"."id" = $1 LIMIT $2 /*application:CodeCritic,controller:reviews,action:create*/[0m  [["id", 8], ["LIMIT", 1]]
  ↳ app/controllers/reviews_controller.rb:7:in 'ReviewsController#create'
  [1m[36mReview Load (0.6ms)[0m  [1m[34mSELECT "reviews".* FROM "reviews" WHERE "reviews"."code_file_id" = $1 /*application:CodeCritic,controller:reviews,action:create*/[0m  [["code_file_id", 8]]
  ↳ app/controllers/reviews_controller.rb:13:in 'ReviewsController#create'
HF AI Error: Failed to open TCP connection to api-inference.huggingface.co:443 (getaddrinfo: No such host is known. )
  [1m[36mCACHE CodeFile Load (0.2ms)[0m  [1m[34mSELECT "code_files".* FROM "code_files" WHERE "code_files"."id" = $1 LIMIT $2[0m  [["id", 8], ["LIMIT", 1]]
  ↳ app/controllers/reviews_controller.rb:19:in 'ReviewsController#create'
  [1m[36mCACHE CodeFile Load (0.1ms)[0m  [1m[34mSELECT "code_files".* FROM "code_files" WHERE "code_files"."id" = $1 LIMIT $2[0m  [["id", 8], ["LIMIT", 1]]
  ↳ app/controllers/reviews_controller.rb:25:in 'ReviewsController#create'
Completed 500 Internal Server Error in 13169ms (ActiveRecord: 1.7ms | Allocations: 8555)


  
NoMethodError (undefined method 'content' for an instance of Review):
  
app/controllers/reviews_controller.rb:25:in 'ReviewsController#create'
  [1m[36mCodeFile Load (1.0ms)[0m  [1m[34mSELECT "code_files".* FROM "code_files" WHERE "code_files"."id" = $1 LIMIT $2 /*application:CodeCritic*/[0m  [["id", 8], ["LIMIT", 1]]
HF Raw Response: {"error" => "https://api-inference.huggingface.co is no longer supported. Please use https://router.huggingface.co instead."}
Started GET "/code_files/8" for 127.0.0.1 at 2026-03-21 19:18:16 +0500
Processing by CodeFilesController#show as HTML
  Parameters: {"id" => "8"}
  [1m[36mCodeFile Load (1.2ms)[0m  [1m[34mSELECT "code_files".* FROM "code_files" WHERE "code_files"."id" = $1 LIMIT $2 /*application:CodeCritic,controller:code_files,action:show*/[0m  [["id", 8], ["LIMIT", 1]]
  ↳ app/controllers/code_files_controller.rb:52:in 'CodeFilesController#set_code_file'
  [1m[36mProject Load (1.1ms)[0m  [1m[34mSELECT "projects".* FROM "projects" WHERE "projects"."id" = $1 LIMIT $2 /*application:CodeCritic,controller:code_files,action:show*/[0m  [["id", 3], ["LIMIT", 1]]
  ↳ app/controllers/code_files_controller.rb:47:in 'CodeFilesController#set_project'
  Rendering layout layouts/application.html.erb
  Rendering code_files/show.html.erb within layouts/application
  [1m[36mUser Load (3.3ms)[0m  [1m[34mSELECT "users".* FROM "users" WHERE "users"."id" = $1 ORDER BY "users"."id" ASC LIMIT $2 /*application:CodeCritic,controller:code_files,action:show*/[0m  [["id", 1], ["LIMIT", 1]]
  ↳ app/views/shared/_navbar.html.erb:24:in '_app_views_shared__navbar_html_erb__298074243_13016'
  Rendered shared/_navbar.html.erb (Duration: 21.4ms | Allocations: 3776)
  Rendered shared/_flash.html.erb (Duration: 0.2ms | Allocations: 22)
  [1m[36mReview Load (1.2ms)[0m  [1m[34mSELECT "reviews".* FROM "reviews" WHERE "reviews"."code_file_id" = $1 LIMIT $2 /*application:CodeCritic,controller:code_files,action:show*/[0m  [["code_file_id", 8], ["LIMIT", 1]]
  ↳ app/views/code_files/show.html.erb:38:in '_app_views_code_files_show_html_erb__685686466_13080'
  Rendered code_files/show.html.erb within layouts/application (Duration: 37.2ms | Allocations: 7495)
  Rendered layout layouts/application.html.erb (Duration: 57.4ms | Allocations: 9813)
Completed 200 OK in 1538ms (Views: 57.1ms | ActiveRecord: 24.0ms | Allocations: 22604)


Started POST "/code_files/8/review" for 127.0.0.1 at 2026-03-21 19:18:24 +0500
Processing by ReviewsController#create as TURBO_STREAM
  Parameters: {"authenticity_token" => "[FILTERED]", "code_file_id" => "8"}
  [1m[36mCodeFile Load (0.3ms)[0m  [1m[34mSELECT "code_files".* FROM "code_files" WHERE "code_files"."id" = $1 LIMIT $2 /*application:CodeCritic,controller:reviews,action:create*/[0m  [["id", 8], ["LIMIT", 1]]
  ↳ app/controllers/reviews_controller.rb:41:in 'ReviewsController#set_code_file'
  [1m[36mCodeFile Load (0.3ms)[0m  [1m[34mSELECT "code_files".* FROM "code_files" WHERE "code_files"."id" = $1 LIMIT $2 /*application:CodeCritic,controller:reviews,action:create*/[0m  [["id", 8], ["LIMIT", 1]]
  ↳ app/controllers/reviews_controller.rb:7:in 'ReviewsController#create'
  [1m[36mReview Load (0.3ms)[0m  [1m[34mSELECT "reviews".* FROM "reviews" WHERE "reviews"."code_file_id" = $1 /*application:CodeCritic,controller:reviews,action:create*/[0m  [["code_file_id", 8]]
  ↳ app/controllers/reviews_controller.rb:13:in 'ReviewsController#create'
HF AI Error: unexpected token 'Not' at line 1 column 1
  [1m[36mCACHE CodeFile Load (0.0ms)[0m  [1m[34mSELECT "code_files".* FROM "code_files" WHERE "code_files"."id" = $1 LIMIT $2[0m  [["id", 8], ["LIMIT", 1]]
  ↳ app/controllers/reviews_controller.rb:19:in 'ReviewsController#create'
  [1m[36mCACHE CodeFile Load (0.0ms)[0m  [1m[34mSELECT "code_files".* FROM "code_files" WHERE "code_files"."id" = $1 LIMIT $2[0m  [["id", 8], ["LIMIT", 1]]
  ↳ app/controllers/reviews_controller.rb:25:in 'ReviewsController#create'
Completed 500 Internal Server Error in 1988ms (ActiveRecord: 1.0ms | Allocations: 9107)


  
NoMethodError (undefined method 'content' for an instance of Review):
  
app/controllers/reviews_controller.rb:25:in 'ReviewsController#create'
Started GET "/code_files/8" for 127.0.0.1 at 2026-03-21 19:19:08 +0500
Processing by CodeFilesController#show as HTML
  Parameters: {"id" => "8"}
  [1m[36mCodeFile Load (0.5ms)[0m  [1m[34mSELECT "code_files".* FROM "code_files" WHERE "code_files"."id" = $1 LIMIT $2 /*application:CodeCritic,controller:code_files,action:show*/[0m  [["id", 8], ["LIMIT", 1]]
  ↳ app/controllers/code_files_controller.rb:52:in 'CodeFilesController#set_code_file'
  [1m[36mProject Load (0.4ms)[0m  [1m[34mSELECT "projects".* FROM "projects" WHERE "projects"."id" = $1 LIMIT $2 /*application:CodeCritic,controller:code_files,action:show*/[0m  [["id", 3], ["LIMIT", 1]]
  ↳ app/controllers/code_files_controller.rb:47:in 'CodeFilesController#set_project'
  Rendering layout layouts/application.html.erb
  Rendering code_files/show.html.erb within layouts/application
  [1m[36mUser Load (0.4ms)[0m  [1m[34mSELECT "users".* FROM "users" WHERE "users"."id" = $1 ORDER BY "users"."id" ASC LIMIT $2 /*application:CodeCritic,controller:code_files,action:show*/[0m  [["id", 1], ["LIMIT", 1]]
  ↳ app/views/shared/_navbar.html.erb:24:in '_app_views_shared__navbar_html_erb__298074243_13016'
  Rendered shared/_navbar.html.erb (Duration: 14.5ms | Allocations: 4059)
  Rendered shared/_flash.html.erb (Duration: 0.1ms | Allocations: 22)
  [1m[36mReview Load (0.4ms)[0m  [1m[34mSELECT "reviews".* FROM "reviews" WHERE "reviews"."code_file_id" = $1 LIMIT $2 /*application:CodeCritic,controller:code_files,action:show*/[0m  [["code_file_id", 8], ["LIMIT", 1]]
  ↳ app/views/code_files/show.html.erb:38:in '_app_views_code_files_show_html_erb__685686466_13080'
  Rendered code_files/show.html.erb within layouts/application (Duration: 30.8ms | Allocations: 7964)
  Rendered layout layouts/application.html.erb (Duration: 41.2ms | Allocations: 10282)
Completed 200 OK in 1175ms (Views: 36.7ms | ActiveRecord: 23.3ms | Allocations: 19761)


Started POST "/code_files/8/review" for 127.0.0.1 at 2026-03-21 19:19:14 +0500
Processing by ReviewsController#create as TURBO_STREAM
  Parameters: {"authenticity_token" => "[FILTERED]", "code_file_id" => "8"}
  [1m[36mCodeFile Load (0.5ms)[0m  [1m[34mSELECT "code_files".* FROM "code_files" WHERE "code_files"."id" = $1 LIMIT $2 /*application:CodeCritic,controller:reviews,action:create*/[0m  [["id", 8], ["LIMIT", 1]]
  ↳ app/controllers/reviews_controller.rb:7:in 'ReviewsController#create'
  [1m[36mReview Load (0.4ms)[0m  [1m[34mSELECT "reviews".* FROM "reviews" WHERE "reviews"."code_file_id" = $1 /*application:CodeCritic,controller:reviews,action:create*/[0m  [["code_file_id", 8]]
  ↳ app/controllers/reviews_controller.rb:10:in 'ReviewsController#create'
HF AI Error: unexpected token 'Not' at line 1 column 1
  [1m[36mCACHE CodeFile Load (0.0ms)[0m  [1m[34mSELECT "code_files".* FROM "code_files" WHERE "code_files"."id" = $1 LIMIT $2[0m  [["id", 8], ["LIMIT", 1]]
  ↳ app/controllers/reviews_controller.rb:18:in 'ReviewsController#create'
Completed 500 Internal Server Error in 1660ms (ActiveRecord: 2.9ms | Allocations: 7700)


  
NoMethodError (undefined method 'content' for an instance of Review):
  
app/controllers/reviews_controller.rb:18:in 'ReviewsController#create'
Started GET "/" for 127.0.0.1 at 2026-03-22 01:11:00 +0500
  [1m[36mActiveRecord::SchemaMigration Pluck (4.9ms)[0m  [1m[34mSELECT "schema_migrations"."version" FROM "schema_migrations" ORDER BY "schema_migrations"."version" ASC /*application:CodeCritic*/[0m
Processing by Rails::WelcomeController#index as HTML
  Rendering C:/Ruby34-x64/lib/ruby/gems/3.4.0/gems/railties-7.0.10/lib/rails/templates/rails/welcome/index.html.erb
  Rendered C:/Ruby34-x64/lib/ruby/gems/3.4.0/gems/railties-7.0.10/lib/rails/templates/rails/welcome/index.html.erb (Duration: 7.8ms | Allocations: 384)
Completed 200 OK in 3108ms (Views: 39.0ms | ActiveRecord: 0.0ms | Allocations: 4831)


Started GET "/favicon.ico" for 127.0.0.1 at 2026-03-22 01:11:08 +0500
  
ActionController::RoutingError (No route matches [GET] "/favicon.ico"):
  
Started GET "/users/sign_in" for 127.0.0.1 at 2026-03-22 01:14:59 +0500
Started GET "/projects" for 127.0.0.1 at 2026-03-22 01:15:00 +0500
Processing by ProjectsController#index as HTML
Processing by Devise::SessionsController#new as HTML
  [1m[36mUser Load (4.4ms)[0m  [1m[34mSELECT "users".* FROM "users" WHERE "users"."id" = $1 ORDER BY "users"."id" ASC LIMIT $2 /*application:CodeCritic,controller:sessions,action:new*/[0m  [["id", 1], ["LIMIT", 1]]
Redirected to http://127.0.0.1:3000/
Filter chain halted as :require_no_authentication rendered or redirected
Completed 302 Found in 68ms (ActiveRecord: 33.5ms | Allocations: 8447)


  [1m[36mUser Load (0.4ms)[0m  [1m[34mSELECT "users".* FROM "users" WHERE "users"."id" = $1 ORDER BY "users"."id" ASC LIMIT $2 /*application:CodeCritic,controller:projects,action:index*/[0m  [["id", 1], ["LIMIT", 1]]
  ↳ app/controllers/projects_controller.rb:6:in 'ProjectsController#index'
  [1m[36mProject Load (3.9ms)[0m  [1m[34mSELECT "projects".* FROM "projects" WHERE "projects"."user_id" = $1 /*application:CodeCritic,controller:projects,action:index*/[0m  [["user_id", 1]]
  ↳ app/controllers/projects_controller.rb:7:in 'block in ProjectsController#index'
  Rendering layout layouts/application.html.erb
  Rendering projects/index.html.erb within layouts/application
  Rendered shared/_navbar.html.erb (Duration: 10.0ms | Allocations: 646)
  Rendered shared/_flash.html.erb (Duration: 6.2ms | Allocations: 149)
  [1m[36mCodeFile Count (5.2ms)[0m  [1m[34mSELECT COUNT(*) FROM "code_files" WHERE "code_files"."project_id" = $1 /*application:CodeCritic,controller:projects,action:index*/[0m  [["project_id", 1]]
  ↳ app/views/projects/index.html.erb:49:in 'block in _app_views_projects_index_html_erb___966642183_12624'
  [1m[36mCodeFile Count (0.8ms)[0m  [1m[34mSELECT COUNT(*) FROM "code_files" WHERE "code_files"."project_id" = $1 /*application:CodeCritic,controller:projects,action:index*/[0m  [["project_id", 3]]
  ↳ app/views/projects/index.html.erb:49:in 'block in _app_views_projects_index_html_erb___966642183_12624'
  Rendered projects/index.html.erb within layouts/application (Duration: 88.9ms | Allocations: 5930)
  Rendered layout layouts/application.html.erb (Duration: 139.9ms | Allocations: 14312)
Completed 200 OK in 1200ms (Views: 139.7ms | ActiveRecord: 20.5ms | Allocations: 36942)


Started GET "/projects/1" for 127.0.0.1 at 2026-03-22 01:15:08 +0500
Processing by ProjectsController#show as HTML
  Parameters: {"id" => "1"}
  [1m[36mUser Load (1.8ms)[0m  [1m[34mSELECT "users".* FROM "users" WHERE "users"."id" = $1 ORDER BY "users"."id" ASC LIMIT $2 /*application:CodeCritic,controller:projects,action:show*/[0m  [["id", 1], ["LIMIT", 1]]
  ↳ app/controllers/projects_controller.rb:47:in 'ProjectsController#set_project'
  [1m[36mProject Load (0.4ms)[0m  [1m[34mSELECT "projects".* FROM "projects" WHERE "projects"."user_id" = $1 AND "projects"."id" = $2 LIMIT $3 /*application:CodeCritic,controller:projects,action:show*/[0m  [["user_id", 1], ["id", 1], ["LIMIT", 1]]
  ↳ app/controllers/projects_controller.rb:47:in 'ProjectsController#set_project'
  Rendering layout layouts/application.html.erb
  Rendering projects/show.html.erb within layouts/application
  Rendered shared/_navbar.html.erb (Duration: 1.4ms | Allocations: 313)
  Rendered shared/_flash.html.erb (Duration: 0.1ms | Allocations: 19)
  [1m[36mCodeFile Count (0.5ms)[0m  [1m[34mSELECT COUNT(*) FROM "code_files" WHERE "code_files"."project_id" = $1 /*application:CodeCritic,controller:projects,action:show*/[0m  [["project_id", 1]]
  ↳ app/views/projects/show.html.erb:39:in '_app_views_projects_show_html_erb__612871647_12720'
  [1m[36mCACHE CodeFile Count (0.0ms)[0m  [1m[34mSELECT COUNT(*) FROM "code_files" WHERE "code_files"."project_id" = $1[0m  [["project_id", 1]]
  ↳ app/views/projects/show.html.erb:64:in '_app_views_projects_show_html_erb__612871647_12720'
  [1m[36mCodeFile Exists? (0.7ms)[0m  [1m[34mSELECT 1 AS one FROM "code_files" WHERE "code_files"."project_id" = $1 LIMIT $2 /*application:CodeCritic,controller:projects,action:show*/[0m  [["project_id", 1], ["LIMIT", 1]]
  ↳ app/views/projects/show.html.erb:67:in '_app_views_projects_show_html_erb__612871647_12720'
  [1m[36mCodeFile Load (0.6ms)[0m  [1m[34mSELECT "code_files".* FROM "code_files" WHERE "code_files"."project_id" = $1 ORDER BY "code_files"."created_at" DESC /*application:CodeCritic,controller:projects,action:show*/[0m  [["project_id", 1]]
  ↳ app/views/projects/show.html.erb:80:in '_app_views_projects_show_html_erb__612871647_12720'
  [1m[36mReview Load (3.0ms)[0m  [1m[34mSELECT "reviews".* FROM "reviews" WHERE "reviews"."code_file_id" = $1 LIMIT $2 /*application:CodeCritic,controller:projects,action:show*/[0m  [["code_file_id", 1], ["LIMIT", 1]]
  ↳ app/views/projects/show.html.erb:101:in 'block in _app_views_projects_show_html_erb__612871647_12720'
  Rendered projects/show.html.erb within layouts/application (Duration: 99.4ms | Allocations: 10765)
  Rendered layout layouts/application.html.erb (Duration: 146.0ms | Allocations: 11432)
Completed 200 OK in 1398ms (Views: 182.9ms | ActiveRecord: 14.0ms | Allocations: 14065)


Started GET "/projects/1" for 127.0.0.1 at 2026-03-22 01:15:11 +0500
Processing by ProjectsController#show as HTML
  Parameters: {"id" => "1"}
  [1m[36mUser Load (0.4ms)[0m  [1m[34mSELECT "users".* FROM "users" WHERE "users"."id" = $1 ORDER BY "users"."id" ASC LIMIT $2 /*application:CodeCritic,controller:projects,action:show*/[0m  [["id", 1], ["LIMIT", 1]]
  ↳ app/controllers/projects_controller.rb:47:in 'ProjectsController#set_project'
  [1m[36mProject Load (0.5ms)[0m  [1m[34mSELECT "projects".* FROM "projects" WHERE "projects"."user_id" = $1 AND "projects"."id" = $2 LIMIT $3 /*application:CodeCritic,controller:projects,action:show*/[0m  [["user_id", 1], ["id", 1], ["LIMIT", 1]]
  ↳ app/controllers/projects_controller.rb:47:in 'ProjectsController#set_project'
  Rendering layout layouts/application.html.erb
  Rendering projects/show.html.erb within layouts/application
  Rendered shared/_navbar.html.erb (Duration: 0.8ms | Allocations: 313)
  Rendered shared/_flash.html.erb (Duration: 0.1ms | Allocations: 19)
  [1m[36mCodeFile Count (0.6ms)[0m  [1m[34mSELECT COUNT(*) FROM "code_files" WHERE "code_files"."project_id" = $1 /*application:CodeCritic,controller:projects,action:show*/[0m  [["project_id", 1]]
  ↳ app/views/projects/show.html.erb:39:in '_app_views_projects_show_html_erb__612871647_12720'
  [1m[36mCACHE CodeFile Count (0.0ms)[0m  [1m[34mSELECT COUNT(*) FROM "code_files" WHERE "code_files"."project_id" = $1[0m  [["project_id", 1]]
  ↳ app/views/projects/show.html.erb:64:in '_app_views_projects_show_html_erb__612871647_12720'
  [1m[36mCodeFile Exists? (0.5ms)[0m  [1m[34mSELECT 1 AS one FROM "code_files" WHERE "code_files"."project_id" = $1 LIMIT $2 /*application:CodeCritic,controller:projects,action:show*/[0m  [["project_id", 1], ["LIMIT", 1]]
  ↳ app/views/projects/show.html.erb:67:in '_app_views_projects_show_html_erb__612871647_12720'
  [1m[36mCodeFile Load (0.5ms)[0m  [1m[34mSELECT "code_files".* FROM "code_files" WHERE "code_files"."project_id" = $1 ORDER BY "code_files"."created_at" DESC /*application:CodeCritic,controller:projects,action:show*/[0m  [["project_id", 1]]
  ↳ app/views/projects/show.html.erb:80:in '_app_views_projects_show_html_erb__612871647_12720'
  [1m[36mReview Load (0.4ms)[0m  [1m[34mSELECT "reviews".* FROM "reviews" WHERE "reviews"."code_file_id" = $1 LIMIT $2 /*application:CodeCritic,controller:projects,action:show*/[0m  [["code_file_id", 1], ["LIMIT", 1]]
  ↳ app/views/projects/show.html.erb:101:in 'block in _app_views_projects_show_html_erb__612871647_12720'
  Rendered projects/show.html.erb within layouts/application (Duration: 48.7ms | Allocations: 4800)
  Rendered layout layouts/application.html.erb (Duration: 52.5ms | Allocations: 5467)
Completed 200 OK in 1781ms (Views: 51.8ms | ActiveRecord: 3.0ms | Allocations: 7930)


Started GET "/projects/1" for 127.0.0.1 at 2026-03-22 01:15:14 +0500
Processing by ProjectsController#show as HTML
  Parameters: {"id" => "1"}
  [1m[36mUser Load (0.5ms)[0m  [1m[34mSELECT "users".* FROM "users" WHERE "users"."id" = $1 ORDER BY "users"."id" ASC LIMIT $2 /*application:CodeCritic,controller:projects,action:show*/[0m  [["id", 1], ["LIMIT", 1]]
  ↳ app/controllers/projects_controller.rb:47:in 'ProjectsController#set_project'
  [1m[36mProject Load (0.4ms)[0m  [1m[34mSELECT "projects".* FROM "projects" WHERE "projects"."user_id" = $1 AND "projects"."id" = $2 LIMIT $3 /*application:CodeCritic,controller:projects,action:show*/[0m  [["user_id", 1], ["id", 1], ["LIMIT", 1]]
  ↳ app/controllers/projects_controller.rb:47:in 'ProjectsController#set_project'
  Rendering layout layouts/application.html.erb
  Rendering projects/show.html.erb within layouts/application
  Rendered shared/_navbar.html.erb (Duration: 1.5ms | Allocations: 313)
  Rendered shared/_flash.html.erb (Duration: 0.1ms | Allocations: 19)
  [1m[36mCodeFile Count (0.5ms)[0m  [1m[34mSELECT COUNT(*) FROM "code_files" WHERE "code_files"."project_id" = $1 /*application:CodeCritic,controller:projects,action:show*/[0m  [["project_id", 1]]
  ↳ app/views/projects/show.html.erb:39:in '_app_views_projects_show_html_erb__612871647_12720'
  [1m[36mCACHE CodeFile Count (0.0ms)[0m  [1m[34mSELECT COUNT(*) FROM "code_files" WHERE "code_files"."project_id" = $1[0m  [["project_id", 1]]
  ↳ app/views/projects/show.html.erb:64:in '_app_views_projects_show_html_erb__612871647_12720'
  [1m[36mCodeFile Exists? (0.5ms)[0m  [1m[34mSELECT 1 AS one FROM "code_files" WHERE "code_files"."project_id" = $1 LIMIT $2 /*application:CodeCritic,controller:projects,action:show*/[0m  [["project_id", 1], ["LIMIT", 1]]
  ↳ app/views/projects/show.html.erb:67:in '_app_views_projects_show_html_erb__612871647_12720'
  [1m[36mCodeFile Load (0.5ms)[0m  [1m[34mSELECT "code_files".* FROM "code_files" WHERE "code_files"."project_id" = $1 ORDER BY "code_files"."created_at" DESC /*application:CodeCritic,controller:projects,action:show*/[0m  [["project_id", 1]]
  ↳ app/views/projects/show.html.erb:80:in '_app_views_projects_show_html_erb__612871647_12720'
  [1m[36mReview Load (0.6ms)[0m  [1m[34mSELECT "reviews".* FROM "reviews" WHERE "reviews"."code_file_id" = $1 LIMIT $2 /*application:CodeCritic,controller:projects,action:show*/[0m  [["code_file_id", 1], ["LIMIT", 1]]
  ↳ app/views/projects/show.html.erb:101:in 'block in _app_views_projects_show_html_erb__612871647_12720'
  Rendered projects/show.html.erb within layouts/application (Duration: 50.1ms | Allocations: 4795)
  Rendered layout layouts/application.html.erb (Duration: 52.9ms | Allocations: 5462)
Completed 200 OK in 1826ms (Views: 56.6ms | ActiveRecord: 3.2ms | Allocations: 7921)


Started GET "/projects/1" for 127.0.0.1 at 2026-03-22 01:15:18 +0500
Processing by ProjectsController#show as HTML
  Parameters: {"id" => "1"}
  [1m[36mUser Load (0.4ms)[0m  [1m[34mSELECT "users".* FROM "users" WHERE "users"."id" = $1 ORDER BY "users"."id" ASC LIMIT $2 /*application:CodeCritic,controller:projects,action:show*/[0m  [["id", 1], ["LIMIT", 1]]
  ↳ app/controllers/projects_controller.rb:47:in 'ProjectsController#set_project'
  [1m[36mProject Load (0.5ms)[0m  [1m[34mSELECT "projects".* FROM "projects" WHERE "projects"."user_id" = $1 AND "projects"."id" = $2 LIMIT $3 /*application:CodeCritic,controller:projects,action:show*/[0m  [["user_id", 1], ["id", 1], ["LIMIT", 1]]
  ↳ app/controllers/projects_controller.rb:47:in 'ProjectsController#set_project'
  Rendering layout layouts/application.html.erb
  Rendering projects/show.html.erb within layouts/application
  Rendered shared/_navbar.html.erb (Duration: 0.6ms | Allocations: 313)
  Rendered shared/_flash.html.erb (Duration: 0.1ms | Allocations: 19)
  [1m[36mCodeFile Count (0.4ms)[0m  [1m[34mSELECT COUNT(*) FROM "code_files" WHERE "code_files"."project_id" = $1 /*application:CodeCritic,controller:projects,action:show*/[0m  [["project_id", 1]]
  ↳ app/views/projects/show.html.erb:39:in '_app_views_projects_show_html_erb__612871647_12720'
  [1m[36mCACHE CodeFile Count (0.0ms)[0m  [1m[34mSELECT COUNT(*) FROM "code_files" WHERE "code_files"."project_id" = $1[0m  [["project_id", 1]]
  ↳ app/views/projects/show.html.erb:64:in '_app_views_projects_show_html_erb__612871647_12720'
  [1m[36mCodeFile Exists? (0.5ms)[0m  [1m[34mSELECT 1 AS one FROM "code_files" WHERE "code_files"."project_id" = $1 LIMIT $2 /*application:CodeCritic,controller:projects,action:show*/[0m  [["project_id", 1], ["LIMIT", 1]]
  ↳ app/views/projects/show.html.erb:67:in '_app_views_projects_show_html_erb__612871647_12720'
  [1m[36mCodeFile Load (0.4ms)[0m  [1m[34mSELECT "code_files".* FROM "code_files" WHERE "code_files"."project_id" = $1 ORDER BY "code_files"."created_at" DESC /*application:CodeCritic,controller:projects,action:show*/[0m  [["project_id", 1]]
  ↳ app/views/projects/show.html.erb:80:in '_app_views_projects_show_html_erb__612871647_12720'
  [1m[36mReview Load (0.4ms)[0m  [1m[34mSELECT "reviews".* FROM "reviews" WHERE "reviews"."code_file_id" = $1 LIMIT $2 /*application:CodeCritic,controller:projects,action:show*/[0m  [["code_file_id", 1], ["LIMIT", 1]]
  ↳ app/views/projects/show.html.erb:101:in 'block in _app_views_projects_show_html_erb__612871647_12720'
  Rendered projects/show.html.erb within layouts/application (Duration: 19.1ms | Allocations: 4795)
  Rendered layout layouts/application.html.erb (Duration: 27.7ms | Allocations: 5463)
Completed 200 OK in 1105ms (Views: 29.1ms | ActiveRecord: 2.7ms | Allocations: 7913)


Started GET "/code_files/1" for 127.0.0.1 at 2026-03-22 01:15:32 +0500
Processing by CodeFilesController#show as HTML
  Parameters: {"id" => "1"}
  [1m[36mCodeFile Load (0.4ms)[0m  [1m[34mSELECT "code_files".* FROM "code_files" WHERE "code_files"."id" = $1 LIMIT $2 /*application:CodeCritic,controller:code_files,action:show*/[0m  [["id", 1], ["LIMIT", 1]]
  ↳ app/controllers/code_files_controller.rb:52:in 'CodeFilesController#set_code_file'
  [1m[36mProject Load (0.3ms)[0m  [1m[34mSELECT "projects".* FROM "projects" WHERE "projects"."id" = $1 LIMIT $2 /*application:CodeCritic,controller:code_files,action:show*/[0m  [["id", 1], ["LIMIT", 1]]
  ↳ app/controllers/code_files_controller.rb:47:in 'CodeFilesController#set_project'
  Rendering layout layouts/application.html.erb
  Rendering code_files/show.html.erb within layouts/application
  [1m[36mUser Load (0.7ms)[0m  [1m[34mSELECT "users".* FROM "users" WHERE "users"."id" = $1 ORDER BY "users"."id" ASC LIMIT $2 /*application:CodeCritic,controller:code_files,action:show*/[0m  [["id", 1], ["LIMIT", 1]]
  ↳ app/views/shared/_navbar.html.erb:24:in '_app_views_shared__navbar_html_erb___531694109_12632'
  Rendered shared/_navbar.html.erb (Duration: 7.2ms | Allocations: 1625)
  Rendered shared/_flash.html.erb (Duration: 0.1ms | Allocations: 22)
  [1m[36mReview Load (0.3ms)[0m  [1m[34mSELECT "reviews".* FROM "reviews" WHERE "reviews"."code_file_id" = $1 LIMIT $2 /*application:CodeCritic,controller:code_files,action:show*/[0m  [["code_file_id", 1], ["LIMIT", 1]]
  ↳ app/views/code_files/show.html.erb:38:in '_app_views_code_files_show_html_erb__628893867_12856'
  Rendered code_files/show.html.erb within layouts/application (Duration: 18.8ms | Allocations: 3874)
  Rendered layout layouts/application.html.erb (Duration: 21.5ms | Allocations: 4585)
Completed 200 OK in 1108ms (Views: 28.5ms | ActiveRecord: 1.7ms | Allocations: 8061)


Started POST "/code_files/1/review" for 127.0.0.1 at 2026-03-22 01:15:43 +0500
Processing by ReviewsController#create as TURBO_STREAM
  Parameters: {"authenticity_token" => "[FILTERED]", "code_file_id" => "1"}
  [1m[36mCodeFile Load (0.3ms)[0m  [1m[34mSELECT "code_files".* FROM "code_files" WHERE "code_files"."id" = $1 LIMIT $2 /*application:CodeCritic,controller:reviews,action:create*/[0m  [["id", 1], ["LIMIT", 1]]
  ↳ app/controllers/reviews_controller.rb:7:in 'ReviewsController#create'
  [1m[36mReview Load (0.4ms)[0m  [1m[34mSELECT "reviews".* FROM "reviews" WHERE "reviews"."code_file_id" = $1 /*application:CodeCritic,controller:reviews,action:create*/[0m  [["code_file_id", 1]]
  ↳ app/controllers/reviews_controller.rb:10:in 'ReviewsController#create'
HF AI Error: unexpected token 'Not' at line 1 column 1
  [1m[36mCACHE CodeFile Load (0.0ms)[0m  [1m[34mSELECT "code_files".* FROM "code_files" WHERE "code_files"."id" = $1 LIMIT $2[0m  [["id", 1], ["LIMIT", 1]]
  ↳ app/controllers/reviews_controller.rb:18:in 'ReviewsController#create'
Completed 500 Internal Server Error in 2336ms (ActiveRecord: 3.8ms | Allocations: 34985)


  
NoMethodError (undefined method 'content' for an instance of Review):
  
app/controllers/reviews_controller.rb:18:in 'ReviewsController#create'
Started GET "/code_files/1" for 127.0.0.1 at 2026-03-22 01:18:18 +0500
Processing by CodeFilesController#show as HTML
  Parameters: {"id" => "1"}
  [1m[36mCodeFile Load (0.5ms)[0m  [1m[34mSELECT "code_files".* FROM "code_files" WHERE "code_files"."id" = $1 LIMIT $2 /*application:CodeCritic,controller:code_files,action:show*/[0m  [["id", 1], ["LIMIT", 1]]
  ↳ app/controllers/code_files_controller.rb:52:in 'CodeFilesController#set_code_file'
  [1m[36mProject Load (0.4ms)[0m  [1m[34mSELECT "projects".* FROM "projects" WHERE "projects"."id" = $1 LIMIT $2 /*application:CodeCritic,controller:code_files,action:show*/[0m  [["id", 1], ["LIMIT", 1]]
  ↳ app/controllers/code_files_controller.rb:47:in 'CodeFilesController#set_project'
  Rendering layout layouts/application.html.erb
  Rendering code_files/show.html.erb within layouts/application
  [1m[36mUser Load (0.5ms)[0m  [1m[34mSELECT "users".* FROM "users" WHERE "users"."id" = $1 ORDER BY "users"."id" ASC LIMIT $2 /*application:CodeCritic,controller:code_files,action:show*/[0m  [["id", 1], ["LIMIT", 1]]
  ↳ app/views/shared/_navbar.html.erb:24:in '_app_views_shared__navbar_html_erb___531694109_12632'
  Rendered shared/_navbar.html.erb (Duration: 6.4ms | Allocations: 1602)
  Rendered shared/_flash.html.erb (Duration: 0.1ms | Allocations: 21)
  [1m[36mReview Load (0.4ms)[0m  [1m[34mSELECT "reviews".* FROM "reviews" WHERE "reviews"."code_file_id" = $1 LIMIT $2 /*application:CodeCritic,controller:code_files,action:show*/[0m  [["code_file_id", 1], ["LIMIT", 1]]
  ↳ app/views/code_files/show.html.erb:38:in '_app_views_code_files_show_html_erb__628893867_12856'
  Rendered code_files/show.html.erb within layouts/application (Duration: 11.9ms | Allocations: 2938)
  Rendered layout layouts/application.html.erb (Duration: 13.9ms | Allocations: 3605)
Completed 200 OK in 1138ms (Views: 17.4ms | ActiveRecord: 1.7ms | Allocations: 5464)


Started POST "/code_files/1/review" for 127.0.0.1 at 2026-03-22 01:18:28 +0500
Processing by ReviewsController#create as TURBO_STREAM
  Parameters: {"authenticity_token" => "[FILTERED]", "code_file_id" => "1"}
  [1m[36mCodeFile Load (0.3ms)[0m  [1m[34mSELECT "code_files".* FROM "code_files" WHERE "code_files"."id" = $1 LIMIT $2 /*application:CodeCritic,controller:reviews,action:create*/[0m  [["id", 1], ["LIMIT", 1]]
  ↳ app/controllers/reviews_controller.rb:7:in 'ReviewsController#create'
  [1m[36mReview Load (0.4ms)[0m  [1m[34mSELECT "reviews".* FROM "reviews" WHERE "reviews"."code_file_id" = $1 /*application:CodeCritic,controller:reviews,action:create*/[0m  [["code_file_id", 1]]
  ↳ app/controllers/reviews_controller.rb:10:in 'ReviewsController#create'
HF AI Error: unexpected token 'Not' at line 1 column 1
  [1m[36mCACHE CodeFile Load (0.0ms)[0m  [1m[34mSELECT "code_files".* FROM "code_files" WHERE "code_files"."id" = $1 LIMIT $2[0m  [["id", 1], ["LIMIT", 1]]
  ↳ app/controllers/reviews_controller.rb:18:in 'ReviewsController#create'
Completed 500 Internal Server Error in 1693ms (ActiveRecord: 0.7ms | Allocations: 4555)


  
NoMethodError (undefined method 'content' for an instance of Review):
  
app/controllers/reviews_controller.rb:18:in 'ReviewsController#create'
Started GET "/" for 127.0.0.1 at 2026-03-22 14:22:01 +0500
  [1m[36mActiveRecord::SchemaMigration Pluck (3.8ms)[0m  [1m[34mSELECT "schema_migrations"."version" FROM "schema_migrations" ORDER BY "schema_migrations"."version" ASC /*application:CodeCritic*/[0m
Processing by Rails::WelcomeController#index as HTML
  Rendering C:/Ruby34-x64/lib/ruby/gems/3.4.0/gems/railties-7.0.10/lib/rails/templates/rails/welcome/index.html.erb
  Rendered C:/Ruby34-x64/lib/ruby/gems/3.4.0/gems/railties-7.0.10/lib/rails/templates/rails/welcome/index.html.erb (Duration: 6.3ms | Allocations: 384)
Completed 200 OK in 3023ms (Views: 26.7ms | ActiveRecord: 0.0ms | Allocations: 14437)


Started GET "/favicon.ico" for 127.0.0.1 at 2026-03-22 14:22:06 +0500
  
ActionController::RoutingError (No route matches [GET] "/favicon.ico"):
  
Started GET "/projects" for 127.0.0.1 at 2026-03-22 14:22:21 +0500
Processing by ProjectsController#index as HTML
  [1m[36mUser Load (6.7ms)[0m  [1m[34mSELECT "users".* FROM "users" WHERE "users"."id" = $1 ORDER BY "users"."id" ASC LIMIT $2 /*application:CodeCritic,controller:projects,action:index*/[0m  [["id", 1], ["LIMIT", 1]]
  ↳ app/controllers/projects_controller.rb:6:in 'ProjectsController#index'
  [1m[36mProject Load (2.5ms)[0m  [1m[34mSELECT "projects".* FROM "projects" WHERE "projects"."user_id" = $1 /*application:CodeCritic,controller:projects,action:index*/[0m  [["user_id", 1]]
  ↳ app/controllers/projects_controller.rb:7:in 'block in ProjectsController#index'
  Rendering layout layouts/application.html.erb
  Rendering projects/index.html.erb within layouts/application
  Rendered shared/_navbar.html.erb (Duration: 10.7ms | Allocations: 673)
  Rendered shared/_flash.html.erb (Duration: 3.4ms | Allocations: 163)
  [1m[36mCodeFile Count (5.5ms)[0m  [1m[34mSELECT COUNT(*) FROM "code_files" WHERE "code_files"."project_id" = $1 /*application:CodeCritic,controller:projects,action:index*/[0m  [["project_id", 1]]
  ↳ app/views/projects/index.html.erb:49:in 'block in _app_views_projects_index_html_erb___686519994_12608'
  [1m[36mCodeFile Count (0.5ms)[0m  [1m[34mSELECT COUNT(*) FROM "code_files" WHERE "code_files"."project_id" = $1 /*application:CodeCritic,controller:projects,action:index*/[0m  [["project_id", 3]]
  ↳ app/views/projects/index.html.erb:49:in 'block in _app_views_projects_index_html_erb___686519994_12608'
  Rendered projects/index.html.erb within layouts/application (Duration: 52.8ms | Allocations: 5972)
  Rendered layout layouts/application.html.erb (Duration: 107.3ms | Allocations: 14358)
Completed 200 OK in 2664ms (Views: 121.9ms | ActiveRecord: 95.4ms | Allocations: 32095)


Started GET "/projects/1" for 127.0.0.1 at 2026-03-22 14:22:29 +0500
Processing by ProjectsController#show as HTML
  Parameters: {"id" => "1"}
  [1m[36mUser Load (0.3ms)[0m  [1m[34mSELECT "users".* FROM "users" WHERE "users"."id" = $1 ORDER BY "users"."id" ASC LIMIT $2 /*application:CodeCritic,controller:projects,action:show*/[0m  [["id", 1], ["LIMIT", 1]]
  ↳ app/controllers/projects_controller.rb:47:in 'ProjectsController#set_project'
  [1m[36mProject Load (0.4ms)[0m  [1m[34mSELECT "projects".* FROM "projects" WHERE "projects"."user_id" = $1 AND "projects"."id" = $2 LIMIT $3 /*application:CodeCritic,controller:projects,action:show*/[0m  [["user_id", 1], ["id", 1], ["LIMIT", 1]]
  ↳ app/controllers/projects_controller.rb:47:in 'ProjectsController#set_project'
  Rendering layout layouts/application.html.erb
  Rendering projects/show.html.erb within layouts/application
  Rendered shared/_navbar.html.erb (Duration: 0.5ms | Allocations: 314)
  Rendered shared/_flash.html.erb (Duration: 0.1ms | Allocations: 19)
  [1m[36mCodeFile Count (0.7ms)[0m  [1m[34mSELECT COUNT(*) FROM "code_files" WHERE "code_files"."project_id" = $1 /*application:CodeCritic,controller:projects,action:show*/[0m  [["project_id", 1]]
  ↳ app/views/projects/show.html.erb:39:in '_app_views_projects_show_html_erb__78959632_12704'
  [1m[36mCACHE CodeFile Count (0.0ms)[0m  [1m[34mSELECT COUNT(*) FROM "code_files" WHERE "code_files"."project_id" = $1[0m  [["project_id", 1]]
  ↳ app/views/projects/show.html.erb:64:in '_app_views_projects_show_html_erb__78959632_12704'
  [1m[36mCodeFile Exists? (0.7ms)[0m  [1m[34mSELECT 1 AS one FROM "code_files" WHERE "code_files"."project_id" = $1 LIMIT $2 /*application:CodeCritic,controller:projects,action:show*/[0m  [["project_id", 1], ["LIMIT", 1]]
  ↳ app/views/projects/show.html.erb:67:in '_app_views_projects_show_html_erb__78959632_12704'
  [1m[36mCodeFile Load (0.5ms)[0m  [1m[34mSELECT "code_files".* FROM "code_files" WHERE "code_files"."project_id" = $1 ORDER BY "code_files"."created_at" DESC /*application:CodeCritic,controller:projects,action:show*/[0m  [["project_id", 1]]
  ↳ app/views/projects/show.html.erb:80:in '_app_views_projects_show_html_erb__78959632_12704'
  [1m[36mReview Load (3.2ms)[0m  [1m[34mSELECT "reviews".* FROM "reviews" WHERE "reviews"."code_file_id" = $1 LIMIT $2 /*application:CodeCritic,controller:projects,action:show*/[0m  [["code_file_id", 1], ["LIMIT", 1]]
  ↳ app/views/projects/show.html.erb:101:in 'block in _app_views_projects_show_html_erb__78959632_12704'
  Rendered projects/show.html.erb within layouts/application (Duration: 58.7ms | Allocations: 10767)
  Rendered layout layouts/application.html.erb (Duration: 60.1ms | Allocations: 11434)
Completed 200 OK in 1349ms (Views: 51.7ms | ActiveRecord: 10.4ms | Allocations: 14041)


Started GET "/code_files/1" for 127.0.0.1 at 2026-03-22 14:22:37 +0500
Processing by CodeFilesController#show as HTML
  Parameters: {"id" => "1"}
  [1m[36mCodeFile Load (0.4ms)[0m  [1m[34mSELECT "code_files".* FROM "code_files" WHERE "code_files"."id" = $1 LIMIT $2 /*application:CodeCritic,controller:code_files,action:show*/[0m  [["id", 1], ["LIMIT", 1]]
  ↳ app/controllers/code_files_controller.rb:52:in 'CodeFilesController#set_code_file'
  [1m[36mProject Load (0.5ms)[0m  [1m[34mSELECT "projects".* FROM "projects" WHERE "projects"."id" = $1 LIMIT $2 /*application:CodeCritic,controller:code_files,action:show*/[0m  [["id", 1], ["LIMIT", 1]]
  ↳ app/controllers/code_files_controller.rb:47:in 'CodeFilesController#set_project'
  Rendering layout layouts/application.html.erb
  Rendering code_files/show.html.erb within layouts/application
  [1m[36mUser Load (0.7ms)[0m  [1m[34mSELECT "users".* FROM "users" WHERE "users"."id" = $1 ORDER BY "users"."id" ASC LIMIT $2 /*application:CodeCritic,controller:code_files,action:show*/[0m  [["id", 1], ["LIMIT", 1]]
  ↳ app/views/shared/_navbar.html.erb:24:in '_app_views_shared__navbar_html_erb___145484108_12616'
  Rendered shared/_navbar.html.erb (Duration: 11.4ms | Allocations: 1635)
  Rendered shared/_flash.html.erb (Duration: 0.1ms | Allocations: 22)
  [1m[36mReview Load (0.3ms)[0m  [1m[34mSELECT "reviews".* FROM "reviews" WHERE "reviews"."code_file_id" = $1 LIMIT $2 /*application:CodeCritic,controller:code_files,action:show*/[0m  [["code_file_id", 1], ["LIMIT", 1]]
  ↳ app/views/code_files/show.html.erb:38:in '_app_views_code_files_show_html_erb__256933844_12776'
  Rendered code_files/show.html.erb within layouts/application (Duration: 30.9ms | Allocations: 3876)
  Rendered layout layouts/application.html.erb (Duration: 33.0ms | Allocations: 4587)
Completed 200 OK in 1323ms (Views: 46.3ms | ActiveRecord: 1.9ms | Allocations: 8078)


Started POST "/code_files/1/review" for 127.0.0.1 at 2026-03-22 14:22:44 +0500
Processing by ReviewsController#create as TURBO_STREAM
  Parameters: {"authenticity_token" => "[FILTERED]", "code_file_id" => "1"}
  [1m[36mCodeFile Load (0.3ms)[0m  [1m[34mSELECT "code_files".* FROM "code_files" WHERE "code_files"."id" = $1 LIMIT $2 /*application:CodeCritic,controller:reviews,action:create*/[0m  [["id", 1], ["LIMIT", 1]]
  ↳ app/controllers/reviews_controller.rb:7:in 'ReviewsController#create'
  [1m[36mReview Load (0.3ms)[0m  [1m[34mSELECT "reviews".* FROM "reviews" WHERE "reviews"."code_file_id" = $1 /*application:CodeCritic,controller:reviews,action:create*/[0m  [["code_file_id", 1]]
  ↳ app/controllers/reviews_controller.rb:10:in 'ReviewsController#create'
HF AI Error: unexpected token 'Not' at line 1 column 1
  [1m[36mCACHE CodeFile Load (0.0ms)[0m  [1m[34mSELECT "code_files".* FROM "code_files" WHERE "code_files"."id" = $1 LIMIT $2[0m  [["id", 1], ["LIMIT", 1]]
  ↳ app/controllers/reviews_controller.rb:18:in 'ReviewsController#create'
Completed 500 Internal Server Error in 2256ms (ActiveRecord: 3.6ms | Allocations: 35011)


  
NoMethodError (undefined method 'content' for an instance of Review):
  
app/controllers/reviews_controller.rb:18:in 'ReviewsController#create'
Started GET "/code_files/1" for 127.0.0.1 at 2026-03-22 14:24:08 +0500
Processing by CodeFilesController#show as HTML
  Parameters: {"id" => "1"}
  [1m[36mCodeFile Load (0.6ms)[0m  [1m[34mSELECT "code_files".* FROM "code_files" WHERE "code_files"."id" = $1 LIMIT $2 /*application:CodeCritic,controller:code_files,action:show*/[0m  [["id", 1], ["LIMIT", 1]]
  ↳ app/controllers/code_files_controller.rb:52:in 'CodeFilesController#set_code_file'
  [1m[36mProject Load (0.7ms)[0m  [1m[34mSELECT "projects".* FROM "projects" WHERE "projects"."id" = $1 LIMIT $2 /*application:CodeCritic,controller:code_files,action:show*/[0m  [["id", 1], ["LIMIT", 1]]
  ↳ app/controllers/code_files_controller.rb:47:in 'CodeFilesController#set_project'
  Rendering layout layouts/application.html.erb
  Rendering code_files/show.html.erb within layouts/application
  [1m[36mUser Load (1.7ms)[0m  [1m[34mSELECT "users".* FROM "users" WHERE "users"."id" = $1 ORDER BY "users"."id" ASC LIMIT $2 /*application:CodeCritic,controller:code_files,action:show*/[0m  [["id", 1], ["LIMIT", 1]]
  ↳ app/views/shared/_navbar.html.erb:24:in '_app_views_shared__navbar_html_erb___145484108_12616'
  Rendered shared/_navbar.html.erb (Duration: 33.6ms | Allocations: 4066)
  Rendered shared/_flash.html.erb (Duration: 0.1ms | Allocations: 24)
  [1m[36mReview Load (0.7ms)[0m  [1m[34mSELECT "reviews".* FROM "reviews" WHERE "reviews"."code_file_id" = $1 LIMIT $2 /*application:CodeCritic,controller:code_files,action:show*/[0m  [["code_file_id", 1], ["LIMIT", 1]]
  ↳ app/views/code_files/show.html.erb:38:in '_app_views_code_files_show_html_erb__256933844_12776'
  Rendered code_files/show.html.erb within layouts/application (Duration: 68.7ms | Allocations: 7870)
  Rendered layout layouts/application.html.erb (Duration: 86.6ms | Allocations: 10187)
Completed 200 OK in 2531ms (Views: 87.5ms | ActiveRecord: 24.6ms | Allocations: 19683)


Started POST "/code_files/1/review" for 127.0.0.1 at 2026-03-22 14:24:18 +0500
Processing by ReviewsController#create as TURBO_STREAM
  Parameters: {"authenticity_token" => "[FILTERED]", "code_file_id" => "1"}
  [1m[36mCodeFile Load (0.5ms)[0m  [1m[34mSELECT "code_files".* FROM "code_files" WHERE "code_files"."id" = $1 LIMIT $2 /*application:CodeCritic,controller:reviews,action:create*/[0m  [["id", 1], ["LIMIT", 1]]
  ↳ app/controllers/reviews_controller.rb:7:in 'ReviewsController#create'
  [1m[36mReview Load (0.6ms)[0m  [1m[34mSELECT "reviews".* FROM "reviews" WHERE "reviews"."code_file_id" = $1 /*application:CodeCritic,controller:reviews,action:create*/[0m  [["code_file_id", 1]]
  ↳ app/controllers/reviews_controller.rb:10:in 'ReviewsController#create'
HF AI Error: unexpected token 'Not' at line 1 column 1
Completed 500 Internal Server Error in 3012ms (ActiveRecord: 1.0ms | Allocations: 3682)


  
RuntimeError (code_file: CodeFile | result: Array | result[0]: NilClass):
  
app/controllers/reviews_controller.rb:14:in 'ReviewsController#create'
Started GET "/" for 127.0.0.1 at 2026-03-22 18:54:06 +0500
Started GET "/favicon.ico" for 127.0.0.1 at 2026-03-22 18:54:06 +0500
  [1m[36mActiveRecord::SchemaMigration Pluck (4.5ms)[0m  [1m[34mSELECT "schema_migrations"."version" FROM "schema_migrations" ORDER BY "schema_migrations"."version" ASC /*application:CodeCritic*/[0m
  
ActionController::RoutingError (No route matches [GET] "/favicon.ico"):
  
Started GET "/" for 127.0.0.1 at 2026-03-22 18:57:04 +0500
  [1m[36mActiveRecord::SchemaMigration Pluck (2.1ms)[0m  [1m[34mSELECT "schema_migrations"."version" FROM "schema_migrations" ORDER BY "schema_migrations"."version" ASC /*application:CodeCritic*/[0m
Processing by Rails::WelcomeController#index as HTML
  Rendering C:/Ruby34-x64/lib/ruby/gems/3.4.0/gems/railties-7.0.10/lib/rails/templates/rails/welcome/index.html.erb
  Rendered C:/Ruby34-x64/lib/ruby/gems/3.4.0/gems/railties-7.0.10/lib/rails/templates/rails/welcome/index.html.erb (Duration: 5.3ms | Allocations: 384)
Completed 200 OK in 1607ms (Views: 17.7ms | ActiveRecord: 0.0ms | Allocations: 4827)


Started GET "/projects" for 127.0.0.1 at 2026-03-22 19:04:54 +0500
Processing by ProjectsController#index as HTML
  [1m[36mUser Load (6.9ms)[0m  [1m[34mSELECT "users".* FROM "users" WHERE "users"."id" = $1 ORDER BY "users"."id" ASC LIMIT $2 /*application:CodeCritic,controller:projects,action:index*/[0m  [["id", 1], ["LIMIT", 1]]
  ↳ app/controllers/projects_controller.rb:6:in 'ProjectsController#index'
  [1m[36mProject Load (2.7ms)[0m  [1m[34mSELECT "projects".* FROM "projects" WHERE "projects"."user_id" = $1 /*application:CodeCritic,controller:projects,action:index*/[0m  [["user_id", 1]]
  ↳ app/controllers/projects_controller.rb:7:in 'block in ProjectsController#index'
  Rendering layout layouts/application.html.erb
  Rendering projects/index.html.erb within layouts/application
  Rendered shared/_navbar.html.erb (Duration: 10.9ms | Allocations: 721)
  Rendered shared/_flash.html.erb (Duration: 0.7ms | Allocations: 163)
  [1m[36mCodeFile Count (7.0ms)[0m  [1m[34mSELECT COUNT(*) FROM "code_files" WHERE "code_files"."project_id" = $1 /*application:CodeCritic,controller:projects,action:index*/[0m  [["project_id", 1]]
  ↳ app/views/projects/index.html.erb:49:in 'block in _app_views_projects_index_html_erb___238182278_12400'
  [1m[36mCodeFile Count (0.6ms)[0m  [1m[34mSELECT COUNT(*) FROM "code_files" WHERE "code_files"."project_id" = $1 /*application:CodeCritic,controller:projects,action:index*/[0m  [["project_id", 3]]
  ↳ app/views/projects/index.html.erb:49:in 'block in _app_views_projects_index_html_erb___238182278_12400'
  Rendered projects/index.html.erb within layouts/application (Duration: 49.4ms | Allocations: 6064)
  Rendered layout layouts/application.html.erb (Duration: 93.1ms | Allocations: 14464)
Completed 200 OK in 1599ms (Views: 98.7ms | ActiveRecord: 72.2ms | Allocations: 35991)


Started GET "/favicon.ico" for 127.0.0.1 at 2026-03-22 19:04:57 +0500
  
ActionController::RoutingError (No route matches [GET] "/favicon.ico"):
  
Started GET "/projects/1" for 127.0.0.1 at 2026-03-22 19:05:00 +0500
Processing by ProjectsController#show as HTML
  Parameters: {"id" => "1"}
  [1m[36mUser Load (1.1ms)[0m  [1m[34mSELECT "users".* FROM "users" WHERE "users"."id" = $1 ORDER BY "users"."id" ASC LIMIT $2 /*application:CodeCritic,controller:projects,action:show*/[0m  [["id", 1], ["LIMIT", 1]]
  ↳ app/controllers/projects_controller.rb:47:in 'ProjectsController#set_project'
  [1m[36mProject Load (0.4ms)[0m  [1m[34mSELECT "projects".* FROM "projects" WHERE "projects"."user_id" = $1 AND "projects"."id" = $2 LIMIT $3 /*application:CodeCritic,controller:projects,action:show*/[0m  [["user_id", 1], ["id", 1], ["LIMIT", 1]]
  ↳ app/controllers/projects_controller.rb:47:in 'ProjectsController#set_project'
  Rendering layout layouts/application.html.erb
  Rendering projects/show.html.erb within layouts/application
  Rendered shared/_navbar.html.erb (Duration: 1.2ms | Allocations: 313)
  Rendered shared/_flash.html.erb (Duration: 0.1ms | Allocations: 19)
  [1m[36mCodeFile Count (0.6ms)[0m  [1m[34mSELECT COUNT(*) FROM "code_files" WHERE "code_files"."project_id" = $1 /*application:CodeCritic,controller:projects,action:show*/[0m  [["project_id", 1]]
  ↳ app/views/projects/show.html.erb:39:in '_app_views_projects_show_html_erb__502840322_12680'
  [1m[36mCACHE CodeFile Count (0.0ms)[0m  [1m[34mSELECT COUNT(*) FROM "code_files" WHERE "code_files"."project_id" = $1[0m  [["project_id", 1]]
  ↳ app/views/projects/show.html.erb:64:in '_app_views_projects_show_html_erb__502840322_12680'
  [1m[36mCodeFile Exists? (0.6ms)[0m  [1m[34mSELECT 1 AS one FROM "code_files" WHERE "code_files"."project_id" = $1 LIMIT $2 /*application:CodeCritic,controller:projects,action:show*/[0m  [["project_id", 1], ["LIMIT", 1]]
  ↳ app/views/projects/show.html.erb:67:in '_app_views_projects_show_html_erb__502840322_12680'
  [1m[36mCodeFile Load (0.7ms)[0m  [1m[34mSELECT "code_files".* FROM "code_files" WHERE "code_files"."project_id" = $1 ORDER BY "code_files"."created_at" DESC /*application:CodeCritic,controller:projects,action:show*/[0m  [["project_id", 1]]
  ↳ app/views/projects/show.html.erb:80:in '_app_views_projects_show_html_erb__502840322_12680'
  [1m[36mReview Load (1.4ms)[0m  [1m[34mSELECT "reviews".* FROM "reviews" WHERE "reviews"."code_file_id" = $1 LIMIT $2 /*application:CodeCritic,controller:projects,action:show*/[0m  [["code_file_id", 1], ["LIMIT", 1]]
  ↳ app/views/projects/show.html.erb:101:in 'block in _app_views_projects_show_html_erb__502840322_12680'
  Rendered projects/show.html.erb within layouts/application (Duration: 86.8ms | Allocations: 10806)
  Rendered layout layouts/application.html.erb (Duration: 89.3ms | Allocations: 11473)
Completed 200 OK in 1196ms (Views: 83.8ms | ActiveRecord: 8.7ms | Allocations: 14111)


Started GET "/code_files/1" for 127.0.0.1 at 2026-03-22 19:05:10 +0500
Processing by CodeFilesController#show as HTML
  Parameters: {"id" => "1"}
  [1m[36mCodeFile Load (0.4ms)[0m  [1m[34mSELECT "code_files".* FROM "code_files" WHERE "code_files"."id" = $1 LIMIT $2 /*application:CodeCritic,controller:code_files,action:show*/[0m  [["id", 1], ["LIMIT", 1]]
  ↳ app/controllers/code_files_controller.rb:52:in 'CodeFilesController#set_code_file'
  [1m[36mProject Load (0.4ms)[0m  [1m[34mSELECT "projects".* FROM "projects" WHERE "projects"."id" = $1 LIMIT $2 /*application:CodeCritic,controller:code_files,action:show*/[0m  [["id", 1], ["LIMIT", 1]]
  ↳ app/controllers/code_files_controller.rb:47:in 'CodeFilesController#set_project'
  Rendering layout layouts/application.html.erb
  Rendering code_files/show.html.erb within layouts/application
  [1m[36mUser Load (0.4ms)[0m  [1m[34mSELECT "users".* FROM "users" WHERE "users"."id" = $1 ORDER BY "users"."id" ASC LIMIT $2 /*application:CodeCritic,controller:code_files,action:show*/[0m  [["id", 1], ["LIMIT", 1]]
  ↳ app/views/shared/_navbar.html.erb:24:in '_app_views_shared__navbar_html_erb__878046369_12408'
  Rendered shared/_navbar.html.erb (Duration: 14.4ms | Allocations: 1632)
  Rendered shared/_flash.html.erb (Duration: 0.1ms | Allocations: 22)
  [1m[36mReview Load (0.3ms)[0m  [1m[34mSELECT "reviews".* FROM "reviews" WHERE "reviews"."code_file_id" = $1 LIMIT $2 /*application:CodeCritic,controller:code_files,action:show*/[0m  [["code_file_id", 1], ["LIMIT", 1]]
  ↳ app/views/code_files/show.html.erb:38:in '_app_views_code_files_show_html_erb___901082949_12744'
  Rendered code_files/show.html.erb within layouts/application (Duration: 34.6ms | Allocations: 3873)
  Rendered layout layouts/application.html.erb (Duration: 37.5ms | Allocations: 4584)
Completed 200 OK in 1206ms (Views: 50.3ms | ActiveRecord: 1.5ms | Allocations: 8122)


Started POST "/code_files/1/review" for 127.0.0.1 at 2026-03-22 19:05:17 +0500
Processing by ReviewsController#create as TURBO_STREAM
  Parameters: {"authenticity_token" => "[FILTERED]", "code_file_id" => "1"}
  [1m[36mCodeFile Load (0.3ms)[0m  [1m[34mSELECT "code_files".* FROM "code_files" WHERE "code_files"."id" = $1 LIMIT $2 /*application:CodeCritic,controller:reviews,action:create*/[0m  [["id", 1], ["LIMIT", 1]]
  ↳ app/controllers/reviews_controller.rb:7:in 'ReviewsController#create'
  [1m[36mReview Load (0.3ms)[0m  [1m[34mSELECT "reviews".* FROM "reviews" WHERE "reviews"."code_file_id" = $1 /*application:CodeCritic,controller:reviews,action:create*/[0m  [["code_file_id", 1]]
  ↳ app/controllers/reviews_controller.rb:10:in 'ReviewsController#create'
HF AI Error: unexpected token 'Not' at line 1 column 1
Completed 500 Internal Server Error in 2234ms (ActiveRecord: 0.6ms | Allocations: 29948)


  
RuntimeError (code_file: CodeFile | result: Array | result[0]: NilClass):
  
app/controllers/reviews_controller.rb:14:in 'ReviewsController#create'
Started GET "/code_files/1" for 127.0.0.1 at 2026-03-22 19:06:43 +0500
Processing by CodeFilesController#show as HTML
  Parameters: {"id" => "1"}
  [1m[36mCodeFile Load (0.4ms)[0m  [1m[34mSELECT "code_files".* FROM "code_files" WHERE "code_files"."id" = $1 LIMIT $2 /*application:CodeCritic,controller:code_files,action:show*/[0m  [["id", 1], ["LIMIT", 1]]
  ↳ app/controllers/code_files_controller.rb:52:in 'CodeFilesController#set_code_file'
  [1m[36mProject Load (3.6ms)[0m  [1m[34mSELECT "projects".* FROM "projects" WHERE "projects"."id" = $1 LIMIT $2 /*application:CodeCritic,controller:code_files,action:show*/[0m  [["id", 1], ["LIMIT", 1]]
  ↳ app/controllers/code_files_controller.rb:47:in 'CodeFilesController#set_project'
  Rendering layout layouts/application.html.erb
  Rendering code_files/show.html.erb within layouts/application
  [1m[36mUser Load (0.4ms)[0m  [1m[34mSELECT "users".* FROM "users" WHERE "users"."id" = $1 ORDER BY "users"."id" ASC LIMIT $2 /*application:CodeCritic,controller:code_files,action:show*/[0m  [["id", 1], ["LIMIT", 1]]
  ↳ app/views/shared/_navbar.html.erb:24:in '_app_views_shared__navbar_html_erb__878046369_12408'
  Rendered shared/_navbar.html.erb (Duration: 22.6ms | Allocations: 4072)
  Rendered shared/_flash.html.erb (Duration: 0.2ms | Allocations: 24)
  [1m[36mReview Load (0.6ms)[0m  [1m[34mSELECT "reviews".* FROM "reviews" WHERE "reviews"."code_file_id" = $1 LIMIT $2 /*application:CodeCritic,controller:code_files,action:show*/[0m  [["code_file_id", 1], ["LIMIT", 1]]
  ↳ app/views/code_files/show.html.erb:38:in '_app_views_code_files_show_html_erb___901082949_12744'
  Rendered code_files/show.html.erb within layouts/application (Duration: 49.0ms | Allocations: 7877)
  Rendered layout layouts/application.html.erb (Duration: 75.0ms | Allocations: 10195)
Completed 200 OK in 2314ms (Views: 70.5ms | ActiveRecord: 22.2ms | Allocations: 19724)


Started POST "/code_files/1/review" for 127.0.0.1 at 2026-03-22 19:06:52 +0500
Processing by ReviewsController#create as TURBO_STREAM
  Parameters: {"authenticity_token" => "[FILTERED]", "code_file_id" => "1"}
  [1m[36mCodeFile Load (0.4ms)[0m  [1m[34mSELECT "code_files".* FROM "code_files" WHERE "code_files"."id" = $1 LIMIT $2 /*application:CodeCritic,controller:reviews,action:create*/[0m  [["id", 1], ["LIMIT", 1]]
  ↳ app/controllers/reviews_controller.rb:7:in 'ReviewsController#create'
  [1m[36mReview Load (0.6ms)[0m  [1m[34mSELECT "reviews".* FROM "reviews" WHERE "reviews"."code_file_id" = $1 /*application:CodeCritic,controller:reviews,action:create*/[0m  [["code_file_id", 1]]
  ↳ app/controllers/reviews_controller.rb:10:in 'ReviewsController#create'
HF AI Error: unexpected token 'Not' at line 1 column 1
  [1m[36mCACHE CodeFile Load (0.1ms)[0m  [1m[34mSELECT "code_files".* FROM "code_files" WHERE "code_files"."id" = $1 LIMIT $2[0m  [["id", 1], ["LIMIT", 1]]
  ↳ app/controllers/reviews_controller.rb:18:in 'ReviewsController#create'
Completed 500 Internal Server Error in 3113ms (ActiveRecord: 6.6ms | Allocations: 8732)


  
NoMethodError (undefined method 'content' for an instance of Review):
  
app/controllers/reviews_controller.rb:18:in 'ReviewsController#create'
Started GET "/code_files/1" for 127.0.0.1 at 2026-03-22 19:07:54 +0500
Processing by CodeFilesController#show as HTML
  Parameters: {"id" => "1"}
  [1m[36mCodeFile Load (0.7ms)[0m  [1m[34mSELECT "code_files".* FROM "code_files" WHERE "code_files"."id" = $1 LIMIT $2 /*application:CodeCritic,controller:code_files,action:show*/[0m  [["id", 1], ["LIMIT", 1]]
  ↳ app/controllers/code_files_controller.rb:52:in 'CodeFilesController#set_code_file'
  [1m[36mProject Load (1.1ms)[0m  [1m[34mSELECT "projects".* FROM "projects" WHERE "projects"."id" = $1 LIMIT $2 /*application:CodeCritic,controller:code_files,action:show*/[0m  [["id", 1], ["LIMIT", 1]]
  ↳ app/controllers/code_files_controller.rb:47:in 'CodeFilesController#set_project'
  Rendering layout layouts/application.html.erb
  Rendering code_files/show.html.erb within layouts/application
  [1m[36mUser Load (0.6ms)[0m  [1m[34mSELECT "users".* FROM "users" WHERE "users"."id" = $1 ORDER BY "users"."id" ASC LIMIT $2 /*application:CodeCritic,controller:code_files,action:show*/[0m  [["id", 1], ["LIMIT", 1]]
  ↳ app/views/shared/_navbar.html.erb:24:in '_app_views_shared__navbar_html_erb__878046369_12408'
  Rendered shared/_navbar.html.erb (Duration: 28.4ms | Allocations: 4065)
  Rendered shared/_flash.html.erb (Duration: 0.3ms | Allocations: 22)
  [1m[36mReview Load (0.5ms)[0m  [1m[34mSELECT "reviews".* FROM "reviews" WHERE "reviews"."code_file_id" = $1 LIMIT $2 /*application:CodeCritic,controller:code_files,action:show*/[0m  [["code_file_id", 1], ["LIMIT", 1]]
  ↳ app/views/code_files/show.html.erb:38:in '_app_views_code_files_show_html_erb___901082949_12744'
  Rendered code_files/show.html.erb within layouts/application (Duration: 71.1ms | Allocations: 7913)
  Rendered layout layouts/application.html.erb (Duration: 104.5ms | Allocations: 10232)
Completed 200 OK in 1929ms (Views: 102.5ms | ActiveRecord: 23.1ms | Allocations: 19691)


Started POST "/code_files/1/review" for 127.0.0.1 at 2026-03-22 19:08:03 +0500
Processing by ReviewsController#create as TURBO_STREAM
  Parameters: {"authenticity_token" => "[FILTERED]", "code_file_id" => "1"}
  [1m[36mCodeFile Load (0.4ms)[0m  [1m[34mSELECT "code_files".* FROM "code_files" WHERE "code_files"."id" = $1 LIMIT $2 /*application:CodeCritic,controller:reviews,action:create*/[0m  [["id", 1], ["LIMIT", 1]]
  ↳ app/controllers/reviews_controller.rb:7:in 'ReviewsController#create'
  [1m[36mReview Load (0.6ms)[0m  [1m[34mSELECT "reviews".* FROM "reviews" WHERE "reviews"."code_file_id" = $1 /*application:CodeCritic,controller:reviews,action:create*/[0m  [["code_file_id", 1]]
  ↳ app/controllers/reviews_controller.rb:10:in 'ReviewsController#create'
HF AI Error: unexpected token 'Not' at line 1 column 1
  [1m[36mCACHE CodeFile Load (0.0ms)[0m  [1m[34mSELECT "code_files".* FROM "code_files" WHERE "code_files"."id" = $1 LIMIT $2[0m  [["id", 1], ["LIMIT", 1]]
  ↳ app/controllers/reviews_controller.rb:18:in 'ReviewsController#create'
  [1m[36mTRANSACTION (6.6ms)[0m  [1m[35mBEGIN /*application:CodeCritic,controller:reviews,action:create*/[0m
  ↳ app/controllers/reviews_controller.rb:18:in 'ReviewsController#create'
  [1m[36mReview Create (73.0ms)[0m  [1m[32mINSERT INTO "reviews" ("status", "result", "summary", "code_file_id", "created_at", "updated_at") VALUES ($1, $2, $3, $4, $5, $6) RETURNING "id" /*application:CodeCritic,controller:reviews,action:create*/[0m  [["status", "completed"], ["result", "[]"], ["summary", nil], ["code_file_id", 1], ["created_at", "2026-03-22 14:08:06.106143"], ["updated_at", "2026-03-22 14:08:06.106143"]]
  ↳ app/controllers/reviews_controller.rb:18:in 'ReviewsController#create'
  [1m[36mTRANSACTION (2.4ms)[0m  [1m[35mCOMMIT /*application:CodeCritic,controller:reviews,action:create*/[0m
  ↳ app/controllers/reviews_controller.rb:18:in 'ReviewsController#create'
Redirected to http://127.0.0.1:3000/code_files/1
Completed 302 Found in 2947ms (ActiveRecord: 87.6ms | Allocations: 10894)


Started GET "/code_files/1" for 127.0.0.1 at 2026-03-22 19:08:08 +0500
Processing by CodeFilesController#show as TURBO_STREAM
  Parameters: {"id" => "1"}
  [1m[36mCodeFile Load (0.5ms)[0m  [1m[34mSELECT "code_files".* FROM "code_files" WHERE "code_files"."id" = $1 LIMIT $2 /*application:CodeCritic,controller:code_files,action:show*/[0m  [["id", 1], ["LIMIT", 1]]
  ↳ app/controllers/code_files_controller.rb:52:in 'CodeFilesController#set_code_file'
  [1m[36mProject Load (0.6ms)[0m  [1m[34mSELECT "projects".* FROM "projects" WHERE "projects"."id" = $1 LIMIT $2 /*application:CodeCritic,controller:code_files,action:show*/[0m  [["id", 1], ["LIMIT", 1]]
  ↳ app/controllers/code_files_controller.rb:47:in 'CodeFilesController#set_project'
  Rendering layout layouts/application.html.erb
  Rendering code_files/show.html.erb within layouts/application
  [1m[36mUser Load (0.5ms)[0m  [1m[34mSELECT "users".* FROM "users" WHERE "users"."id" = $1 ORDER BY "users"."id" ASC LIMIT $2 /*application:CodeCritic,controller:code_files,action:show*/[0m  [["id", 1], ["LIMIT", 1]]
  ↳ app/views/shared/_navbar.html.erb:24:in '_app_views_shared__navbar_html_erb__878046369_12408'
  Rendered shared/_navbar.html.erb (Duration: 6.1ms | Allocations: 1605)
  Rendered shared/_flash.html.erb (Duration: 0.3ms | Allocations: 24)
  [1m[36mReview Load (1.2ms)[0m  [1m[34mSELECT "reviews".* FROM "reviews" WHERE "reviews"."code_file_id" = $1 LIMIT $2 /*application:CodeCritic,controller:code_files,action:show*/[0m  [["code_file_id", 1], ["LIMIT", 1]]
  ↳ app/views/code_files/show.html.erb:38:in '_app_views_code_files_show_html_erb___901082949_12744'
  [1m[36mComment Count (8.4ms)[0m  [1m[34mSELECT COUNT(*) FROM "comments" WHERE "comments"."review_id" = $1 /*application:CodeCritic,controller:code_files,action:show*/[0m  [["review_id", 1]]
  ↳ app/views/code_files/show.html.erb:203:in '_app_views_code_files_show_html_erb___901082949_12744'
  Rendered code_files/show.html.erb within layouts/application (Duration: 76.1ms | Allocations: 9003)
  Rendered layout layouts/application.html.erb (Duration: 79.4ms | Allocations: 9084)
Completed 500 Internal Server Error in 2042ms (ActiveRecord: 18.1ms | Allocations: 10961)


  
ActionView::Template::Error (undefined method 'review_comments_path' for an instance of #<Class:0x00000158abbf4618>):
    205: 
    206:       <div class="p-6 border-b border-white/[0.06]" id="comment-form">
    207:         <% if last_review %>
    208:           <%= form_with(model: [last_review, Comment.new], data: { turbo_stream: true }, class: "flex gap-3 items-start") do |f| %>
    209:             <div class="w-8 h-8 rounded-full bg-gradient-to-br from-violet-500 to-indigo-600 flex items-center justify-center text-white text-xs font-semibold shrink-0 mt-0.5">
    210:               <%= current_user.name.first.upcase rescue "?" %>
    211:             </div>
  
app/views/code_files/show.html.erb:208:in '_app_views_code_files_show_html_erb___901082949_12744'
Started GET "/code_files/1" for 127.0.0.1 at 2026-03-22 19:09:28 +0500
Processing by CodeFilesController#show as HTML
  Parameters: {"id" => "1"}
  [1m[36mCodeFile Load (0.6ms)[0m  [1m[34mSELECT "code_files".* FROM "code_files" WHERE "code_files"."id" = $1 LIMIT $2 /*application:CodeCritic,controller:code_files,action:show*/[0m  [["id", 1], ["LIMIT", 1]]
  ↳ app/controllers/code_files_controller.rb:52:in 'CodeFilesController#set_code_file'
  [1m[36mProject Load (0.6ms)[0m  [1m[34mSELECT "projects".* FROM "projects" WHERE "projects"."id" = $1 LIMIT $2 /*application:CodeCritic,controller:code_files,action:show*/[0m  [["id", 1], ["LIMIT", 1]]
  ↳ app/controllers/code_files_controller.rb:47:in 'CodeFilesController#set_project'
  Rendering layout layouts/application.html.erb
  Rendering code_files/show.html.erb within layouts/application
  [1m[36mUser Load (0.5ms)[0m  [1m[34mSELECT "users".* FROM "users" WHERE "users"."id" = $1 ORDER BY "users"."id" ASC LIMIT $2 /*application:CodeCritic,controller:code_files,action:show*/[0m  [["id", 1], ["LIMIT", 1]]
  ↳ app/views/shared/_navbar.html.erb:24:in '_app_views_shared__navbar_html_erb__878046369_23560'
  Rendered shared/_navbar.html.erb (Duration: 16.8ms | Allocations: 1822)
  Rendered shared/_flash.html.erb (Duration: 4.6ms | Allocations: 136)
  [1m[36mReview Load (0.6ms)[0m  [1m[34mSELECT "reviews".* FROM "reviews" WHERE "reviews"."code_file_id" = $1 LIMIT $2 /*application:CodeCritic,controller:code_files,action:show*/[0m  [["code_file_id", 1], ["LIMIT", 1]]
  ↳ app/views/code_files/show.html.erb:38:in '_app_views_code_files_show_html_erb___901082949_23552'
  [1m[36mComment Count (0.9ms)[0m  [1m[34mSELECT COUNT(*) FROM "comments" WHERE "comments"."review_id" = $1 /*application:CodeCritic,controller:code_files,action:show*/[0m  [["review_id", 1]]
  ↳ app/views/code_files/show.html.erb:203:in '_app_views_code_files_show_html_erb___901082949_23552'
  [1m[36mComment Load (0.5ms)[0m  [1m[34mSELECT "comments".* FROM "comments" WHERE "comments"."review_id" = $1 ORDER BY "comments"."created_at" ASC /*application:CodeCritic,controller:code_files,action:show*/[0m  [["review_id", 1]]
  ↳ app/views/code_files/show.html.erb:224:in '_app_views_code_files_show_html_erb___901082949_23552'
  Rendered collection of templates [0 times] (Duration: 0.1ms | Allocations: 25)
  [1m[36mComment Exists? (0.6ms)[0m  [1m[34mSELECT 1 AS one FROM "comments" WHERE "comments"."review_id" = $1 LIMIT $2 /*application:CodeCritic,controller:code_files,action:show*/[0m  [["review_id", 1], ["LIMIT", 1]]
  ↳ app/views/code_files/show.html.erb:227:in '_app_views_code_files_show_html_erb___901082949_23552'
  Rendered code_files/show.html.erb within layouts/application (Duration: 528.1ms | Allocations: 17562)
  Rendered layout layouts/application.html.erb (Duration: 534.0ms | Allocations: 18473)
Completed 200 OK in 2900ms (Views: 561.5ms | ActiveRecord: 4.2ms | Allocations: 20848)


Started POST "/code_files/1/review/comments" for 127.0.0.1 at 2026-03-22 19:10:04 +0500
Processing by CommentsController#create as TURBO_STREAM
  Parameters: {"authenticity_token" => "[FILTERED]", "content" => "Issues r happeing in this project", "commit" => "Post", "code_file_id" => "1"}
  [1m[36mUser Load (0.4ms)[0m  [1m[34mSELECT "users".* FROM "users" WHERE "users"."id" = $1 ORDER BY "users"."id" ASC LIMIT $2 /*application:CodeCritic,controller:comments,action:create*/[0m  [["id", 1], ["LIMIT", 1]]
  ↳ app/controllers/comments_controller.rb:38:in 'CommentsController#set_project'
Completed 404 Not Found in 2196ms (ActiveRecord: 0.4ms | Allocations: 2544)


  
ActiveRecord::RecordNotFound (Couldn't find Project without an ID):
  
app/controllers/comments_controller.rb:38:in 'CommentsController#set_project'
Started GET "/code_files/1" for 127.0.0.1 at 2026-03-22 19:10:10 +0500
Processing by CodeFilesController#show as HTML
  Parameters: {"id" => "1"}
  [1m[36mCodeFile Load (0.5ms)[0m  [1m[34mSELECT "code_files".* FROM "code_files" WHERE "code_files"."id" = $1 LIMIT $2 /*application:CodeCritic,controller:code_files,action:show*/[0m  [["id", 1], ["LIMIT", 1]]
  ↳ app/controllers/code_files_controller.rb:52:in 'CodeFilesController#set_code_file'
  [1m[36mProject Load (0.4ms)[0m  [1m[34mSELECT "projects".* FROM "projects" WHERE "projects"."id" = $1 LIMIT $2 /*application:CodeCritic,controller:code_files,action:show*/[0m  [["id", 1], ["LIMIT", 1]]
  ↳ app/controllers/code_files_controller.rb:47:in 'CodeFilesController#set_project'
  Rendering layout layouts/application.html.erb
  Rendering code_files/show.html.erb within layouts/application
  [1m[36mUser Load (0.6ms)[0m  [1m[34mSELECT "users".* FROM "users" WHERE "users"."id" = $1 ORDER BY "users"."id" ASC LIMIT $2 /*application:CodeCritic,controller:code_files,action:show*/[0m  [["id", 1], ["LIMIT", 1]]
  ↳ app/views/shared/_navbar.html.erb:24:in '_app_views_shared__navbar_html_erb__878046369_23560'
  Rendered shared/_navbar.html.erb (Duration: 6.6ms | Allocations: 1571)
  Rendered shared/_flash.html.erb (Duration: 0.2ms | Allocations: 19)
  [1m[36mReview Load (1.1ms)[0m  [1m[34mSELECT "reviews".* FROM "reviews" WHERE "reviews"."code_file_id" = $1 LIMIT $2 /*application:CodeCritic,controller:code_files,action:show*/[0m  [["code_file_id", 1], ["LIMIT", 1]]
  ↳ app/views/code_files/show.html.erb:38:in '_app_views_code_files_show_html_erb___901082949_23552'
  [1m[36mComment Count (0.6ms)[0m  [1m[34mSELECT COUNT(*) FROM "comments" WHERE "comments"."review_id" = $1 /*application:CodeCritic,controller:code_files,action:show*/[0m  [["review_id", 1]]
  ↳ app/views/code_files/show.html.erb:203:in '_app_views_code_files_show_html_erb___901082949_23552'
  [1m[36mComment Load (0.7ms)[0m  [1m[34mSELECT "comments".* FROM "comments" WHERE "comments"."review_id" = $1 ORDER BY "comments"."created_at" ASC /*application:CodeCritic,controller:code_files,action:show*/[0m  [["review_id", 1]]
  ↳ app/views/code_files/show.html.erb:224:in '_app_views_code_files_show_html_erb___901082949_23552'
  Rendered collection of templates [0 times] (Duration: 0.1ms | Allocations: 11)
  [1m[36mComment Exists? (0.7ms)[0m  [1m[34mSELECT 1 AS one FROM "comments" WHERE "comments"."review_id" = $1 LIMIT $2 /*application:CodeCritic,controller:code_files,action:show*/[0m  [["review_id", 1], ["LIMIT", 1]]
  ↳ app/views/code_files/show.html.erb:227:in '_app_views_code_files_show_html_erb___901082949_23552'
  Rendered code_files/show.html.erb within layouts/application (Duration: 43.6ms | Allocations: 6426)
  Rendered layout layouts/application.html.erb (Duration: 48.3ms | Allocations: 7093)
Completed 200 OK in 2370ms (Views: 52.8ms | ActiveRecord: 4.7ms | Allocations: 8941)


Started POST "/code_files/1/review/comments" for 127.0.0.1 at 2026-03-22 19:10:24 +0500
Processing by CommentsController#create as TURBO_STREAM
  Parameters: {"authenticity_token" => "[FILTERED]", "content" => "Issues", "commit" => "Post", "code_file_id" => "1"}
  [1m[36mUser Load (0.5ms)[0m  [1m[34mSELECT "users".* FROM "users" WHERE "users"."id" = $1 ORDER BY "users"."id" ASC LIMIT $2 /*application:CodeCritic,controller:comments,action:create*/[0m  [["id", 1], ["LIMIT", 1]]
  ↳ app/controllers/comments_controller.rb:38:in 'CommentsController#set_project'
Completed 404 Not Found in 2229ms (ActiveRecord: 0.5ms | Allocations: 1978)


  
ActiveRecord::RecordNotFound (Couldn't find Project without an ID):
  
app/controllers/comments_controller.rb:38:in 'CommentsController#set_project'
Started GET "/code_files/1" for 127.0.0.1 at 2026-03-22 19:10:30 +0500
Processing by CodeFilesController#show as HTML
  Parameters: {"id" => "1"}
  [1m[36mCodeFile Load (0.3ms)[0m  [1m[34mSELECT "code_files".* FROM "code_files" WHERE "code_files"."id" = $1 LIMIT $2 /*application:CodeCritic,controller:code_files,action:show*/[0m  [["id", 1], ["LIMIT", 1]]
  ↳ app/controllers/code_files_controller.rb:52:in 'CodeFilesController#set_code_file'
  [1m[36mProject Load (0.5ms)[0m  [1m[34mSELECT "projects".* FROM "projects" WHERE "projects"."id" = $1 LIMIT $2 /*application:CodeCritic,controller:code_files,action:show*/[0m  [["id", 1], ["LIMIT", 1]]
  ↳ app/controllers/code_files_controller.rb:47:in 'CodeFilesController#set_project'
  Rendering layout layouts/application.html.erb
  Rendering code_files/show.html.erb within layouts/application
  [1m[36mUser Load (0.5ms)[0m  [1m[34mSELECT "users".* FROM "users" WHERE "users"."id" = $1 ORDER BY "users"."id" ASC LIMIT $2 /*application:CodeCritic,controller:code_files,action:show*/[0m  [["id", 1], ["LIMIT", 1]]
  ↳ app/views/shared/_navbar.html.erb:24:in '_app_views_shared__navbar_html_erb__878046369_23560'
  Rendered shared/_navbar.html.erb (Duration: 8.9ms | Allocations: 1568)
  Rendered shared/_flash.html.erb (Duration: 0.2ms | Allocations: 19)
  [1m[36mReview Load (0.5ms)[0m  [1m[34mSELECT "reviews".* FROM "reviews" WHERE "reviews"."code_file_id" = $1 LIMIT $2 /*application:CodeCritic,controller:code_files,action:show*/[0m  [["code_file_id", 1], ["LIMIT", 1]]
  ↳ app/views/code_files/show.html.erb:38:in '_app_views_code_files_show_html_erb___901082949_23552'
  [1m[36mComment Count (0.7ms)[0m  [1m[34mSELECT COUNT(*) FROM "comments" WHERE "comments"."review_id" = $1 /*application:CodeCritic,controller:code_files,action:show*/[0m  [["review_id", 1]]
  ↳ app/views/code_files/show.html.erb:203:in '_app_views_code_files_show_html_erb___901082949_23552'
  [1m[36mComment Load (0.6ms)[0m  [1m[34mSELECT "comments".* FROM "comments" WHERE "comments"."review_id" = $1 ORDER BY "comments"."created_at" ASC /*application:CodeCritic,controller:code_files,action:show*/[0m  [["review_id", 1]]
  ↳ app/views/code_files/show.html.erb:224:in '_app_views_code_files_show_html_erb___901082949_23552'
  Rendered collection of templates [0 times] (Duration: 0.1ms | Allocations: 11)
  [1m[36mComment Exists? (0.5ms)[0m  [1m[34mSELECT 1 AS one FROM "comments" WHERE "comments"."review_id" = $1 LIMIT $2 /*application:CodeCritic,controller:code_files,action:show*/[0m  [["review_id", 1], ["LIMIT", 1]]
  ↳ app/views/code_files/show.html.erb:227:in '_app_views_code_files_show_html_erb___901082949_23552'
  Rendered code_files/show.html.erb within layouts/application (Duration: 82.6ms | Allocations: 6420)
  Rendered layout layouts/application.html.erb (Duration: 90.4ms | Allocations: 7087)
Completed 200 OK in 2313ms (Views: 89.4ms | ActiveRecord: 3.7ms | Allocations: 8934)


Started DELETE "/users/sign_out" for 127.0.0.1 at 2026-03-22 19:10:48 +0500
Processing by Devise::SessionsController#destroy as TURBO_STREAM
  Parameters: {"authenticity_token" => "[FILTERED]"}
  [1m[36mUser Load (0.8ms)[0m  [1m[34mSELECT "users".* FROM "users" WHERE "users"."id" = $1 ORDER BY "users"."id" ASC LIMIT $2 /*application:CodeCritic,controller:sessions,action:destroy*/[0m  [["id", 1], ["LIMIT", 1]]
Redirected to http://127.0.0.1:3000/
Completed 303 See Other in 2309ms (ActiveRecord: 0.8ms | Allocations: 3575)


Started GET "/" for 127.0.0.1 at 2026-03-22 19:10:53 +0500
Processing by Rails::WelcomeController#index as TURBO_STREAM
  Rendering C:/Ruby34-x64/lib/ruby/gems/3.4.0/gems/railties-7.0.10/lib/rails/templates/rails/welcome/index.html.erb
  Rendered C:/Ruby34-x64/lib/ruby/gems/3.4.0/gems/railties-7.0.10/lib/rails/templates/rails/welcome/index.html.erb (Duration: 2.0ms | Allocations: 127)
Completed 200 OK in 2190ms (Views: 4.4ms | ActiveRecord: 0.0ms | Allocations: 777)


Started GET "/" for 127.0.0.1 at 2026-03-22 19:10:58 +0500
Processing by Rails::WelcomeController#index as HTML
  Rendering C:/Ruby34-x64/lib/ruby/gems/3.4.0/gems/railties-7.0.10/lib/rails/templates/rails/welcome/index.html.erb
  Rendered C:/Ruby34-x64/lib/ruby/gems/3.4.0/gems/railties-7.0.10/lib/rails/templates/rails/welcome/index.html.erb (Duration: 0.2ms | Allocations: 15)
Completed 200 OK in 2319ms (Views: 2.1ms | ActiveRecord: 0.0ms | Allocations: 297)


Started GET "/users/sign_in" for 127.0.0.1 at 2026-03-22 19:11:09 +0500
Processing by Devise::SessionsController#new as HTML
  Rendering layout layouts/application.html.erb
  Rendering devise/sessions/new.html.erb within layouts/application
  Rendered devise/sessions/new.html.erb within layouts/application (Duration: 51.6ms | Allocations: 2584)
  Rendered layout layouts/application.html.erb (Duration: 61.6ms | Allocations: 3296)
Completed 200 OK in 2370ms (Views: 100.7ms | ActiveRecord: 0.0ms | Allocations: 4580)


Started GET "/users/sign_up" for 127.0.0.1 at 2026-03-22 19:11:21 +0500
Processing by Devise::RegistrationsController#new as HTML
  Rendering layout layouts/application.html.erb
  Rendering devise/registrations/new.html.erb within layouts/application
  Rendered devise/registrations/new.html.erb within layouts/application (Duration: 15.5ms | Allocations: 1990)
  Rendered layout layouts/application.html.erb (Duration: 19.2ms | Allocations: 2702)
Completed 200 OK in 2326ms (Views: 44.6ms | ActiveRecord: 0.0ms | Allocations: 3944)


Started POST "/users" for 127.0.0.1 at 2026-03-22 19:11:53 +0500
Processing by Devise::RegistrationsController#create as TURBO_STREAM
  Parameters: {"authenticity_token" => "[FILTERED]", "user" => {"name" => "Fassih Kamran", "email" => "[FILTERED]", "password" => "[FILTERED]", "password_confirmation" => "[FILTERED]"}, "commit" => "Create account"}
  [1m[36mTRANSACTION (0.3ms)[0m  [1m[35mBEGIN /*application:CodeCritic,controller:registrations,action:create*/[0m
  [1m[36mUser Exists? (5.0ms)[0m  [1m[34mSELECT 1 AS one FROM "users" WHERE "users"."email" = $1 LIMIT $2 /*application:CodeCritic,controller:registrations,action:create*/[0m  [["email", "[FILTERED]"], ["LIMIT", 1]]
  [1m[36mCACHE User Exists? (0.0ms)[0m  [1m[34mSELECT 1 AS one FROM "users" WHERE "users"."email" = $1 LIMIT $2[0m  [["email", "[FILTERED]"], ["LIMIT", 1]]
  [1m[36mUser Create (3.5ms)[0m  [1m[32mINSERT INTO "users" ("email", "encrypted_password", "reset_password_token", "reset_password_sent_at", "remember_created_at", "created_at", "updated_at", "name") VALUES ($1, $2, $3, $4, $5, $6, $7, $8) RETURNING "id" /*application:CodeCritic,controller:registrations,action:create*/[0m  [["email", "[FILTERED]"], ["encrypted_password", "[FILTERED]"], ["reset_password_token", "[FILTERED]"], ["reset_password_sent_at", "[FILTERED]"], ["remember_created_at", nil], ["created_at", "2026-03-22 14:11:57.513672"], ["updated_at", "2026-03-22 14:11:57.513672"], ["name", "Fassih Kamran"]]
  [1m[36mTRANSACTION (0.5ms)[0m  [1m[35mCOMMIT /*application:CodeCritic,controller:registrations,action:create*/[0m
Redirected to http://127.0.0.1:3000/
Completed 303 See Other in 3474ms (ActiveRecord: 9.3ms | Allocations: 18451)


Started GET "/" for 127.0.0.1 at 2026-03-22 19:11:59 +0500
Processing by Rails::WelcomeController#index as TURBO_STREAM
  Rendering C:/Ruby34-x64/lib/ruby/gems/3.4.0/gems/railties-7.0.10/lib/rails/templates/rails/welcome/index.html.erb
  Rendered C:/Ruby34-x64/lib/ruby/gems/3.4.0/gems/railties-7.0.10/lib/rails/templates/rails/welcome/index.html.erb (Duration: 0.2ms | Allocations: 15)
Completed 200 OK in 2191ms (Views: 2.2ms | ActiveRecord: 0.0ms | Allocations: 299)


Started GET "/" for 127.0.0.1 at 2026-03-22 19:12:04 +0500
Processing by Rails::WelcomeController#index as HTML
  Rendering C:/Ruby34-x64/lib/ruby/gems/3.4.0/gems/railties-7.0.10/lib/rails/templates/rails/welcome/index.html.erb
  Rendered C:/Ruby34-x64/lib/ruby/gems/3.4.0/gems/railties-7.0.10/lib/rails/templates/rails/welcome/index.html.erb (Duration: 0.2ms | Allocations: 15)
Completed 200 OK in 2256ms (Views: 2.0ms | ActiveRecord: 0.0ms | Allocations: 296)


Started GET "/" for 127.0.0.1 at 2026-03-22 19:21:10 +0500
  [1m[36mActiveRecord::SchemaMigration Pluck (3.6ms)[0m  [1m[34mSELECT "schema_migrations"."version" FROM "schema_migrations" ORDER BY "schema_migrations"."version" ASC /*application:CodeCritic*/[0m
Processing by ProjectsController#index as HTML
  [1m[36mUser Load (2.2ms)[0m  [1m[34mSELECT "users".* FROM "users" WHERE "users"."id" = $1 ORDER BY "users"."id" ASC LIMIT $2 /*application:CodeCritic,controller:projects,action:index*/[0m  [["id", 3], ["LIMIT", 1]]
  ↳ app/controllers/projects_controller.rb:6:in 'ProjectsController#index'
  [1m[36mProject Load (3.0ms)[0m  [1m[34mSELECT "projects".* FROM "projects" WHERE "projects"."user_id" = $1 /*application:CodeCritic,controller:projects,action:index*/[0m  [["user_id", 3]]
  ↳ app/controllers/projects_controller.rb:7:in 'block in ProjectsController#index'
  Rendering layout layouts/application.html.erb
  Rendering projects/index.html.erb within layouts/application
  Rendered shared/_navbar.html.erb (Duration: 33.3ms | Allocations: 735)
  Rendered shared/_flash.html.erb (Duration: 1.7ms | Allocations: 172)
  Rendered projects/index.html.erb within layouts/application (Duration: 136.4ms | Allocations: 1897)
  Rendered layout layouts/application.html.erb (Duration: 231.7ms | Allocations: 10318)
Completed 200 OK in 2014ms (Views: 279.5ms | ActiveRecord: 28.1ms | Allocations: 28412)


Started DELETE "/users/sign_out" for 127.0.0.1 at 2026-03-22 19:21:26 +0500
Processing by Devise::SessionsController#destroy as TURBO_STREAM
  Parameters: {"authenticity_token" => "[FILTERED]"}
  [1m[36mUser Load (0.6ms)[0m  [1m[34mSELECT "users".* FROM "users" WHERE "users"."id" = $1 ORDER BY "users"."id" ASC LIMIT $2 /*application:CodeCritic,controller:sessions,action:destroy*/[0m  [["id", 3], ["LIMIT", 1]]
Redirected to http://127.0.0.1:3000/
Completed 303 See Other in 2349ms (ActiveRecord: 0.6ms | Allocations: 3761)


Started GET "/" for 127.0.0.1 at 2026-03-22 19:21:31 +0500
Processing by ProjectsController#index as TURBO_STREAM
Completed 500 Internal Server Error in 2208ms (ActiveRecord: 0.0ms | Allocations: 1028)


  
NoMethodError (undefined method 'id' for nil):
  
app/controllers/projects_controller.rb:6:in 'ProjectsController#index'
Started GET "/" for 127.0.0.1 at 2026-03-22 19:21:51 +0500
Processing by ProjectsController#index as HTML
Completed 500 Internal Server Error in 2060ms (ActiveRecord: 0.0ms | Allocations: 918)


  
NoMethodError (undefined method 'id' for nil):
  
app/controllers/projects_controller.rb:6:in 'ProjectsController#index'
Started GET "/" for 127.0.0.1 at 2026-03-22 19:23:25 +0500
  
SyntaxError (D:/code_critic/code_critic/app/controllers/projects_controller.rb:4: syntax error found
  [2m2 | [m
  [2m3 | [m  before_action :set_project, only: [:show, :update, :destroy]
[1;31m> [m[2m4 | [m... user!
  [2m  | [m    [1;31m^~~~~[m unexpected method name, expecting end-of-input
  [2m5 | [m  def index
  [2m6 | [m    @projects = Rails.cache.fetch("projects_user_#{current_user.id}", expires_in: 12.hours) do
):
  
app/controllers/projects_controller.rb:4: syntax error found
app/controllers/projects_controller.rb:4: syntax error found
Started GET "/" for 127.0.0.1 at 2026-03-22 19:24:01 +0500
Processing by ProjectsController#index as HTML
Completed 401 Unauthorized in 1860ms (ActiveRecord: 0.0ms | Allocations: 1068)


Started GET "/users/sign_in" for 127.0.0.1 at 2026-03-22 19:24:06 +0500
Processing by Devise::SessionsController#new as HTML
  Rendering layout layouts/application.html.erb
  Rendering devise/sessions/new.html.erb within layouts/application
  Rendered devise/sessions/new.html.erb within layouts/application (Duration: 49.5ms | Allocations: 2706)
  Rendered layout layouts/application.html.erb (Duration: 66.8ms | Allocations: 5025)
Completed 200 OK in 2137ms (Views: 101.5ms | ActiveRecord: 7.5ms | Allocations: 8749)


Started GET "/users/sign_up" for 127.0.0.1 at 2026-03-22 19:47:35 +0500
Processing by Devise::RegistrationsController#new as HTML
  Rendering layout layouts/application.html.erb
  Rendering devise/registrations/new.html.erb within layouts/application
  Rendered devise/registrations/new.html.erb within layouts/application (Duration: 5.5ms | Allocations: 1994)
  Rendered layout layouts/application.html.erb (Duration: 7.8ms | Allocations: 2706)
Completed 200 OK in 1394ms (Views: 21.5ms | ActiveRecord: 0.0ms | Allocations: 3918)


Started POST "/users" for 127.0.0.1 at 2026-03-22 19:55:46 +0500
Processing by Devise::RegistrationsController#create as TURBO_STREAM
  Parameters: {"authenticity_token" => "[FILTERED]", "user" => {"name" => "Hashir ", "email" => "[FILTERED]", "password" => "[FILTERED]", "password_confirmation" => "[FILTERED]"}, "commit" => "Create account"}
  [1m[36mTRANSACTION (1.3ms)[0m  [1m[35mBEGIN /*application:CodeCritic,controller:registrations,action:create*/[0m
  [1m[36mUser Exists? (22.3ms)[0m  [1m[34mSELECT 1 AS one FROM "users" WHERE "users"."email" = $1 LIMIT $2 /*application:CodeCritic,controller:registrations,action:create*/[0m  [["email", "[FILTERED]"], ["LIMIT", 1]]
  [1m[36mCACHE User Exists? (0.1ms)[0m  [1m[34mSELECT 1 AS one FROM "users" WHERE "users"."email" = $1 LIMIT $2[0m  [["email", "[FILTERED]"], ["LIMIT", 1]]
  [1m[36mUser Create (12.9ms)[0m  [1m[32mINSERT INTO "users" ("email", "encrypted_password", "reset_password_token", "reset_password_sent_at", "remember_created_at", "created_at", "updated_at", "name") VALUES ($1, $2, $3, $4, $5, $6, $7, $8) RETURNING "id" /*application:CodeCritic,controller:registrations,action:create*/[0m  [["email", "[FILTERED]"], ["encrypted_password", "[FILTERED]"], ["reset_password_token", "[FILTERED]"], ["reset_password_sent_at", "[FILTERED]"], ["remember_created_at", nil], ["created_at", "2026-03-22 14:55:48.952842"], ["updated_at", "2026-03-22 14:55:48.952842"], ["name", "Hashir"]]
  [1m[36mTRANSACTION (4.1ms)[0m  [1m[35mCOMMIT /*application:CodeCritic,controller:registrations,action:create*/[0m
Redirected to http://127.0.0.1:3000/
Completed 303 See Other in 2008ms (ActiveRecord: 169.8ms | Allocations: 23464)


Started GET "/" for 127.0.0.1 at 2026-03-22 19:55:50 +0500
Processing by ProjectsController#index as TURBO_STREAM
  [1m[36mUser Load (1.3ms)[0m  [1m[34mSELECT "users".* FROM "users" WHERE "users"."id" = $1 ORDER BY "users"."id" ASC LIMIT $2 /*application:CodeCritic,controller:projects,action:index*/[0m  [["id", 4], ["LIMIT", 1]]
  [1m[36mProject Load (2.3ms)[0m  [1m[34mSELECT "projects".* FROM "projects" WHERE "projects"."user_id" = $1 /*application:CodeCritic,controller:projects,action:index*/[0m  [["user_id", 4]]
  ↳ app/controllers/projects_controller.rb:7:in 'block in ProjectsController#index'
  Rendering layout layouts/application.html.erb
  Rendering projects/index.html.erb within layouts/application
  Rendered shared/_navbar.html.erb (Duration: 0.7ms | Allocations: 373)
  Rendered shared/_flash.html.erb (Duration: 0.1ms | Allocations: 25)
  Rendered projects/index.html.erb within layouts/application (Duration: 2.7ms | Allocations: 676)
  Rendered layout layouts/application.html.erb (Duration: 5.9ms | Allocations: 1388)
Completed 200 OK in 1006ms (Views: 7.8ms | ActiveRecord: 27.6ms | Allocations: 6965)


Started GET "/projects/new" for 127.0.0.1 at 2026-03-22 19:55:55 +0500
Processing by ProjectsController#new as HTML
  [1m[36mUser Load (1.3ms)[0m  [1m[34mSELECT "users".* FROM "users" WHERE "users"."id" = $1 ORDER BY "users"."id" ASC LIMIT $2 /*application:CodeCritic,controller:projects,action:new*/[0m  [["id", 4], ["LIMIT", 1]]
  Rendering layout layouts/application.html.erb
  Rendering projects/new.html.erb within layouts/application
  Rendered shared/_navbar.html.erb (Duration: 0.5ms | Allocations: 322)
  Rendered shared/_flash.html.erb (Duration: 0.1ms | Allocations: 19)
  Rendered projects/new.html.erb within layouts/application (Duration: 9.7ms | Allocations: 1976)
  Rendered layout layouts/application.html.erb (Duration: 11.4ms | Allocations: 2643)
Completed 200 OK in 1033ms (Views: 13.5ms | ActiveRecord: 12.9ms | Allocations: 6394)


Started POST "/projects" for 127.0.0.1 at 2026-03-22 19:56:12 +0500
Processing by ProjectsController#create as TURBO_STREAM
  Parameters: {"authenticity_token" => "[FILTERED]", "project" => {"name" => "Connect Sphere", "description" => "Schema"}, "commit" => "Create Project"}
  [1m[36mUser Load (0.3ms)[0m  [1m[34mSELECT "users".* FROM "users" WHERE "users"."id" = $1 ORDER BY "users"."id" ASC LIMIT $2 /*application:CodeCritic,controller:projects,action:create*/[0m  [["id", 4], ["LIMIT", 1]]
  [1m[36mTRANSACTION (0.3ms)[0m  [1m[35mBEGIN /*application:CodeCritic,controller:projects,action:create*/[0m
  ↳ app/controllers/projects_controller.rb:21:in 'ProjectsController#create'
  [1m[36mProject Create (2.1ms)[0m  [1m[32mINSERT INTO "projects" ("name", "description", "user_id", "created_at", "updated_at") VALUES ($1, $2, $3, $4, $5) RETURNING "id" /*application:CodeCritic,controller:projects,action:create*/[0m  [["name", "Connect Sphere"], ["description", "Schema"], ["user_id", 4], ["created_at", "2026-03-22 14:56:14.017690"], ["updated_at", "2026-03-22 14:56:14.017690"]]
  ↳ app/controllers/projects_controller.rb:21:in 'ProjectsController#create'
  [1m[36mTRANSACTION (0.6ms)[0m  [1m[35mCOMMIT /*application:CodeCritic,controller:projects,action:create*/[0m
  ↳ app/controllers/projects_controller.rb:21:in 'ProjectsController#create'
Redirected to http://127.0.0.1:3000/projects/4
Completed 302 Found in 1025ms (ActiveRecord: 3.3ms | Allocations: 5757)


Started GET "/projects/4" for 127.0.0.1 at 2026-03-22 19:56:15 +0500
Processing by ProjectsController#show as TURBO_STREAM
  Parameters: {"id" => "4"}
  [1m[36mUser Load (0.4ms)[0m  [1m[34mSELECT "users".* FROM "users" WHERE "users"."id" = $1 ORDER BY "users"."id" ASC LIMIT $2 /*application:CodeCritic,controller:projects,action:show*/[0m  [["id", 4], ["LIMIT", 1]]
  ↳ app/controllers/projects_controller.rb:47:in 'ProjectsController#set_project'
  [1m[36mProject Load (0.4ms)[0m  [1m[34mSELECT "projects".* FROM "projects" WHERE "projects"."user_id" = $1 AND "projects"."id" = $2 LIMIT $3 /*application:CodeCritic,controller:projects,action:show*/[0m  [["user_id", 4], ["id", 4], ["LIMIT", 1]]
  ↳ app/controllers/projects_controller.rb:47:in 'ProjectsController#set_project'
  Rendering layout layouts/application.html.erb
  Rendering projects/show.html.erb within layouts/application
  Rendered shared/_navbar.html.erb (Duration: 0.5ms | Allocations: 313)
  Rendered shared/_flash.html.erb (Duration: 0.1ms | Allocations: 22)
  [1m[36mCodeFile Count (1.3ms)[0m  [1m[34mSELECT COUNT(*) FROM "code_files" WHERE "code_files"."project_id" = $1 /*application:CodeCritic,controller:projects,action:show*/[0m  [["project_id", 4]]
  ↳ app/views/projects/show.html.erb:39:in '_app_views_projects_show_html_erb___936272970_23160'
  [1m[36mCACHE CodeFile Count (0.0ms)[0m  [1m[34mSELECT COUNT(*) FROM "code_files" WHERE "code_files"."project_id" = $1[0m  [["project_id", 4]]
  ↳ app/views/projects/show.html.erb:64:in '_app_views_projects_show_html_erb___936272970_23160'
  [1m[36mCodeFile Exists? (0.6ms)[0m  [1m[34mSELECT 1 AS one FROM "code_files" WHERE "code_files"."project_id" = $1 LIMIT $2 /*application:CodeCritic,controller:projects,action:show*/[0m  [["project_id", 4], ["LIMIT", 1]]
  ↳ app/views/projects/show.html.erb:67:in '_app_views_projects_show_html_erb___936272970_23160'
  Rendered projects/show.html.erb within layouts/application (Duration: 31.0ms | Allocations: 6203)
  Rendered layout layouts/application.html.erb (Duration: 34.4ms | Allocations: 6871)
Completed 200 OK in 1005ms (Views: 32.5ms | ActiveRecord: 4.0ms | Allocations: 9489)


Started GET "/projects/4/code_files/new" for 127.0.0.1 at 2026-03-22 19:56:23 +0500
Processing by CodeFilesController#new as HTML
  Parameters: {"project_id" => "4"}
  [1m[36mUser Load (0.3ms)[0m  [1m[34mSELECT "users".* FROM "users" WHERE "users"."id" = $1 ORDER BY "users"."id" ASC LIMIT $2 /*application:CodeCritic,controller:code_files,action:new*/[0m  [["id", 4], ["LIMIT", 1]]
  ↳ app/controllers/code_files_controller.rb:45:in 'CodeFilesController#set_project'
  [1m[36mProject Load (0.4ms)[0m  [1m[34mSELECT "projects".* FROM "projects" WHERE "projects"."user_id" = $1 AND "projects"."id" = $2 LIMIT $3 /*application:CodeCritic,controller:code_files,action:new*/[0m  [["user_id", 4], ["id", 4], ["LIMIT", 1]]
  ↳ app/controllers/code_files_controller.rb:45:in 'CodeFilesController#set_project'
  Rendering layout layouts/application.html.erb
  Rendering code_files/new.html.erb within layouts/application
  Rendered shared/_navbar.html.erb (Duration: 0.9ms | Allocations: 370)
  Rendered shared/_flash.html.erb (Duration: 0.1ms | Allocations: 22)
  Rendered code_files/new.html.erb within layouts/application (Duration: 17.0ms | Allocations: 2693)
  Rendered layout layouts/application.html.erb (Duration: 19.1ms | Allocations: 3402)
Completed 200 OK in 1096ms (Views: 26.7ms | ActiveRecord: 2.5ms | Allocations: 8886)


Started POST "/projects/4/code_files" for 127.0.0.1 at 2026-03-22 19:56:58 +0500
Processing by CodeFilesController#create as TURBO_STREAM
  Parameters: {"authenticity_token" => "[FILTERED]", "code_file" => {"language" => "", "content" => "", "file" => #<ActionDispatch::Http::UploadedFile:0x0000023306274f30 @tempfile=#<Tempfile:C:/Users/AHC/AppData/Local/Temp/RackMultipart20260322-13392-dg3wmn.cpp>, @content_type="text/plain", @original_filename="main.cpp", @headers="Content-Disposition: form-data; name=\"code_file[file]\"; filename=\"main.cpp\"\r\nContent-Type: text/plain\r\n">}, "commit" => "Add File", "project_id" => "4"}
  [1m[36mUser Load (0.3ms)[0m  [1m[34mSELECT "users".* FROM "users" WHERE "users"."id" = $1 ORDER BY "users"."id" ASC LIMIT $2 /*application:CodeCritic,controller:code_files,action:create*/[0m  [["id", 4], ["LIMIT", 1]]
  ↳ app/controllers/code_files_controller.rb:45:in 'CodeFilesController#set_project'
  [1m[36mProject Load (0.3ms)[0m  [1m[34mSELECT "projects".* FROM "projects" WHERE "projects"."user_id" = $1 AND "projects"."id" = $2 LIMIT $3 /*application:CodeCritic,controller:code_files,action:create*/[0m  [["user_id", 4], ["id", 4], ["LIMIT", 1]]
  ↳ app/controllers/code_files_controller.rb:45:in 'CodeFilesController#set_project'
  [1m[36mTRANSACTION (0.3ms)[0m  [1m[35mBEGIN /*application:CodeCritic,controller:code_files,action:create*/[0m
  ↳ app/models/code_file.rb:21:in 'CodeFile#acceptable_file'
  [1m[36mTRANSACTION (2.2ms)[0m  [1m[31mROLLBACK /*application:CodeCritic,controller:code_files,action:create*/[0m
  ↳ app/controllers/code_files_controller.rb:18:in 'CodeFilesController#create'
  Rendering layout layouts/application.html.erb
  Rendering code_files/new.html.erb within layouts/application
  Rendered shared/_navbar.html.erb (Duration: 0.5ms | Allocations: 310)
  Rendered shared/_flash.html.erb (Duration: 0.1ms | Allocations: 19)
  Rendered code_files/new.html.erb within layouts/application (Duration: 4.9ms | Allocations: 3271)
  Rendered layout layouts/application.html.erb (Duration: 6.8ms | Allocations: 3938)
Completed 422 Unprocessable Entity in 1089ms (Views: 8.1ms | ActiveRecord: 9.2ms | Allocations: 23038)


Started POST "/projects/4/code_files" for 127.0.0.1 at 2026-03-22 19:57:21 +0500
Processing by CodeFilesController#create as TURBO_STREAM
  Parameters: {"authenticity_token" => "[FILTERED]", "code_file" => {"language" => "cpp", "content" => "", "file" => #<ActionDispatch::Http::UploadedFile:0x0000023306ff6a50 @tempfile=#<Tempfile:C:/Users/AHC/AppData/Local/Temp/RackMultipart20260322-13392-5t26aw.cpp>, @content_type="text/plain", @original_filename="main.cpp", @headers="Content-Disposition: form-data; name=\"code_file[file]\"; filename=\"main.cpp\"\r\nContent-Type: text/plain\r\n">}, "commit" => "Add File", "project_id" => "4"}
  [1m[36mUser Load (0.6ms)[0m  [1m[34mSELECT "users".* FROM "users" WHERE "users"."id" = $1 ORDER BY "users"."id" ASC LIMIT $2 /*application:CodeCritic,controller:code_files,action:create*/[0m  [["id", 4], ["LIMIT", 1]]
  ↳ app/controllers/code_files_controller.rb:45:in 'CodeFilesController#set_project'
  [1m[36mProject Load (0.4ms)[0m  [1m[34mSELECT "projects".* FROM "projects" WHERE "projects"."user_id" = $1 AND "projects"."id" = $2 LIMIT $3 /*application:CodeCritic,controller:code_files,action:create*/[0m  [["user_id", 4], ["id", 4], ["LIMIT", 1]]
  ↳ app/controllers/code_files_controller.rb:45:in 'CodeFilesController#set_project'
  Rendering layout layouts/application.html.erb
  Rendering code_files/new.html.erb within layouts/application
  Rendered shared/_navbar.html.erb (Duration: 0.7ms | Allocations: 309)
  Rendered shared/_flash.html.erb (Duration: 0.1ms | Allocations: 19)
  Rendered code_files/new.html.erb within layouts/application (Duration: 4.2ms | Allocations: 1863)
  Rendered layout layouts/application.html.erb (Duration: 6.0ms | Allocations: 2530)
Completed 422 Unprocessable Entity in 1044ms (Views: 7.2ms | ActiveRecord: 1.0ms | Allocations: 5991)


Started POST "/projects/4/code_files" for 127.0.0.1 at 2026-03-22 19:57:52 +0500
Processing by CodeFilesController#create as TURBO_STREAM
  Parameters: {"authenticity_token" => "[FILTERED]", "code_file" => {"language" => "ruby", "content" => "class ProjectsController < ApplicationController\r\n\r\n  before_action :set_project, only: [:show, :update, :destroy]\r\n  before_action :authenticate_user!\r\n  def index\r\n    @projects = Rails.cache.fetch(\"projects_user_\#{current_user.id}\", expires_in: 12.hours) do\r\n      current_user.projects.to_a\r\n    end\r\n  end\r\n\r\n  def show\r\n  end\r\n\r\n  def new\r\n    @project = Project.new\r\n  end\r\n\r\n  def create\r\n    @project = current_user.projects.build(project_params)\r\n\r\n    if @project.save\r\n      redirect_to @project, notice: \"Project was successfully created\"\r\n    else\r\n      render :new, status: :unprocessable_entity\r\n    end\r\n  end\r\n\r\n  def edit\r\n  end\r\n\r\n  def update \r\n    if @project.update(project_params)\r\n      redirect_to @project, notice: \"Project updated\"\r\n    else \r\n      render :edit, status: :unprocessable_entity\r\n    end\r\n  end\r\n\r\n  def destroy\r\n    @project.destroy\r\n    redirect_to projects_path, notice: \"Project deleted\"\r\n  end\r\n\r\n  private\r\n\r\n  def set_project\r\n    @project = current_user.projects.find(params[:id])\r\n  end\r\n\r\n  def project_params\r\n    params.require(:project).permit(:name, :description)\r\n  end\r\nend"}, "commit" => "Add File", "project_id" => "4"}
  [1m[36mUser Load (1.2ms)[0m  [1m[34mSELECT "users".* FROM "users" WHERE "users"."id" = $1 ORDER BY "users"."id" ASC LIMIT $2 /*application:CodeCritic,controller:code_files,action:create*/[0m  [["id", 4], ["LIMIT", 1]]
  ↳ app/controllers/code_files_controller.rb:45:in 'CodeFilesController#set_project'
  [1m[36mProject Load (0.6ms)[0m  [1m[34mSELECT "projects".* FROM "projects" WHERE "projects"."user_id" = $1 AND "projects"."id" = $2 LIMIT $3 /*application:CodeCritic,controller:code_files,action:create*/[0m  [["user_id", 4], ["id", 4], ["LIMIT", 1]]
  ↳ app/controllers/code_files_controller.rb:45:in 'CodeFilesController#set_project'
  [1m[36mTRANSACTION (0.3ms)[0m  [1m[35mBEGIN /*application:CodeCritic,controller:code_files,action:create*/[0m
  ↳ app/controllers/code_files_controller.rb:18:in 'CodeFilesController#create'
  [1m[36mCodeFile Create (7.4ms)[0m  [1m[32mINSERT INTO "code_files" ("content", "language", "project_id", "created_at", "updated_at") VALUES ($1, $2, $3, $4, $5) RETURNING "id" /*application:CodeCritic,controller:code_files,action:create*/[0m  [["content", "class ProjectsController < ApplicationController\r\n\r\n  before_action :set_project, only: [:show, :update, :destroy]\r\n  before_action :authenticate_user!\r\n  def index\r\n    @projects = Rails.cache.fetch(\"projects_user_\#{current_user.id}\", expires_in: 12.hours) do\r\n      current_user.projects.to_a\r\n    end\r\n  end\r\n\r\n  def show\r\n  end\r\n\r\n  def new\r\n    @project = Project.new\r\n  end\r\n\r\n  def create\r\n    @project = current_user.projects.build(project_params)\r\n\r\n    if @project.save\r\n      redirect_to @project, notice: \"Project was successfully created\"\r\n    else\r\n      render :new, status: :unprocessable_entity\r\n    end\r\n  end\r\n\r\n  def edit\r\n  end\r\n\r\n  def update \r\n    if @project.update(project_params)\r\n      redirect_to @project, notice: \"Project updated\"\r\n    else \r\n      render :edit, status: :unprocessable_entity\r\n    end\r\n  end\r\n\r\n  def destroy\r\n    @project.destroy\r\n    redirect_to projects_path, notice: \"Project deleted\"\r\n  end\r\n\r\n  private\r\n\r\n  def set_project\r\n    @project = current_user.projects.find(params[:id])\r\n  end\r\n\r\n  def project_params\r\n    params.require(:project).permit(:name, :description)\r\n  end\r\nend"], ["language", "ruby"], ["project_id", 4], ["created_at", "2026-03-22 14:57:54.604252"], ["updated_at", "2026-03-22 14:57:54.604252"]]
  ↳ app/controllers/code_files_controller.rb:18:in 'CodeFilesController#create'
  [1m[36mTRANSACTION (0.7ms)[0m  [1m[35mCOMMIT /*application:CodeCritic,controller:code_files,action:create*/[0m
  ↳ app/controllers/code_files_controller.rb:18:in 'CodeFilesController#create'
Redirected to http://127.0.0.1:3000/code_files/11
Completed 302 Found in 2124ms (ActiveRecord: 10.2ms | Allocations: 5173)


Started GET "/code_files/11" for 127.0.0.1 at 2026-03-22 19:57:56 +0500
Processing by CodeFilesController#show as TURBO_STREAM
  Parameters: {"id" => "11"}
  [1m[36mCodeFile Load (1.2ms)[0m  [1m[34mSELECT "code_files".* FROM "code_files" WHERE "code_files"."id" = $1 LIMIT $2 /*application:CodeCritic,controller:code_files,action:show*/[0m  [["id", 11], ["LIMIT", 1]]
  ↳ app/controllers/code_files_controller.rb:52:in 'CodeFilesController#set_code_file'
  [1m[36mProject Load (0.7ms)[0m  [1m[34mSELECT "projects".* FROM "projects" WHERE "projects"."id" = $1 LIMIT $2 /*application:CodeCritic,controller:code_files,action:show*/[0m  [["id", 4], ["LIMIT", 1]]
  ↳ app/controllers/code_files_controller.rb:47:in 'CodeFilesController#set_project'
  Rendering layout layouts/application.html.erb
  Rendering code_files/show.html.erb within layouts/application
  [1m[36mUser Load (0.7ms)[0m  [1m[34mSELECT "users".* FROM "users" WHERE "users"."id" = $1 ORDER BY "users"."id" ASC LIMIT $2 /*application:CodeCritic,controller:code_files,action:show*/[0m  [["id", 4], ["LIMIT", 1]]
  ↳ app/views/shared/_navbar.html.erb:24:in '_app_views_shared__navbar_html_erb___776899347_12328'
  Rendered shared/_navbar.html.erb (Duration: 15.0ms | Allocations: 1591)
  Rendered shared/_flash.html.erb (Duration: 0.2ms | Allocations: 22)
  [1m[36mReview Load (1.8ms)[0m  [1m[34mSELECT "reviews".* FROM "reviews" WHERE "reviews"."code_file_id" = $1 LIMIT $2 /*application:CodeCritic,controller:code_files,action:show*/[0m  [["code_file_id", 11], ["LIMIT", 1]]
  ↳ app/views/code_files/show.html.erb:38:in '_app_views_code_files_show_html_erb__376402504_23352'
  Rendered code_files/show.html.erb within layouts/application (Duration: 497.8ms | Allocations: 16250)
  Rendered layout layouts/application.html.erb (Duration: 500.9ms | Allocations: 16918)
Completed 200 OK in 2482ms (Views: 497.7ms | ActiveRecord: 7.3ms | Allocations: 20040)


Started POST "/code_files/11/review" for 127.0.0.1 at 2026-03-22 19:58:05 +0500
Processing by ReviewsController#create as TURBO_STREAM
  Parameters: {"authenticity_token" => "[FILTERED]", "code_file_id" => "11"}
  [1m[36mCodeFile Load (0.4ms)[0m  [1m[34mSELECT "code_files".* FROM "code_files" WHERE "code_files"."id" = $1 LIMIT $2 /*application:CodeCritic,controller:reviews,action:create*/[0m  [["id", 11], ["LIMIT", 1]]
  ↳ app/controllers/reviews_controller.rb:7:in 'ReviewsController#create'
  [1m[36mReview Load (0.5ms)[0m  [1m[34mSELECT "reviews".* FROM "reviews" WHERE "reviews"."code_file_id" = $1 /*application:CodeCritic,controller:reviews,action:create*/[0m  [["code_file_id", 11]]
  ↳ app/controllers/reviews_controller.rb:10:in 'ReviewsController#create'
HF AI Error: unexpected token 'Not' at line 1 column 1
  [1m[36mCACHE CodeFile Load (0.1ms)[0m  [1m[34mSELECT "code_files".* FROM "code_files" WHERE "code_files"."id" = $1 LIMIT $2[0m  [["id", 11], ["LIMIT", 1]]
  ↳ app/controllers/reviews_controller.rb:18:in 'ReviewsController#create'
  [1m[36mTRANSACTION (0.5ms)[0m  [1m[35mBEGIN /*application:CodeCritic,controller:reviews,action:create*/[0m
  ↳ app/controllers/reviews_controller.rb:18:in 'ReviewsController#create'
  [1m[36mReview Create (1.4ms)[0m  [1m[32mINSERT INTO "reviews" ("status", "result", "summary", "code_file_id", "created_at", "updated_at") VALUES ($1, $2, $3, $4, $5, $6) RETURNING "id" /*application:CodeCritic,controller:reviews,action:create*/[0m  [["status", "completed"], ["result", "[]"], ["summary", nil], ["code_file_id", 11], ["created_at", "2026-03-22 14:58:09.393736"], ["updated_at", "2026-03-22 14:58:09.393736"]]
  ↳ app/controllers/reviews_controller.rb:18:in 'ReviewsController#create'
  [1m[36mTRANSACTION (0.8ms)[0m  [1m[35mCOMMIT /*application:CodeCritic,controller:reviews,action:create*/[0m
  ↳ app/controllers/reviews_controller.rb:18:in 'ReviewsController#create'
Redirected to http://127.0.0.1:3000/code_files/11
Completed 302 Found in 3180ms (ActiveRecord: 15.6ms | Allocations: 36768)


Started GET "/code_files/11" for 127.0.0.1 at 2026-03-22 19:58:11 +0500
Processing by CodeFilesController#show as TURBO_STREAM
  Parameters: {"id" => "11"}
  [1m[36mCodeFile Load (0.4ms)[0m  [1m[34mSELECT "code_files".* FROM "code_files" WHERE "code_files"."id" = $1 LIMIT $2 /*application:CodeCritic,controller:code_files,action:show*/[0m  [["id", 11], ["LIMIT", 1]]
  ↳ app/controllers/code_files_controller.rb:52:in 'CodeFilesController#set_code_file'
  [1m[36mProject Load (0.5ms)[0m  [1m[34mSELECT "projects".* FROM "projects" WHERE "projects"."id" = $1 LIMIT $2 /*application:CodeCritic,controller:code_files,action:show*/[0m  [["id", 4], ["LIMIT", 1]]
  ↳ app/controllers/code_files_controller.rb:47:in 'CodeFilesController#set_project'
  Rendering layout layouts/application.html.erb
  Rendering code_files/show.html.erb within layouts/application
  [1m[36mUser Load (0.4ms)[0m  [1m[34mSELECT "users".* FROM "users" WHERE "users"."id" = $1 ORDER BY "users"."id" ASC LIMIT $2 /*application:CodeCritic,controller:code_files,action:show*/[0m  [["id", 4], ["LIMIT", 1]]
  ↳ app/views/shared/_navbar.html.erb:24:in '_app_views_shared__navbar_html_erb___776899347_12328'
  Rendered shared/_navbar.html.erb (Duration: 14.2ms | Allocations: 1603)
  Rendered shared/_flash.html.erb (Duration: 0.2ms | Allocations: 23)
  [1m[36mReview Load (0.6ms)[0m  [1m[34mSELECT "reviews".* FROM "reviews" WHERE "reviews"."code_file_id" = $1 LIMIT $2 /*application:CodeCritic,controller:code_files,action:show*/[0m  [["code_file_id", 11], ["LIMIT", 1]]
  ↳ app/views/code_files/show.html.erb:38:in '_app_views_code_files_show_html_erb__376402504_23352'
  [1m[36mComment Count (1.6ms)[0m  [1m[34mSELECT COUNT(*) FROM "comments" WHERE "comments"."review_id" = $1 /*application:CodeCritic,controller:code_files,action:show*/[0m  [["review_id", 2]]
  ↳ app/views/code_files/show.html.erb:203:in '_app_views_code_files_show_html_erb__376402504_23352'
  [1m[36mComment Load (1.5ms)[0m  [1m[34mSELECT "comments".* FROM "comments" WHERE "comments"."review_id" = $1 ORDER BY "comments"."created_at" ASC /*application:CodeCritic,controller:code_files,action:show*/[0m  [["review_id", 2]]
  ↳ app/views/code_files/show.html.erb:224:in '_app_views_code_files_show_html_erb__376402504_23352'
  Rendered collection of templates [0 times] (Duration: 0.1ms | Allocations: 29)
  [1m[36mComment Exists? (0.9ms)[0m  [1m[34mSELECT 1 AS one FROM "comments" WHERE "comments"."review_id" = $1 LIMIT $2 /*application:CodeCritic,controller:code_files,action:show*/[0m  [["review_id", 2], ["LIMIT", 1]]
  ↳ app/views/code_files/show.html.erb:227:in '_app_views_code_files_show_html_erb__376402504_23352'
  Rendered code_files/show.html.erb within layouts/application (Duration: 69.4ms | Allocations: 8497)
  Rendered layout layouts/application.html.erb (Duration: 72.5ms | Allocations: 9165)
Completed 200 OK in 2147ms (Views: 69.3ms | ActiveRecord: 10.6ms | Allocations: 11030)


Started POST "/code_files/11/review/comments" for 127.0.0.1 at 2026-03-22 19:58:38 +0500
Processing by CommentsController#create as TURBO_STREAM
  Parameters: {"authenticity_token" => "[FILTERED]", "content" => "Errors Found\n", "commit" => "Post", "code_file_id" => "11"}
  [1m[36mUser Load (0.4ms)[0m  [1m[34mSELECT "users".* FROM "users" WHERE "users"."id" = $1 ORDER BY "users"."id" ASC LIMIT $2 /*application:CodeCritic,controller:comments,action:create*/[0m  [["id", 4], ["LIMIT", 1]]
  ↳ app/controllers/comments_controller.rb:38:in 'CommentsController#set_project'
Completed 404 Not Found in 1006ms (ActiveRecord: 0.4ms | Allocations: 2094)


  
ActiveRecord::RecordNotFound (Couldn't find Project without an ID):
  
app/controllers/comments_controller.rb:38:in 'CommentsController#set_project'
Started GET "/code_files/11" for 127.0.0.1 at 2026-03-22 19:58:41 +0500
Processing by CodeFilesController#show as HTML
  Parameters: {"id" => "11"}
  [1m[36mCodeFile Load (0.4ms)[0m  [1m[34mSELECT "code_files".* FROM "code_files" WHERE "code_files"."id" = $1 LIMIT $2 /*application:CodeCritic,controller:code_files,action:show*/[0m  [["id", 11], ["LIMIT", 1]]
  ↳ app/controllers/code_files_controller.rb:52:in 'CodeFilesController#set_code_file'
  [1m[36mProject Load (0.4ms)[0m  [1m[34mSELECT "projects".* FROM "projects" WHERE "projects"."id" = $1 LIMIT $2 /*application:CodeCritic,controller:code_files,action:show*/[0m  [["id", 4], ["LIMIT", 1]]
  ↳ app/controllers/code_files_controller.rb:47:in 'CodeFilesController#set_project'
  Rendering layout layouts/application.html.erb
  Rendering code_files/show.html.erb within layouts/application
  [1m[36mUser Load (0.4ms)[0m  [1m[34mSELECT "users".* FROM "users" WHERE "users"."id" = $1 ORDER BY "users"."id" ASC LIMIT $2 /*application:CodeCritic,controller:code_files,action:show*/[0m  [["id", 4], ["LIMIT", 1]]
  ↳ app/views/shared/_navbar.html.erb:24:in '_app_views_shared__navbar_html_erb___776899347_12328'
  Rendered shared/_navbar.html.erb (Duration: 3.8ms | Allocations: 1550)
  Rendered shared/_flash.html.erb (Duration: 0.1ms | Allocations: 19)
  [1m[36mReview Load (0.4ms)[0m  [1m[34mSELECT "reviews".* FROM "reviews" WHERE "reviews"."code_file_id" = $1 LIMIT $2 /*application:CodeCritic,controller:code_files,action:show*/[0m  [["code_file_id", 11], ["LIMIT", 1]]
  ↳ app/views/code_files/show.html.erb:38:in '_app_views_code_files_show_html_erb__376402504_23352'
  [1m[36mComment Count (0.4ms)[0m  [1m[34mSELECT COUNT(*) FROM "comments" WHERE "comments"."review_id" = $1 /*application:CodeCritic,controller:code_files,action:show*/[0m  [["review_id", 2]]
  ↳ app/views/code_files/show.html.erb:203:in '_app_views_code_files_show_html_erb__376402504_23352'
  [1m[36mComment Load (0.5ms)[0m  [1m[34mSELECT "comments".* FROM "comments" WHERE "comments"."review_id" = $1 ORDER BY "comments"."created_at" ASC /*application:CodeCritic,controller:code_files,action:show*/[0m  [["review_id", 2]]
  ↳ app/views/code_files/show.html.erb:224:in '_app_views_code_files_show_html_erb__376402504_23352'
  Rendered collection of templates [0 times] (Duration: 0.0ms | Allocations: 11)
  [1m[36mComment Exists? (0.4ms)[0m  [1m[34mSELECT 1 AS one FROM "comments" WHERE "comments"."review_id" = $1 LIMIT $2 /*application:CodeCritic,controller:code_files,action:show*/[0m  [["review_id", 2], ["LIMIT", 1]]
  ↳ app/views/code_files/show.html.erb:227:in '_app_views_code_files_show_html_erb__376402504_23352'
  Rendered code_files/show.html.erb within layouts/application (Duration: 21.3ms | Allocations: 6535)
  Rendered layout layouts/application.html.erb (Duration: 24.6ms | Allocations: 7202)
Completed 200 OK in 1181ms (Views: 24.9ms | ActiveRecord: 2.8ms | Allocations: 9053)


Started GET "/" for 127.0.0.1 at 2026-03-23 00:24:37 +0500
  [1m[36mActiveRecord::SchemaMigration Pluck (4.6ms)[0m  [1m[34mSELECT "schema_migrations"."version" FROM "schema_migrations" ORDER BY "schema_migrations"."version" ASC /*application:CodeCritic*/[0m
Processing by ProjectsController#index as HTML
  [1m[36mUser Load (8.3ms)[0m  [1m[34mSELECT "users".* FROM "users" WHERE "users"."id" = $1 ORDER BY "users"."id" ASC LIMIT $2 /*application:CodeCritic,controller:projects,action:index*/[0m  [["id", 4], ["LIMIT", 1]]
  [1m[36mProject Load (42.0ms)[0m  [1m[34mSELECT "projects".* FROM "projects" WHERE "projects"."user_id" = $1 /*application:CodeCritic,controller:projects,action:index*/[0m  [["user_id", 4]]
  ↳ app/controllers/projects_controller.rb:7:in 'block in ProjectsController#index'
  Rendering layout layouts/application.html.erb
  Rendering projects/index.html.erb within layouts/application
  Rendered shared/_navbar.html.erb (Duration: 8.1ms | Allocations: 734)
  Rendered shared/_flash.html.erb (Duration: 1.6ms | Allocations: 168)
  [1m[36mCodeFile Count (11.8ms)[0m  [1m[34mSELECT COUNT(*) FROM "code_files" WHERE "code_files"."project_id" = $1 /*application:CodeCritic,controller:projects,action:index*/[0m  [["project_id", 4]]
  ↳ app/views/projects/index.html.erb:49:in 'block in _app_views_projects_index_html_erb__380441389_12320'
  Rendered projects/index.html.erb within layouts/application (Duration: 127.6ms | Allocations: 5373)
  Rendered layout layouts/application.html.erb (Duration: 242.2ms | Allocations: 13792)
Completed 200 OK in 2845ms (Views: 304.4ms | ActiveRecord: 93.2ms | Allocations: 35715)


Started GET "/favicon.ico" for 127.0.0.1 at 2026-03-23 00:24:58 +0500
  
ActionController::RoutingError (No route matches [GET] "/favicon.ico"):
  
Started GET "/projects/4" for 127.0.0.1 at 2026-03-23 00:24:59 +0500
Processing by ProjectsController#show as HTML
  Parameters: {"id" => "4"}
  [1m[36mUser Load (0.3ms)[0m  [1m[34mSELECT "users".* FROM "users" WHERE "users"."id" = $1 ORDER BY "users"."id" ASC LIMIT $2 /*application:CodeCritic,controller:projects,action:show*/[0m  [["id", 4], ["LIMIT", 1]]
  ↳ app/controllers/projects_controller.rb:47:in 'ProjectsController#set_project'
  [1m[36mProject Load (0.6ms)[0m  [1m[34mSELECT "projects".* FROM "projects" WHERE "projects"."user_id" = $1 AND "projects"."id" = $2 LIMIT $3 /*application:CodeCritic,controller:projects,action:show*/[0m  [["user_id", 4], ["id", 4], ["LIMIT", 1]]
  ↳ app/controllers/projects_controller.rb:47:in 'ProjectsController#set_project'
  Rendering layout layouts/application.html.erb
  Rendering projects/show.html.erb within layouts/application
  Rendered shared/_navbar.html.erb (Duration: 1.0ms | Allocations: 313)
  Rendered shared/_flash.html.erb (Duration: 0.2ms | Allocations: 19)
  [1m[36mCodeFile Count (0.7ms)[0m  [1m[34mSELECT COUNT(*) FROM "code_files" WHERE "code_files"."project_id" = $1 /*application:CodeCritic,controller:projects,action:show*/[0m  [["project_id", 4]]
  ↳ app/views/projects/show.html.erb:39:in '_app_views_projects_show_html_erb__528045803_12704'
  [1m[36mCACHE CodeFile Count (0.0ms)[0m  [1m[34mSELECT COUNT(*) FROM "code_files" WHERE "code_files"."project_id" = $1[0m  [["project_id", 4]]
  ↳ app/views/projects/show.html.erb:64:in '_app_views_projects_show_html_erb__528045803_12704'
  [1m[36mCodeFile Exists? (0.8ms)[0m  [1m[34mSELECT 1 AS one FROM "code_files" WHERE "code_files"."project_id" = $1 LIMIT $2 /*application:CodeCritic,controller:projects,action:show*/[0m  [["project_id", 4], ["LIMIT", 1]]
  ↳ app/views/projects/show.html.erb:67:in '_app_views_projects_show_html_erb__528045803_12704'
  [1m[36mCodeFile Load (0.9ms)[0m  [1m[34mSELECT "code_files".* FROM "code_files" WHERE "code_files"."project_id" = $1 ORDER BY "code_files"."created_at" DESC /*application:CodeCritic,controller:projects,action:show*/[0m  [["project_id", 4]]
  ↳ app/views/projects/show.html.erb:80:in '_app_views_projects_show_html_erb__528045803_12704'
  [1m[36mReview Load (6.0ms)[0m  [1m[34mSELECT "reviews".* FROM "reviews" WHERE "reviews"."code_file_id" = $1 LIMIT $2 /*application:CodeCritic,controller:projects,action:show*/[0m  [["code_file_id", 11], ["LIMIT", 1]]
  ↳ app/views/projects/show.html.erb:101:in 'block in _app_views_projects_show_html_erb__528045803_12704'
  Rendered projects/show.html.erb within layouts/application (Duration: 148.1ms | Allocations: 13732)
  Rendered layout layouts/application.html.erb (Duration: 155.2ms | Allocations: 14399)
Completed 200 OK in 2454ms (Views: 140.4ms | ActiveRecord: 20.7ms | Allocations: 17033)


Started GET "/projects/4/code_files/new" for 127.0.0.1 at 2026-03-23 00:25:09 +0500
Processing by CodeFilesController#new as HTML
  Parameters: {"project_id" => "4"}
  [1m[36mUser Load (0.6ms)[0m  [1m[34mSELECT "users".* FROM "users" WHERE "users"."id" = $1 ORDER BY "users"."id" ASC LIMIT $2 /*application:CodeCritic,controller:code_files,action:new*/[0m  [["id", 4], ["LIMIT", 1]]
  ↳ app/controllers/code_files_controller.rb:45:in 'CodeFilesController#set_project'
  [1m[36mProject Load (0.6ms)[0m  [1m[34mSELECT "projects".* FROM "projects" WHERE "projects"."user_id" = $1 AND "projects"."id" = $2 LIMIT $3 /*application:CodeCritic,controller:code_files,action:new*/[0m  [["user_id", 4], ["id", 4], ["LIMIT", 1]]
  ↳ app/controllers/code_files_controller.rb:45:in 'CodeFilesController#set_project'
  Rendering layout layouts/application.html.erb
  Rendering code_files/new.html.erb within layouts/application
  Rendered shared/_navbar.html.erb (Duration: 1.0ms | Allocations: 370)
  Rendered shared/_flash.html.erb (Duration: 0.2ms | Allocations: 22)
  Rendered code_files/new.html.erb within layouts/application (Duration: 59.1ms | Allocations: 3710)
  Rendered layout layouts/application.html.erb (Duration: 67.3ms | Allocations: 4420)
Completed 200 OK in 2310ms (Views: 86.4ms | ActiveRecord: 1.2ms | Allocations: 7637)


Started POST "/projects/4/code_files" for 127.0.0.1 at 2026-03-23 00:26:12 +0500
Processing by CodeFilesController#create as TURBO_STREAM
  Parameters: {"authenticity_token" => "[FILTERED]", "code_file" => {"language" => "cpp", "content" => "#include<iostream>\r\nusing namespace std;\r\n\r\nint main(){\r\ncout << \"Hello World\";\r\nreturn 0;\r\n}"}, "commit" => "Add File", "project_id" => "4"}
  [1m[36mUser Load (0.4ms)[0m  [1m[34mSELECT "users".* FROM "users" WHERE "users"."id" = $1 ORDER BY "users"."id" ASC LIMIT $2 /*application:CodeCritic,controller:code_files,action:create*/[0m  [["id", 4], ["LIMIT", 1]]
  ↳ app/controllers/code_files_controller.rb:45:in 'CodeFilesController#set_project'
  [1m[36mProject Load (0.9ms)[0m  [1m[34mSELECT "projects".* FROM "projects" WHERE "projects"."user_id" = $1 AND "projects"."id" = $2 LIMIT $3 /*application:CodeCritic,controller:code_files,action:create*/[0m  [["user_id", 4], ["id", 4], ["LIMIT", 1]]
  ↳ app/controllers/code_files_controller.rb:45:in 'CodeFilesController#set_project'
  [1m[36mTRANSACTION (1.1ms)[0m  [1m[35mBEGIN /*application:CodeCritic,controller:code_files,action:create*/[0m
  ↳ app/models/code_file.rb:21:in 'CodeFile#acceptable_file'
  [1m[36mCodeFile Create (23.2ms)[0m  [1m[32mINSERT INTO "code_files" ("content", "language", "project_id", "created_at", "updated_at") VALUES ($1, $2, $3, $4, $5) RETURNING "id" /*application:CodeCritic,controller:code_files,action:create*/[0m  [["content", "#include<iostream>\r\nusing namespace std;\r\n\r\nint main(){\r\ncout << \"Hello World\";\r\nreturn 0;\r\n}"], ["language", "cpp"], ["project_id", 4], ["created_at", "2026-03-22 19:26:14.531744"], ["updated_at", "2026-03-22 19:26:14.531744"]]
  ↳ app/controllers/code_files_controller.rb:18:in 'CodeFilesController#create'
  [1m[36mTRANSACTION (3.8ms)[0m  [1m[35mCOMMIT /*application:CodeCritic,controller:code_files,action:create*/[0m
  ↳ app/controllers/code_files_controller.rb:18:in 'CodeFilesController#create'
Redirected to http://127.0.0.1:3000/code_files/12
Completed 302 Found in 1959ms (ActiveRecord: 32.3ms | Allocations: 7858)


Started GET "/code_files/12" for 127.0.0.1 at 2026-03-23 00:26:16 +0500
Processing by CodeFilesController#show as TURBO_STREAM
  Parameters: {"id" => "12"}
  [1m[36mCodeFile Load (0.4ms)[0m  [1m[34mSELECT "code_files".* FROM "code_files" WHERE "code_files"."id" = $1 LIMIT $2 /*application:CodeCritic,controller:code_files,action:show*/[0m  [["id", 12], ["LIMIT", 1]]
  ↳ app/controllers/code_files_controller.rb:52:in 'CodeFilesController#set_code_file'
  [1m[36mProject Load (0.6ms)[0m  [1m[34mSELECT "projects".* FROM "projects" WHERE "projects"."id" = $1 LIMIT $2 /*application:CodeCritic,controller:code_files,action:show*/[0m  [["id", 4], ["LIMIT", 1]]
  ↳ app/controllers/code_files_controller.rb:47:in 'CodeFilesController#set_project'
  Rendering layout layouts/application.html.erb
  Rendering code_files/show.html.erb within layouts/application
  [1m[36mUser Load (0.6ms)[0m  [1m[34mSELECT "users".* FROM "users" WHERE "users"."id" = $1 ORDER BY "users"."id" ASC LIMIT $2 /*application:CodeCritic,controller:code_files,action:show*/[0m  [["id", 4], ["LIMIT", 1]]
  ↳ app/views/shared/_navbar.html.erb:24:in '_app_views_shared__navbar_html_erb__723141804_12328'
  Rendered shared/_navbar.html.erb (Duration: 11.5ms | Allocations: 1588)
  Rendered shared/_flash.html.erb (Duration: 0.2ms | Allocations: 25)
  [1m[36mReview Load (0.7ms)[0m  [1m[34mSELECT "reviews".* FROM "reviews" WHERE "reviews"."code_file_id" = $1 LIMIT $2 /*application:CodeCritic,controller:code_files,action:show*/[0m  [["code_file_id", 12], ["LIMIT", 1]]
  ↳ app/views/code_files/show.html.erb:38:in '_app_views_code_files_show_html_erb__107139644_12960'
  Rendered code_files/show.html.erb within layouts/application (Duration: 32.9ms | Allocations: 3837)
  Rendered layout layouts/application.html.erb (Duration: 36.6ms | Allocations: 4505)
Completed 200 OK in 2189ms (Views: 37.6ms | ActiveRecord: 2.4ms | Allocations: 7644)


Started POST "/code_files/12/review" for 127.0.0.1 at 2026-03-23 00:26:26 +0500
Processing by ReviewsController#create as TURBO_STREAM
  Parameters: {"authenticity_token" => "[FILTERED]", "code_file_id" => "12"}
  [1m[36mCodeFile Load (0.4ms)[0m  [1m[34mSELECT "code_files".* FROM "code_files" WHERE "code_files"."id" = $1 LIMIT $2 /*application:CodeCritic,controller:reviews,action:create*/[0m  [["id", 12], ["LIMIT", 1]]
  ↳ app/controllers/reviews_controller.rb:7:in 'ReviewsController#create'
  [1m[36mReview Load (1.0ms)[0m  [1m[34mSELECT "reviews".* FROM "reviews" WHERE "reviews"."code_file_id" = $1 /*application:CodeCritic,controller:reviews,action:create*/[0m  [["code_file_id", 12]]
  ↳ app/controllers/reviews_controller.rb:10:in 'ReviewsController#create'
HF AI Error: unexpected token 'Not' at line 1 column 1
  [1m[36mCACHE CodeFile Load (0.0ms)[0m  [1m[34mSELECT "code_files".* FROM "code_files" WHERE "code_files"."id" = $1 LIMIT $2[0m  [["id", 12], ["LIMIT", 1]]
  ↳ app/controllers/reviews_controller.rb:18:in 'ReviewsController#create'
  [1m[36mTRANSACTION (0.2ms)[0m  [1m[35mBEGIN /*application:CodeCritic,controller:reviews,action:create*/[0m
  ↳ app/controllers/reviews_controller.rb:18:in 'ReviewsController#create'
  [1m[36mReview Create (3.2ms)[0m  [1m[32mINSERT INTO "reviews" ("status", "result", "summary", "code_file_id", "created_at", "updated_at") VALUES ($1, $2, $3, $4, $5, $6) RETURNING "id" /*application:CodeCritic,controller:reviews,action:create*/[0m  [["status", "completed"], ["result", "[]"], ["summary", nil], ["code_file_id", 12], ["created_at", "2026-03-22 19:26:30.794772"], ["updated_at", "2026-03-22 19:26:30.794772"]]
  ↳ app/controllers/reviews_controller.rb:18:in 'ReviewsController#create'
  [1m[36mTRANSACTION (1.6ms)[0m  [1m[35mCOMMIT /*application:CodeCritic,controller:reviews,action:create*/[0m
  ↳ app/controllers/reviews_controller.rb:18:in 'ReviewsController#create'
Redirected to http://127.0.0.1:3000/code_files/12
Completed 302 Found in 3879ms (ActiveRecord: 6.5ms | Allocations: 34489)


Started GET "/code_files/12" for 127.0.0.1 at 2026-03-23 00:26:33 +0500
Processing by CodeFilesController#show as TURBO_STREAM
  Parameters: {"id" => "12"}
  [1m[36mCodeFile Load (0.5ms)[0m  [1m[34mSELECT "code_files".* FROM "code_files" WHERE "code_files"."id" = $1 LIMIT $2 /*application:CodeCritic,controller:code_files,action:show*/[0m  [["id", 12], ["LIMIT", 1]]
  ↳ app/controllers/code_files_controller.rb:52:in 'CodeFilesController#set_code_file'
  [1m[36mProject Load (0.7ms)[0m  [1m[34mSELECT "projects".* FROM "projects" WHERE "projects"."id" = $1 LIMIT $2 /*application:CodeCritic,controller:code_files,action:show*/[0m  [["id", 4], ["LIMIT", 1]]
  ↳ app/controllers/code_files_controller.rb:47:in 'CodeFilesController#set_project'
  Rendering layout layouts/application.html.erb
  Rendering code_files/show.html.erb within layouts/application
  [1m[36mUser Load (0.9ms)[0m  [1m[34mSELECT "users".* FROM "users" WHERE "users"."id" = $1 ORDER BY "users"."id" ASC LIMIT $2 /*application:CodeCritic,controller:code_files,action:show*/[0m  [["id", 4], ["LIMIT", 1]]
  ↳ app/views/shared/_navbar.html.erb:24:in '_app_views_shared__navbar_html_erb__723141804_12328'
  Rendered shared/_navbar.html.erb (Duration: 16.0ms | Allocations: 1621)
  Rendered shared/_flash.html.erb (Duration: 0.2ms | Allocations: 23)
  [1m[36mReview Load (0.6ms)[0m  [1m[34mSELECT "reviews".* FROM "reviews" WHERE "reviews"."code_file_id" = $1 LIMIT $2 /*application:CodeCritic,controller:code_files,action:show*/[0m  [["code_file_id", 12], ["LIMIT", 1]]
  ↳ app/views/code_files/show.html.erb:38:in '_app_views_code_files_show_html_erb__107139644_12960'
  [1m[36mComment Count (7.0ms)[0m  [1m[34mSELECT COUNT(*) FROM "comments" WHERE "comments"."review_id" = $1 /*application:CodeCritic,controller:code_files,action:show*/[0m  [["review_id", 3]]
  ↳ app/views/code_files/show.html.erb:203:in '_app_views_code_files_show_html_erb__107139644_12960'
  [1m[36mComment Load (1.0ms)[0m  [1m[34mSELECT "comments".* FROM "comments" WHERE "comments"."review_id" = $1 ORDER BY "comments"."created_at" ASC /*application:CodeCritic,controller:code_files,action:show*/[0m  [["review_id", 3]]
  ↳ app/views/code_files/show.html.erb:224:in '_app_views_code_files_show_html_erb__107139644_12960'
  Rendered collection of templates [0 times] (Duration: 0.2ms | Allocations: 25)
  [1m[36mComment Exists? (0.7ms)[0m  [1m[34mSELECT 1 AS one FROM "comments" WHERE "comments"."review_id" = $1 LIMIT $2 /*application:CodeCritic,controller:code_files,action:show*/[0m  [["review_id", 3], ["LIMIT", 1]]
  ↳ app/views/code_files/show.html.erb:227:in '_app_views_code_files_show_html_erb__107139644_12960'
  Rendered code_files/show.html.erb within layouts/application (Duration: 77.7ms | Allocations: 8337)
  Rendered layout layouts/application.html.erb (Duration: 83.5ms | Allocations: 9005)
Completed 200 OK in 2630ms (Views: 72.9ms | ActiveRecord: 14.7ms | Allocations: 10870)


Started POST "/code_files/12/review/comments" for 127.0.0.1 at 2026-03-23 00:48:28 +0500
Processing by CommentsController#create as TURBO_STREAM
  Parameters: {"authenticity_token" => "[FILTERED]", "content" => "Ok\n\n\n", "commit" => "Post", "code_file_id" => "12"}
  [1m[36mUser Load (4.7ms)[0m  [1m[34mSELECT "users".* FROM "users" WHERE "users"."id" = $1 ORDER BY "users"."id" ASC LIMIT $2 /*application:CodeCritic,controller:comments,action:create*/[0m  [["id", 4], ["LIMIT", 1]]
  ↳ app/controllers/comments_controller.rb:38:in 'CommentsController#set_project'
Completed 404 Not Found in 2352ms (ActiveRecord: 84.0ms | Allocations: 5903)


  
ActiveRecord::RecordNotFound (Couldn't find Project without an ID):
  
app/controllers/comments_controller.rb:38:in 'CommentsController#set_project'
Started GET "/code_files/12" for 127.0.0.1 at 2026-03-23 00:48:34 +0500
Processing by CodeFilesController#show as HTML
  Parameters: {"id" => "12"}
  [1m[36mCodeFile Load (0.8ms)[0m  [1m[34mSELECT "code_files".* FROM "code_files" WHERE "code_files"."id" = $1 LIMIT $2 /*application:CodeCritic,controller:code_files,action:show*/[0m  [["id", 12], ["LIMIT", 1]]
  ↳ app/controllers/code_files_controller.rb:52:in 'CodeFilesController#set_code_file'
  [1m[36mProject Load (0.9ms)[0m  [1m[34mSELECT "projects".* FROM "projects" WHERE "projects"."id" = $1 LIMIT $2 /*application:CodeCritic,controller:code_files,action:show*/[0m  [["id", 4], ["LIMIT", 1]]
  ↳ app/controllers/code_files_controller.rb:47:in 'CodeFilesController#set_project'
  Rendering layout layouts/application.html.erb
  Rendering code_files/show.html.erb within layouts/application
  [1m[36mUser Load (0.7ms)[0m  [1m[34mSELECT "users".* FROM "users" WHERE "users"."id" = $1 ORDER BY "users"."id" ASC LIMIT $2 /*application:CodeCritic,controller:code_files,action:show*/[0m  [["id", 4], ["LIMIT", 1]]
  ↳ app/views/shared/_navbar.html.erb:24:in '_app_views_shared__navbar_html_erb__723141804_12328'
  Rendered shared/_navbar.html.erb (Duration: 10.6ms | Allocations: 1589)
  Rendered shared/_flash.html.erb (Duration: 0.1ms | Allocations: 19)
  [1m[36mReview Load (1.0ms)[0m  [1m[34mSELECT "reviews".* FROM "reviews" WHERE "reviews"."code_file_id" = $1 LIMIT $2 /*application:CodeCritic,controller:code_files,action:show*/[0m  [["code_file_id", 12], ["LIMIT", 1]]
  ↳ app/views/code_files/show.html.erb:38:in '_app_views_code_files_show_html_erb__107139644_12960'
  [1m[36mComment Count (1.6ms)[0m  [1m[34mSELECT COUNT(*) FROM "comments" WHERE "comments"."review_id" = $1 /*application:CodeCritic,controller:code_files,action:show*/[0m  [["review_id", 3]]
  ↳ app/views/code_files/show.html.erb:203:in '_app_views_code_files_show_html_erb__107139644_12960'
  [1m[36mComment Load (2.4ms)[0m  [1m[34mSELECT "comments".* FROM "comments" WHERE "comments"."review_id" = $1 ORDER BY "comments"."created_at" ASC /*application:CodeCritic,controller:code_files,action:show*/[0m  [["review_id", 3]]
  ↳ app/views/code_files/show.html.erb:224:in '_app_views_code_files_show_html_erb__107139644_12960'
  Rendered collection of templates [0 times] (Duration: 0.1ms | Allocations: 11)
  [1m[36mComment Exists? (1.7ms)[0m  [1m[34mSELECT 1 AS one FROM "comments" WHERE "comments"."review_id" = $1 LIMIT $2 /*application:CodeCritic,controller:code_files,action:show*/[0m  [["review_id", 3], ["LIMIT", 1]]
  ↳ app/views/code_files/show.html.erb:227:in '_app_views_code_files_show_html_erb__107139644_12960'
  Rendered code_files/show.html.erb within layouts/application (Duration: 64.7ms | Allocations: 6456)
  Rendered layout layouts/application.html.erb (Duration: 68.7ms | Allocations: 7123)
Completed 200 OK in 2149ms (Views: 65.3ms | ActiveRecord: 9.1ms | Allocations: 8994)


Started GET "/" for 127.0.0.1 at 2026-03-23 12:35:02 +0500
  [1m[36mActiveRecord::SchemaMigration Pluck (5.4ms)[0m  [1m[34mSELECT "schema_migrations"."version" FROM "schema_migrations" ORDER BY "schema_migrations"."version" ASC /*application:CodeCritic*/[0m
Processing by ProjectsController#index as HTML
  [1m[36mUser Load (6.0ms)[0m  [1m[34mSELECT "users".* FROM "users" WHERE "users"."id" = $1 ORDER BY "users"."id" ASC LIMIT $2 /*application:CodeCritic,controller:projects,action:index*/[0m  [["id", 4], ["LIMIT", 1]]
  [1m[36mProject Load (3.9ms)[0m  [1m[34mSELECT "projects".* FROM "projects" WHERE "projects"."user_id" = $1 /*application:CodeCritic,controller:projects,action:index*/[0m  [["user_id", 4]]
  ↳ app/controllers/projects_controller.rb:7:in 'block in ProjectsController#index'
  Rendering layout layouts/application.html.erb
  Rendering projects/index.html.erb within layouts/application
  Rendered shared/_navbar.html.erb (Duration: 14.8ms | Allocations: 735)
  Rendered shared/_flash.html.erb (Duration: 0.7ms | Allocations: 168)
  [1m[36mCodeFile Count (11.8ms)[0m  [1m[34mSELECT COUNT(*) FROM "code_files" WHERE "code_files"."project_id" = $1 /*application:CodeCritic,controller:projects,action:index*/[0m  [["project_id", 4]]
  ↳ app/views/projects/index.html.erb:49:in 'block in _app_views_projects_index_html_erb___536978951_12352'
  Rendered projects/index.html.erb within layouts/application (Duration: 78.2ms | Allocations: 5382)
  Rendered layout layouts/application.html.erb (Duration: 136.6ms | Allocations: 13801)
Completed 200 OK in 2132ms (Views: 158.1ms | ActiveRecord: 47.0ms | Allocations: 35722)


Started GET "/" for 127.0.0.1 at 2026-03-23 12:35:10 +0500
Processing by ProjectsController#index as HTML
  [1m[36mUser Load (6.6ms)[0m  [1m[34mSELECT "users".* FROM "users" WHERE "users"."id" = $1 ORDER BY "users"."id" ASC LIMIT $2 /*application:CodeCritic,controller:projects,action:index*/[0m  [["id", 4], ["LIMIT", 1]]
  Rendering layout layouts/application.html.erb
  Rendering projects/index.html.erb within layouts/application
  Rendered shared/_navbar.html.erb (Duration: 0.8ms | Allocations: 313)
  Rendered shared/_flash.html.erb (Duration: 0.1ms | Allocations: 19)
  [1m[36mCodeFile Count (19.9ms)[0m  [1m[34mSELECT COUNT(*) FROM "code_files" WHERE "code_files"."project_id" = $1 /*application:CodeCritic,controller:projects,action:index*/[0m  [["project_id", 4]]
  ↳ app/views/projects/index.html.erb:49:in 'block in _app_views_projects_index_html_erb___536978951_12352'
  Rendered projects/index.html.erb within layouts/application (Duration: 53.4ms | Allocations: 1451)
  Rendered layout layouts/application.html.erb (Duration: 65.3ms | Allocations: 2119)
Completed 200 OK in 4422ms (Views: 58.9ms | ActiveRecord: 26.6ms | Allocations: 5230)


Started DELETE "/users/sign_out" for 127.0.0.1 at 2026-03-23 12:35:25 +0500
Processing by Devise::SessionsController#destroy as HTML
  Parameters: {"authenticity_token" => "[FILTERED]"}
  [1m[36mUser Load (4.8ms)[0m  [1m[34mSELECT "users".* FROM "users" WHERE "users"."id" = $1 ORDER BY "users"."id" ASC LIMIT $2 /*application:CodeCritic,controller:sessions,action:destroy*/[0m  [["id", 4], ["LIMIT", 1]]
Started GET "/favicon.ico" for 127.0.0.1 at 2026-03-23 12:35:27 +0500
  
ActionController::RoutingError (No route matches [GET] "/favicon.ico"):
  
Redirected to http://127.0.0.1:3000/
Completed 303 See Other in 3721ms (ActiveRecord: 4.8ms | Allocations: 58849)


Started GET "/" for 127.0.0.1 at 2026-03-23 12:35:32 +0500
Processing by ProjectsController#index as HTML
Completed 401 Unauthorized in 2350ms (ActiveRecord: 0.0ms | Allocations: 475)


Started GET "/users/sign_in" for 127.0.0.1 at 2026-03-23 12:35:37 +0500
Processing by Devise::SessionsController#new as HTML
  Rendering layout layouts/application.html.erb
  Rendering devise/sessions/new.html.erb within layouts/application
  Rendered devise/sessions/new.html.erb within layouts/application (Duration: 79.7ms | Allocations: 2542)
  Rendered layout layouts/application.html.erb (Duration: 84.0ms | Allocations: 3256)
Completed 200 OK in 2284ms (Views: 123.9ms | ActiveRecord: 0.0ms | Allocations: 4544)


Started GET "/code_files/11" for 127.0.0.1 at 2026-03-24 00:34:56 +0500
Started GET "/" for 127.0.0.1 at 2026-03-24 00:34:57 +0500
  [1m[36mActiveRecord::SchemaMigration Pluck (4.2ms)[0m  [1m[34mSELECT "schema_migrations"."version" FROM "schema_migrations" ORDER BY "schema_migrations"."version" ASC /*application:CodeCritic*/[0m
Processing by CodeFilesController#show as HTML
  Parameters: {"id" => "11"}
Processing by ProjectsController#index as HTML
Completed 401 Unauthorized in 2790ms (ActiveRecord: 0.0ms | Allocations: 6483)


  [1m[36mCodeFile Load (7.6ms)[0m  [1m[34mSELECT "code_files".* FROM "code_files" WHERE "code_files"."id" = $1 LIMIT $2 /*application:CodeCritic,controller:code_files,action:show*/[0m  [["id", 11], ["LIMIT", 1]]
  ↳ app/controllers/code_files_controller.rb:52:in 'CodeFilesController#set_code_file'
  [1m[36mProject Load (5.3ms)[0m  [1m[34mSELECT "projects".* FROM "projects" WHERE "projects"."id" = $1 LIMIT $2 /*application:CodeCritic,controller:code_files,action:show*/[0m  [["id", 4], ["LIMIT", 1]]
  ↳ app/controllers/code_files_controller.rb:47:in 'CodeFilesController#set_project'
  Rendering layout layouts/application.html.erb
  Rendering code_files/show.html.erb within layouts/application
  Rendered shared/_navbar.html.erb (Duration: 8.5ms | Allocations: 5488)
  Rendered shared/_flash.html.erb (Duration: 3.0ms | Allocations: 146)
  [1m[36mReview Load (7.5ms)[0m  [1m[34mSELECT "reviews".* FROM "reviews" WHERE "reviews"."code_file_id" = $1 LIMIT $2 /*application:CodeCritic,controller:code_files,action:show*/[0m  [["code_file_id", 11], ["LIMIT", 1]]
  ↳ app/views/code_files/show.html.erb:38:in '_app_views_code_files_show_html_erb__1068100382_12368'
  [1m[36mComment Count (9.3ms)[0m  [1m[34mSELECT COUNT(*) FROM "comments" WHERE "comments"."review_id" = $1 /*application:CodeCritic,controller:code_files,action:show*/[0m  [["review_id", 2]]
  ↳ app/views/code_files/show.html.erb:203:in '_app_views_code_files_show_html_erb__1068100382_12368'
  [1m[36mComment Load (2.5ms)[0m  [1m[34mSELECT "comments".* FROM "comments" WHERE "comments"."review_id" = $1 ORDER BY "comments"."created_at" ASC /*application:CodeCritic,controller:code_files,action:show*/[0m  [["review_id", 2]]
  ↳ app/views/code_files/show.html.erb:224:in '_app_views_code_files_show_html_erb__1068100382_12368'
  Rendered collection of templates [0 times] (Duration: 0.1ms | Allocations: 31)
  [1m[36mComment Exists? (1.1ms)[0m  [1m[34mSELECT 1 AS one FROM "comments" WHERE "comments"."review_id" = $1 LIMIT $2 /*application:CodeCritic,controller:code_files,action:show*/[0m  [["review_id", 2], ["LIMIT", 1]]
  ↳ app/views/code_files/show.html.erb:227:in '_app_views_code_files_show_html_erb__1068100382_12368'
  Rendered code_files/show.html.erb within layouts/application (Duration: 198.6ms | Allocations: 20883)
  Rendered layout layouts/application.html.erb (Duration: 310.5ms | Allocations: 29291)
Completed 200 OK in 3360ms (Views: 321.0ms | ActiveRecord: 70.6ms | Allocations: 55603)


Started GET "/users/sign_in" for 127.0.0.1 at 2026-03-24 00:35:05 +0500
Processing by Devise::SessionsController#new as HTML
  Rendering layout layouts/application.html.erb
  Rendering devise/sessions/new.html.erb within layouts/application
  Rendered devise/sessions/new.html.erb within layouts/application (Duration: 134.2ms | Allocations: 2639)
  Rendered layout layouts/application.html.erb (Duration: 141.9ms | Allocations: 3353)
Completed 200 OK in 3560ms (Views: 186.2ms | ActiveRecord: 13.4ms | Allocations: 8697)


Started GET "/favicon.ico" for 127.0.0.1 at 2026-03-24 00:35:16 +0500
  
ActionController::RoutingError (No route matches [GET] "/favicon.ico"):
  
Started GET "/favicon.ico" for 127.0.0.1 at 2026-03-24 00:35:17 +0500
  
ActionController::RoutingError (No route matches [GET] "/favicon.ico"):
  
[ActionDispatch::HostAuthorization::DefaultResponseApp] Blocked hosts: hawaii-commitments-jurisdiction-moms.trycloudflare.com
[ActionDispatch::HostAuthorization::DefaultResponseApp] Blocked hosts: hawaii-commitments-jurisdiction-moms.trycloudflare.com
[ActionDispatch::HostAuthorization::DefaultResponseApp] Blocked hosts: hawaii-commitments-jurisdiction-moms.trycloudflare.com
[ActionDispatch::HostAuthorization::DefaultResponseApp] Blocked hosts: hawaii-commitments-jurisdiction-moms.trycloudflare.com
[ActionDispatch::HostAuthorization::DefaultResponseApp] Blocked hosts: hawaii-commitments-jurisdiction-moms.trycloudflare.com
[ActionDispatch::HostAuthorization::DefaultResponseApp] Blocked hosts: hawaii-commitments-jurisdiction-moms.trycloudflare.com
Started GET "/" for 127.0.0.1 at 2026-03-24 00:38:41 +0500
  [1m[36mActiveRecord::SchemaMigration Pluck (1.1ms)[0m  [1m[34mSELECT "schema_migrations"."version" FROM "schema_migrations" ORDER BY "schema_migrations"."version" ASC /*application:CodeCritic*/[0m
Processing by ProjectsController#index as HTML
Completed 401 Unauthorized in 2117ms (ActiveRecord: 0.0ms | Allocations: 2599)


Started GET "/users/sign_in" for 127.0.0.1 at 2026-03-24 00:38:46 +0500
Processing by Devise::SessionsController#new as HTML
  Rendering layout layouts/application.html.erb
  Rendering devise/sessions/new.html.erb within layouts/application
  Rendered devise/sessions/new.html.erb within layouts/application (Duration: 147.1ms | Allocations: 3076)
  Rendered layout layouts/application.html.erb (Duration: 318.5ms | Allocations: 11494)
Completed 200 OK in 2842ms (Views: 438.4ms | ActiveRecord: 10.1ms | Allocations: 19558)


Started GET "/" for 223.123.14.115 at 2026-03-24 00:38:51 +0500
Cannot render console from 223.123.14.115! Allowed networks: 127.0.0.0/127.255.255.255, ::1
Processing by ProjectsController#index as HTML
Completed 401 Unauthorized in 2106ms (ActiveRecord: 0.0ms | Allocations: 226)


Started GET "/users/sign_in" for 223.123.14.115 at 2026-03-24 00:38:56 +0500
Cannot render console from 223.123.14.115! Allowed networks: 127.0.0.0/127.255.255.255, ::1
Processing by Devise::SessionsController#new as HTML
  Rendering layout layouts/application.html.erb
  Rendering devise/sessions/new.html.erb within layouts/application
  Rendered devise/sessions/new.html.erb within layouts/application (Duration: 2.1ms | Allocations: 1086)
  Rendered layout layouts/application.html.erb (Duration: 4.4ms | Allocations: 1755)
Completed 200 OK in 2198ms (Views: 5.7ms | ActiveRecord: 0.0ms | Allocations: 2404)


Started GET "/favicon.ico" for 223.123.14.115 at 2026-03-24 00:39:16 +0500
Cannot render console from 223.123.14.115! Allowed networks: 127.0.0.0/127.255.255.255, ::1
  
ActionController::RoutingError (No route matches [GET] "/favicon.ico"):
  
Started GET "/" for 139.135.42.107 at 2026-03-24 00:48:35 +0500
Cannot render console from 139.135.42.107! Allowed networks: 127.0.0.0/127.255.255.255, ::1
Processing by ProjectsController#index as HTML
Completed 401 Unauthorized in 1820ms (ActiveRecord: 0.0ms | Allocations: 223)


Started GET "/users/sign_in" for 139.135.42.107 at 2026-03-24 00:48:40 +0500
Cannot render console from 139.135.42.107! Allowed networks: 127.0.0.0/127.255.255.255, ::1
Processing by Devise::SessionsController#new as HTML
  Rendering layout layouts/application.html.erb
  Rendering devise/sessions/new.html.erb within layouts/application
  Rendered devise/sessions/new.html.erb within layouts/application (Duration: 1.6ms | Allocations: 1079)
  Rendered layout layouts/application.html.erb (Duration: 5.0ms | Allocations: 1748)
Completed 200 OK in 1737ms (Views: 6.9ms | ActiveRecord: 0.0ms | Allocations: 2431)


Started GET "/users/sign_up" for 223.123.14.115 at 2026-03-24 00:49:03 +0500
Cannot render console from 223.123.14.115! Allowed networks: 127.0.0.0/127.255.255.255, ::1
Started GET "/favicon.ico" for 139.135.42.107 at 2026-03-24 00:49:03 +0500
Cannot render console from 139.135.42.107! Allowed networks: 127.0.0.0/127.255.255.255, ::1
  
ActionController::RoutingError (No route matches [GET] "/favicon.ico"):
  
Processing by Devise::RegistrationsController#new as HTML
  Rendering layout layouts/application.html.erb
  Rendering devise/registrations/new.html.erb within layouts/application
  Rendered devise/registrations/new.html.erb within layouts/application (Duration: 9.2ms | Allocations: 1990)
  Rendered layout layouts/application.html.erb (Duration: 11.3ms | Allocations: 2702)
Completed 200 OK in 936ms (Views: 19.8ms | ActiveRecord: 0.0ms | Allocations: 3854)


Started GET "/users/sign_up" for 139.135.42.107 at 2026-03-24 00:49:05 +0500
Cannot render console from 139.135.42.107! Allowed networks: 127.0.0.0/127.255.255.255, ::1
Processing by Devise::RegistrationsController#new as HTML
  Rendering layout layouts/application.html.erb
  Rendering devise/registrations/new.html.erb within layouts/application
  Rendered devise/registrations/new.html.erb within layouts/application (Duration: 2.9ms | Allocations: 1302)
  Rendered layout layouts/application.html.erb (Duration: 8.4ms | Allocations: 1969)
Completed 200 OK in 1122ms (Views: 9.6ms | ActiveRecord: 0.0ms | Allocations: 2570)


Started POST "/users" for 139.135.42.107 at 2026-03-24 00:49:56 +0500
Cannot render console from 139.135.42.107! Allowed networks: 127.0.0.0/127.255.255.255, ::1
Started POST "/users" for 223.123.14.115 at 2026-03-24 00:49:56 +0500
Cannot render console from 223.123.14.115! Allowed networks: 127.0.0.0/127.255.255.255, ::1
Processing by Devise::RegistrationsController#create as TURBO_STREAM
  Parameters: {"authenticity_token" => "[FILTERED]", "user" => {"name" => "Abubakar Majeed", "email" => "[FILTERED]", "password" => "[FILTERED]", "password_confirmation" => "[FILTERED]"}, "commit" => "Create account"}
Processing by Devise::RegistrationsController#create as TURBO_STREAM
  Parameters: {"authenticity_token" => "[FILTERED]", "user" => {"name" => "", "email" => "[FILTERED]", "password" => "[FILTERED]", "password_confirmation" => "[FILTERED]"}, "commit" => "Create account"}
  [1m[36mTRANSACTION (1.2ms)[0m  [1m[35mBEGIN /*application:CodeCritic,controller:registrations,action:create*/[0m
  [1m[36mUser Exists? (7.2ms)[0m  [1m[34mSELECT 1 AS one FROM "users" WHERE "users"."email" = $1 LIMIT $2 /*application:CodeCritic,controller:registrations,action:create*/[0m  [["email", "[FILTERED]"], ["LIMIT", 1]]
  [1m[36mTRANSACTION (1.7ms)[0m  [1m[31mROLLBACK /*application:CodeCritic,controller:registrations,action:create*/[0m
  Rendering layout layouts/application.html.erb
  Rendering devise/registrations/new.html.erb within layouts/application
  Rendered devise/registrations/new.html.erb within layouts/application (Duration: 10.4ms | Allocations: 5340)
  Rendered layout layouts/application.html.erb (Duration: 12.0ms | Allocations: 6007)
Completed 422 Unprocessable Entity in 1905ms (Views: 13.1ms | ActiveRecord: 20.1ms | Allocations: 19020)


  [1m[36mTRANSACTION (0.3ms)[0m  [1m[35mBEGIN /*application:CodeCritic,controller:registrations,action:create*/[0m
  [1m[36mUser Exists? (0.5ms)[0m  [1m[34mSELECT 1 AS one FROM "users" WHERE "users"."email" = $1 LIMIT $2 /*application:CodeCritic,controller:registrations,action:create*/[0m  [["email", "[FILTERED]"], ["LIMIT", 1]]
  [1m[36mCACHE User Exists? (0.0ms)[0m  [1m[34mSELECT 1 AS one FROM "users" WHERE "users"."email" = $1 LIMIT $2[0m  [["email", "[FILTERED]"], ["LIMIT", 1]]
  [1m[36mTRANSACTION (0.3ms)[0m  [1m[31mROLLBACK /*application:CodeCritic,controller:registrations,action:create*/[0m
  Rendering layout layouts/application.html.erb
  Rendering devise/registrations/new.html.erb within layouts/application
  Rendered devise/registrations/new.html.erb within layouts/application (Duration: 4.3ms | Allocations: 3440)
  Rendered layout layouts/application.html.erb (Duration: 8.0ms | Allocations: 4107)
Completed 422 Unprocessable Entity in 1996ms (Views: 9.6ms | ActiveRecord: 1.0ms | Allocations: 31074)


Started POST "/users" for 139.135.42.107 at 2026-03-24 00:50:37 +0500
Cannot render console from 139.135.42.107! Allowed networks: 127.0.0.0/127.255.255.255, ::1
Processing by Devise::RegistrationsController#create as TURBO_STREAM
  Parameters: {"authenticity_token" => "[FILTERED]", "user" => {"name" => "Abubakar Majeed", "email" => "[FILTERED]", "password" => "[FILTERED]", "password_confirmation" => "[FILTERED]"}, "commit" => "Create account"}
  [1m[36mTRANSACTION (0.2ms)[0m  [1m[35mBEGIN /*application:CodeCritic,controller:registrations,action:create*/[0m
  [1m[36mUser Exists? (0.4ms)[0m  [1m[34mSELECT 1 AS one FROM "users" WHERE "users"."email" = $1 LIMIT $2 /*application:CodeCritic,controller:registrations,action:create*/[0m  [["email", "[FILTERED]"], ["LIMIT", 1]]
  [1m[36mCACHE User Exists? (0.0ms)[0m  [1m[34mSELECT 1 AS one FROM "users" WHERE "users"."email" = $1 LIMIT $2[0m  [["email", "[FILTERED]"], ["LIMIT", 1]]
  [1m[36mTRANSACTION (0.3ms)[0m  [1m[31mROLLBACK /*application:CodeCritic,controller:registrations,action:create*/[0m
  Rendering layout layouts/application.html.erb
  Rendering devise/registrations/new.html.erb within layouts/application
  Rendered devise/registrations/new.html.erb within layouts/application (Duration: 3.7ms | Allocations: 2087)
  Rendered layout layouts/application.html.erb (Duration: 10.2ms | Allocations: 2754)
Completed 422 Unprocessable Entity in 1260ms (Views: 11.6ms | ActiveRecord: 0.9ms | Allocations: 9974)


Started POST "/users" for 139.135.42.107 at 2026-03-24 00:50:51 +0500
Cannot render console from 139.135.42.107! Allowed networks: 127.0.0.0/127.255.255.255, ::1
Processing by Devise::RegistrationsController#create as TURBO_STREAM
  Parameters: {"authenticity_token" => "[FILTERED]", "user" => {"name" => "Abubakar Majeed", "email" => "[FILTERED]", "password" => "[FILTERED]", "password_confirmation" => "[FILTERED]"}, "commit" => "Create account"}
  [1m[36mTRANSACTION (0.2ms)[0m  [1m[35mBEGIN /*application:CodeCritic,controller:registrations,action:create*/[0m
  [1m[36mUser Exists? (0.4ms)[0m  [1m[34mSELECT 1 AS one FROM "users" WHERE "users"."email" = $1 LIMIT $2 /*application:CodeCritic,controller:registrations,action:create*/[0m  [["email", "[FILTERED]"], ["LIMIT", 1]]
  [1m[36mCACHE User Exists? (0.0ms)[0m  [1m[34mSELECT 1 AS one FROM "users" WHERE "users"."email" = $1 LIMIT $2[0m  [["email", "[FILTERED]"], ["LIMIT", 1]]
  [1m[36mTRANSACTION (0.3ms)[0m  [1m[31mROLLBACK /*application:CodeCritic,controller:registrations,action:create*/[0m
  Rendering layout layouts/application.html.erb
  Rendering devise/registrations/new.html.erb within layouts/application
  Rendered devise/registrations/new.html.erb within layouts/application (Duration: 2.7ms | Allocations: 2087)
  Rendered layout layouts/application.html.erb (Duration: 4.4ms | Allocations: 2754)
Completed 422 Unprocessable Entity in 1131ms (Views: 5.5ms | ActiveRecord: 0.9ms | Allocations: 9983)


Started POST "/users" for 139.135.42.107 at 2026-03-24 00:51:31 +0500
Cannot render console from 139.135.42.107! Allowed networks: 127.0.0.0/127.255.255.255, ::1
Processing by Devise::RegistrationsController#create as TURBO_STREAM
  Parameters: {"authenticity_token" => "[FILTERED]", "user" => {"name" => "Abubakar Majeed", "email" => "[FILTERED]", "password" => "[FILTERED]", "password_confirmation" => "[FILTERED]"}, "commit" => "Create account"}
  [1m[36mTRANSACTION (0.2ms)[0m  [1m[35mBEGIN /*application:CodeCritic,controller:registrations,action:create*/[0m
  [1m[36mUser Exists? (0.5ms)[0m  [1m[34mSELECT 1 AS one FROM "users" WHERE "users"."email" = $1 LIMIT $2 /*application:CodeCritic,controller:registrations,action:create*/[0m  [["email", "[FILTERED]"], ["LIMIT", 1]]
  [1m[36mCACHE User Exists? (0.0ms)[0m  [1m[34mSELECT 1 AS one FROM "users" WHERE "users"."email" = $1 LIMIT $2[0m  [["email", "[FILTERED]"], ["LIMIT", 1]]
  [1m[36mUser Create (22.8ms)[0m  [1m[32mINSERT INTO "users" ("email", "encrypted_password", "reset_password_token", "reset_password_sent_at", "remember_created_at", "created_at", "updated_at", "name") VALUES ($1, $2, $3, $4, $5, $6, $7, $8) RETURNING "id" /*application:CodeCritic,controller:registrations,action:create*/[0m  [["email", "[FILTERED]"], ["encrypted_password", "[FILTERED]"], ["reset_password_token", "[FILTERED]"], ["reset_password_sent_at", "[FILTERED]"], ["remember_created_at", nil], ["created_at", "2026-03-23 19:51:32.791910"], ["updated_at", "2026-03-23 19:51:32.791910"], ["name", "Abubakar Majeed"]]
  [1m[36mTRANSACTION (4.1ms)[0m  [1m[35mCOMMIT /*application:CodeCritic,controller:registrations,action:create*/[0m
Redirected to https://hawaii-commitments-jurisdiction-moms.trycloudflare.com/
Completed 303 See Other in 1243ms (ActiveRecord: 27.6ms | Allocations: 9630)


Started GET "/" for 139.135.42.107 at 2026-03-24 00:51:34 +0500
Cannot render console from 139.135.42.107! Allowed networks: 127.0.0.0/127.255.255.255, ::1
Processing by ProjectsController#index as TURBO_STREAM
  [1m[36mUser Load (1.1ms)[0m  [1m[34mSELECT "users".* FROM "users" WHERE "users"."id" = $1 ORDER BY "users"."id" ASC LIMIT $2 /*application:CodeCritic,controller:projects,action:index*/[0m  [["id", 6], ["LIMIT", 1]]
  [1m[36mProject Load (3.5ms)[0m  [1m[34mSELECT "projects".* FROM "projects" WHERE "projects"."user_id" = $1 /*application:CodeCritic,controller:projects,action:index*/[0m  [["user_id", 6]]
  ↳ app/controllers/projects_controller.rb:7:in 'block in ProjectsController#index'
  Rendering layout layouts/application.html.erb
  Rendering projects/index.html.erb within layouts/application
  Rendered shared/_navbar.html.erb (Duration: 2.7ms | Allocations: 569)
  Rendered shared/_flash.html.erb (Duration: 1.1ms | Allocations: 147)
  Rendered projects/index.html.erb within layouts/application (Duration: 12.9ms | Allocations: 1462)
  Rendered layout layouts/application.html.erb (Duration: 14.8ms | Allocations: 2174)
Completed 200 OK in 1156ms (Views: 23.2ms | ActiveRecord: 9.3ms | Allocations: 18617)


Started GET "/projects/new" for 139.135.42.107 at 2026-03-24 00:51:42 +0500
Cannot render console from 139.135.42.107! Allowed networks: 127.0.0.0/127.255.255.255, ::1
Processing by ProjectsController#new as HTML
  [1m[36mUser Load (0.4ms)[0m  [1m[34mSELECT "users".* FROM "users" WHERE "users"."id" = $1 ORDER BY "users"."id" ASC LIMIT $2 /*application:CodeCritic,controller:projects,action:new*/[0m  [["id", 6], ["LIMIT", 1]]
  Rendering layout layouts/application.html.erb
  Rendering projects/new.html.erb within layouts/application
  Rendered shared/_navbar.html.erb (Duration: 0.8ms | Allocations: 317)
  Rendered shared/_flash.html.erb (Duration: 0.1ms | Allocations: 19)
  Rendered projects/new.html.erb within layouts/application (Duration: 11.4ms | Allocations: 1970)
  Rendered layout layouts/application.html.erb (Duration: 13.3ms | Allocations: 2637)
Completed 200 OK in 963ms (Views: 14.5ms | ActiveRecord: 5.5ms | Allocations: 6337)


Started GET "/projects/new" for 139.135.42.107 at 2026-03-24 00:51:44 +0500
Cannot render console from 139.135.42.107! Allowed networks: 127.0.0.0/127.255.255.255, ::1
Processing by ProjectsController#new as HTML
  [1m[36mUser Load (0.4ms)[0m  [1m[34mSELECT "users".* FROM "users" WHERE "users"."id" = $1 ORDER BY "users"."id" ASC LIMIT $2 /*application:CodeCritic,controller:projects,action:new*/[0m  [["id", 6], ["LIMIT", 1]]
  Rendering layout layouts/application.html.erb
  Rendering projects/new.html.erb within layouts/application
  Rendered shared/_navbar.html.erb (Duration: 0.7ms | Allocations: 317)
  Rendered shared/_flash.html.erb (Duration: 0.1ms | Allocations: 19)
  Rendered projects/new.html.erb within layouts/application (Duration: 4.0ms | Allocations: 1266)
  Rendered layout layouts/application.html.erb (Duration: 6.3ms | Allocations: 1933)
Completed 200 OK in 942ms (Views: 7.4ms | ActiveRecord: 0.4ms | Allocations: 3834)


Started GET "/projects" for 139.135.42.107 at 2026-03-24 00:52:26 +0500
Cannot render console from 139.135.42.107! Allowed networks: 127.0.0.0/127.255.255.255, ::1
Processing by ProjectsController#index as HTML
  [1m[36mUser Load (1.5ms)[0m  [1m[34mSELECT "users".* FROM "users" WHERE "users"."id" = $1 ORDER BY "users"."id" ASC LIMIT $2 /*application:CodeCritic,controller:projects,action:index*/[0m  [["id", 6], ["LIMIT", 1]]
  Rendering layout layouts/application.html.erb
  Rendering projects/index.html.erb within layouts/application
  Rendered shared/_navbar.html.erb (Duration: 1.5ms | Allocations: 308)
  Rendered shared/_flash.html.erb (Duration: 0.1ms | Allocations: 19)
  Rendered projects/index.html.erb within layouts/application (Duration: 27.9ms | Allocations: 556)
  Rendered layout layouts/application.html.erb (Duration: 46.6ms | Allocations: 1223)
Completed 200 OK in 2018ms (Views: 101.4ms | ActiveRecord: 1.5ms | Allocations: 3171)


Started GET "/projects/new" for 139.135.42.107 at 2026-03-24 00:52:34 +0500
Cannot render console from 139.135.42.107! Allowed networks: 127.0.0.0/127.255.255.255, ::1
Processing by ProjectsController#new as HTML
  [1m[36mUser Load (0.4ms)[0m  [1m[34mSELECT "users".* FROM "users" WHERE "users"."id" = $1 ORDER BY "users"."id" ASC LIMIT $2 /*application:CodeCritic,controller:projects,action:new*/[0m  [["id", 6], ["LIMIT", 1]]
  Rendering layout layouts/application.html.erb
  Rendering projects/new.html.erb within layouts/application
  Rendered shared/_navbar.html.erb (Duration: 0.9ms | Allocations: 317)
  Rendered shared/_flash.html.erb (Duration: 0.1ms | Allocations: 19)
  Rendered projects/new.html.erb within layouts/application (Duration: 5.9ms | Allocations: 1265)
  Rendered layout layouts/application.html.erb (Duration: 9.2ms | Allocations: 1932)
Completed 200 OK in 1684ms (Views: 10.9ms | ActiveRecord: 0.4ms | Allocations: 3839)


Started GET "/projects" for 139.135.42.107 at 2026-03-24 00:52:49 +0500
Cannot render console from 139.135.42.107! Allowed networks: 127.0.0.0/127.255.255.255, ::1
Processing by ProjectsController#index as HTML
Started GET "/projects/new" for 139.135.42.107 at 2026-03-24 00:52:51 +0500
Cannot render console from 139.135.42.107! Allowed networks: 127.0.0.0/127.255.255.255, ::1
Processing by ProjectsController#new as HTML
  [1m[36mUser Load (1.6ms)[0m  [1m[34mSELECT "users".* FROM "users" WHERE "users"."id" = $1 ORDER BY "users"."id" ASC LIMIT $2 /*application:CodeCritic,controller:projects,action:index*/[0m  [["id", 6], ["LIMIT", 1]]
  Rendering layout layouts/application.html.erb
  Rendering projects/index.html.erb within layouts/application
  Rendered shared/_navbar.html.erb (Duration: 1.2ms | Allocations: 308)
  Rendered shared/_flash.html.erb (Duration: 0.2ms | Allocations: 19)
  Rendered projects/index.html.erb within layouts/application (Duration: 8.1ms | Allocations: 556)
  Rendered layout layouts/application.html.erb (Duration: 13.7ms | Allocations: 1223)
Completed 200 OK in 2826ms (Views: 19.2ms | ActiveRecord: 1.6ms | Allocations: 5344)


  [1m[36mUser Load (0.4ms)[0m  [1m[34mSELECT "users".* FROM "users" WHERE "users"."id" = $1 ORDER BY "users"."id" ASC LIMIT $2 /*application:CodeCritic,controller:projects,action:new*/[0m  [["id", 6], ["LIMIT", 1]]
  Rendering layout layouts/application.html.erb
  Rendering projects/new.html.erb within layouts/application
  Rendered shared/_navbar.html.erb (Duration: 1.4ms | Allocations: 317)
  Rendered shared/_flash.html.erb (Duration: 0.1ms | Allocations: 19)
  Rendered projects/new.html.erb within layouts/application (Duration: 5.7ms | Allocations: 1265)
  Rendered layout layouts/application.html.erb (Duration: 9.3ms | Allocations: 1932)
Completed 200 OK in 2356ms (Views: 10.9ms | ActiveRecord: 0.4ms | Allocations: 7391)


Started GET "/projects/new" for 139.135.42.107 at 2026-03-24 00:52:57 +0500
Cannot render console from 139.135.42.107! Allowed networks: 127.0.0.0/127.255.255.255, ::1
Processing by ProjectsController#new as HTML
  [1m[36mUser Load (0.5ms)[0m  [1m[34mSELECT "users".* FROM "users" WHERE "users"."id" = $1 ORDER BY "users"."id" ASC LIMIT $2 /*application:CodeCritic,controller:projects,action:new*/[0m  [["id", 6], ["LIMIT", 1]]
  Rendering layout layouts/application.html.erb
  Rendering projects/new.html.erb within layouts/application
  Rendered shared/_navbar.html.erb (Duration: 1.0ms | Allocations: 317)
  Rendered shared/_flash.html.erb (Duration: 0.1ms | Allocations: 19)
  Rendered projects/new.html.erb within layouts/application (Duration: 6.8ms | Allocations: 1265)
  Rendered layout layouts/application.html.erb (Duration: 9.9ms | Allocations: 1932)
Completed 200 OK in 1814ms (Views: 11.9ms | ActiveRecord: 0.5ms | Allocations: 3834)


Started POST "/projects" for 139.135.42.107 at 2026-03-24 00:53:09 +0500
Cannot render console from 139.135.42.107! Allowed networks: 127.0.0.0/127.255.255.255, ::1
Processing by ProjectsController#create as TURBO_STREAM
  Parameters: {"authenticity_token" => "[FILTERED]", "project" => {"name" => "DataBase", "description" => ""}, "commit" => "Create Project"}
  [1m[36mUser Load (0.4ms)[0m  [1m[34mSELECT "users".* FROM "users" WHERE "users"."id" = $1 ORDER BY "users"."id" ASC LIMIT $2 /*application:CodeCritic,controller:projects,action:create*/[0m  [["id", 6], ["LIMIT", 1]]
  Rendering layout layouts/application.html.erb
  Rendering projects/new.html.erb within layouts/application
  Rendered shared/_navbar.html.erb (Duration: 0.9ms | Allocations: 307)
  Rendered shared/_flash.html.erb (Duration: 0.1ms | Allocations: 19)
  Rendered projects/new.html.erb within layouts/application (Duration: 6.4ms | Allocations: 2599)
  Rendered layout layouts/application.html.erb (Duration: 9.6ms | Allocations: 3266)
Completed 422 Unprocessable Entity in 2303ms (Views: 11.4ms | ActiveRecord: 0.4ms | Allocations: 15602)


Started DELETE "/users/sign_out" for 139.135.42.107 at 2026-03-24 00:53:55 +0500
Cannot render console from 139.135.42.107! Allowed networks: 127.0.0.0/127.255.255.255, ::1
Processing by Devise::SessionsController#destroy as TURBO_STREAM
  Parameters: {"authenticity_token" => "[FILTERED]"}
  [1m[36mUser Load (0.4ms)[0m  [1m[34mSELECT "users".* FROM "users" WHERE "users"."id" = $1 ORDER BY "users"."id" ASC LIMIT $2 /*application:CodeCritic,controller:sessions,action:destroy*/[0m  [["id", 6], ["LIMIT", 1]]
Redirected to https://hawaii-commitments-jurisdiction-moms.trycloudflare.com/
Completed 303 See Other in 2211ms (ActiveRecord: 0.4ms | Allocations: 11390)


Started GET "/" for 139.135.42.107 at 2026-03-24 00:54:00 +0500
Cannot render console from 139.135.42.107! Allowed networks: 127.0.0.0/127.255.255.255, ::1
Processing by ProjectsController#index as TURBO_STREAM
Completed 401 Unauthorized in 1921ms (ActiveRecord: 0.0ms | Allocations: 338)


Started GET "/users/sign_in" for 139.135.42.107 at 2026-03-24 00:54:05 +0500
Cannot render console from 139.135.42.107! Allowed networks: 127.0.0.0/127.255.255.255, ::1
Processing by Devise::SessionsController#new as TURBO_STREAM
  Rendering layout layouts/application.html.erb
  Rendering devise/sessions/new.html.erb within layouts/application
  Rendered devise/sessions/new.html.erb within layouts/application (Duration: 3.7ms | Allocations: 1080)
  Rendered layout layouts/application.html.erb (Duration: 7.7ms | Allocations: 1748)
Completed 200 OK in 1881ms (Views: 9.7ms | ActiveRecord: 0.0ms | Allocations: 2416)


Started POST "/users/sign_in" for 139.135.42.107 at 2026-03-24 00:56:22 +0500
Cannot render console from 139.135.42.107! Allowed networks: 127.0.0.0/127.255.255.255, ::1
Processing by Devise::SessionsController#create as TURBO_STREAM
  Parameters: {"authenticity_token" => "[FILTERED]", "user" => {"email" => "[FILTERED]", "password" => "[FILTERED]", "remember_me" => "0"}, "commit" => "Sign in"}
  [1m[36mUser Load (0.6ms)[0m  [1m[34mSELECT "users".* FROM "users" WHERE "users"."email" = $1 ORDER BY "users"."id" ASC LIMIT $2 /*application:CodeCritic,controller:sessions,action:create*/[0m  [["email", "[FILTERED]"], ["LIMIT", 1]]
Redirected to https://hawaii-commitments-jurisdiction-moms.trycloudflare.com/
Completed 303 See Other in 2471ms (ActiveRecord: 0.6ms | Allocations: 11557)


Started GET "/" for 139.135.42.107 at 2026-03-24 00:56:27 +0500
Cannot render console from 139.135.42.107! Allowed networks: 127.0.0.0/127.255.255.255, ::1
Processing by ProjectsController#index as TURBO_STREAM
  [1m[36mUser Load (0.4ms)[0m  [1m[34mSELECT "users".* FROM "users" WHERE "users"."id" = $1 ORDER BY "users"."id" ASC LIMIT $2 /*application:CodeCritic,controller:projects,action:index*/[0m  [["id", 6], ["LIMIT", 1]]
  Rendering layout layouts/application.html.erb
  Rendering projects/index.html.erb within layouts/application
  Rendered shared/_navbar.html.erb (Duration: 1.6ms | Allocations: 312)
  Rendered shared/_flash.html.erb (Duration: 0.2ms | Allocations: 22)
  Rendered projects/index.html.erb within layouts/application (Duration: 3.9ms | Allocations: 570)
  Rendered layout layouts/application.html.erb (Duration: 6.8ms | Allocations: 1238)
Completed 200 OK in 2177ms (Views: 8.6ms | ActiveRecord: 0.4ms | Allocations: 3171)


Started GET "/projects/new" for 139.135.42.107 at 2026-03-24 00:56:34 +0500
Cannot render console from 139.135.42.107! Allowed networks: 127.0.0.0/127.255.255.255, ::1
Processing by ProjectsController#new as HTML
  [1m[36mUser Load (0.4ms)[0m  [1m[34mSELECT "users".* FROM "users" WHERE "users"."id" = $1 ORDER BY "users"."id" ASC LIMIT $2 /*application:CodeCritic,controller:projects,action:new*/[0m  [["id", 6], ["LIMIT", 1]]
  Rendering layout layouts/application.html.erb
  Rendering projects/new.html.erb within layouts/application
  Rendered shared/_navbar.html.erb (Duration: 1.8ms | Allocations: 317)
  Rendered shared/_flash.html.erb (Duration: 0.1ms | Allocations: 19)
  Rendered projects/new.html.erb within layouts/application (Duration: 7.0ms | Allocations: 1265)
  Rendered layout layouts/application.html.erb (Duration: 9.6ms | Allocations: 1932)
Completed 200 OK in 2010ms (Views: 11.2ms | ActiveRecord: 0.4ms | Allocations: 3821)


Started POST "/projects" for 139.135.42.107 at 2026-03-24 00:56:48 +0500
Cannot render console from 139.135.42.107! Allowed networks: 127.0.0.0/127.255.255.255, ::1
Processing by ProjectsController#create as TURBO_STREAM
  Parameters: {"authenticity_token" => "[FILTERED]", "project" => {"name" => "DataBase", "description" => "DB"}, "commit" => "Create Project"}
  [1m[36mUser Load (0.6ms)[0m  [1m[34mSELECT "users".* FROM "users" WHERE "users"."id" = $1 ORDER BY "users"."id" ASC LIMIT $2 /*application:CodeCritic,controller:projects,action:create*/[0m  [["id", 6], ["LIMIT", 1]]
  [1m[36mTRANSACTION (0.4ms)[0m  [1m[35mBEGIN /*application:CodeCritic,controller:projects,action:create*/[0m
  ↳ app/controllers/projects_controller.rb:21:in 'ProjectsController#create'
  [1m[36mProject Create (21.2ms)[0m  [1m[32mINSERT INTO "projects" ("name", "description", "user_id", "created_at", "updated_at") VALUES ($1, $2, $3, $4, $5) RETURNING "id" /*application:CodeCritic,controller:projects,action:create*/[0m  [["name", "DataBase"], ["description", "DB"], ["user_id", 6], ["created_at", "2026-03-23 19:56:50.819733"], ["updated_at", "2026-03-23 19:56:50.819733"]]
  ↳ app/controllers/projects_controller.rb:21:in 'ProjectsController#create'
  [1m[36mTRANSACTION (1.4ms)[0m  [1m[35mCOMMIT /*application:CodeCritic,controller:projects,action:create*/[0m
  ↳ app/controllers/projects_controller.rb:21:in 'ProjectsController#create'
Redirected to https://hawaii-commitments-jurisdiction-moms.trycloudflare.com/projects/5
Completed 302 Found in 1906ms (ActiveRecord: 23.6ms | Allocations: 4622)


Started GET "/projects/5" for 139.135.42.107 at 2026-03-24 00:56:53 +0500
Cannot render console from 139.135.42.107! Allowed networks: 127.0.0.0/127.255.255.255, ::1
Processing by ProjectsController#show as TURBO_STREAM
  Parameters: {"id" => "5"}
  [1m[36mUser Load (0.4ms)[0m  [1m[34mSELECT "users".* FROM "users" WHERE "users"."id" = $1 ORDER BY "users"."id" ASC LIMIT $2 /*application:CodeCritic,controller:projects,action:show*/[0m  [["id", 6], ["LIMIT", 1]]
  ↳ app/controllers/projects_controller.rb:47:in 'ProjectsController#set_project'
  [1m[36mProject Load (0.5ms)[0m  [1m[34mSELECT "projects".* FROM "projects" WHERE "projects"."user_id" = $1 AND "projects"."id" = $2 LIMIT $3 /*application:CodeCritic,controller:projects,action:show*/[0m  [["user_id", 6], ["id", 5], ["LIMIT", 1]]
  ↳ app/controllers/projects_controller.rb:47:in 'ProjectsController#set_project'
  Rendering layout layouts/application.html.erb
  Rendering projects/show.html.erb within layouts/application
  Rendered shared/_navbar.html.erb (Duration: 1.1ms | Allocations: 308)
  Rendered shared/_flash.html.erb (Duration: 0.2ms | Allocations: 22)
  [1m[36mCodeFile Count (5.1ms)[0m  [1m[34mSELECT COUNT(*) FROM "code_files" WHERE "code_files"."project_id" = $1 /*application:CodeCritic,controller:projects,action:show*/[0m  [["project_id", 5]]
  ↳ app/views/projects/show.html.erb:39:in '_app_views_projects_show_html_erb___247798175_13408'
  [1m[36mCACHE CodeFile Count (0.0ms)[0m  [1m[34mSELECT COUNT(*) FROM "code_files" WHERE "code_files"."project_id" = $1[0m  [["project_id", 5]]
  ↳ app/views/projects/show.html.erb:64:in '_app_views_projects_show_html_erb___247798175_13408'
  [1m[36mCodeFile Exists? (0.7ms)[0m  [1m[34mSELECT 1 AS one FROM "code_files" WHERE "code_files"."project_id" = $1 LIMIT $2 /*application:CodeCritic,controller:projects,action:show*/[0m  [["project_id", 5], ["LIMIT", 1]]
  ↳ app/views/projects/show.html.erb:67:in '_app_views_projects_show_html_erb___247798175_13408'
  Rendered projects/show.html.erb within layouts/application (Duration: 406.9ms | Allocations: 15977)
  Rendered layout layouts/application.html.erb (Duration: 409.7ms | Allocations: 16645)
Completed 200 OK in 2288ms (Views: 404.0ms | ActiveRecord: 8.4ms | Allocations: 19219)


Started GET "/projects/5/code_files/new" for 139.135.42.107 at 2026-03-24 00:57:04 +0500
Cannot render console from 139.135.42.107! Allowed networks: 127.0.0.0/127.255.255.255, ::1
Processing by CodeFilesController#new as HTML
  Parameters: {"project_id" => "5"}
  [1m[36mUser Load (0.4ms)[0m  [1m[34mSELECT "users".* FROM "users" WHERE "users"."id" = $1 ORDER BY "users"."id" ASC LIMIT $2 /*application:CodeCritic,controller:code_files,action:new*/[0m  [["id", 6], ["LIMIT", 1]]
  ↳ app/controllers/code_files_controller.rb:45:in 'CodeFilesController#set_project'
  [1m[36mProject Load (0.5ms)[0m  [1m[34mSELECT "projects".* FROM "projects" WHERE "projects"."user_id" = $1 AND "projects"."id" = $2 LIMIT $3 /*application:CodeCritic,controller:code_files,action:new*/[0m  [["user_id", 6], ["id", 5], ["LIMIT", 1]]
  ↳ app/controllers/code_files_controller.rb:45:in 'CodeFilesController#set_project'
  Rendering layout layouts/application.html.erb
  Rendering code_files/new.html.erb within layouts/application
  Rendered shared/_navbar.html.erb (Duration: 1.0ms | Allocations: 365)
  Rendered shared/_flash.html.erb (Duration: 0.2ms | Allocations: 22)
  Rendered code_files/new.html.erb within layouts/application (Duration: 29.4ms | Allocations: 2687)
  Rendered layout layouts/application.html.erb (Duration: 32.3ms | Allocations: 3396)
Completed 200 OK in 1942ms (Views: 52.1ms | ActiveRecord: 2.7ms | Allocations: 8880)


Started POST "/projects/5/code_files" for 139.135.42.107 at 2026-03-24 00:57:32 +0500
Cannot render console from 139.135.42.107! Allowed networks: 127.0.0.0/127.255.255.255, ::1
Processing by CodeFilesController#create as TURBO_STREAM
  Parameters: {"authenticity_token" => "[FILTERED]", "code_file" => {"language" => "", "content" => ""}, "commit" => "Add File", "project_id" => "5"}
  [1m[36mUser Load (0.4ms)[0m  [1m[34mSELECT "users".* FROM "users" WHERE "users"."id" = $1 ORDER BY "users"."id" ASC LIMIT $2 /*application:CodeCritic,controller:code_files,action:create*/[0m  [["id", 6], ["LIMIT", 1]]
  ↳ app/controllers/code_files_controller.rb:45:in 'CodeFilesController#set_project'
  [1m[36mProject Load (0.4ms)[0m  [1m[34mSELECT "projects".* FROM "projects" WHERE "projects"."user_id" = $1 AND "projects"."id" = $2 LIMIT $3 /*application:CodeCritic,controller:code_files,action:create*/[0m  [["user_id", 6], ["id", 5], ["LIMIT", 1]]
  ↳ app/controllers/code_files_controller.rb:45:in 'CodeFilesController#set_project'
  [1m[36mTRANSACTION (0.2ms)[0m  [1m[35mBEGIN /*application:CodeCritic,controller:code_files,action:create*/[0m
  ↳ app/models/code_file.rb:21:in 'CodeFile#acceptable_file'
  [1m[36mTRANSACTION (0.3ms)[0m  [1m[31mROLLBACK /*application:CodeCritic,controller:code_files,action:create*/[0m
  ↳ app/controllers/code_files_controller.rb:18:in 'CodeFilesController#create'
  Rendering layout layouts/application.html.erb
  Rendering code_files/new.html.erb within layouts/application
  Rendered shared/_navbar.html.erb (Duration: 0.5ms | Allocations: 307)
  Rendered shared/_flash.html.erb (Duration: 0.1ms | Allocations: 19)
  Rendered code_files/new.html.erb within layouts/application (Duration: 7.6ms | Allocations: 3057)
  Rendered layout layouts/application.html.erb (Duration: 9.8ms | Allocations: 3724)
Completed 422 Unprocessable Entity in 1025ms (Views: 11.6ms | ActiveRecord: 2.9ms | Allocations: 10366)


Started GET "/projects/5" for 139.135.42.107 at 2026-03-24 00:57:52 +0500
Cannot render console from 139.135.42.107! Allowed networks: 127.0.0.0/127.255.255.255, ::1
Processing by ProjectsController#show as HTML
  Parameters: {"id" => "5"}
  [1m[36mUser Load (0.5ms)[0m  [1m[34mSELECT "users".* FROM "users" WHERE "users"."id" = $1 ORDER BY "users"."id" ASC LIMIT $2 /*application:CodeCritic,controller:projects,action:show*/[0m  [["id", 6], ["LIMIT", 1]]
  ↳ app/controllers/projects_controller.rb:47:in 'ProjectsController#set_project'
  [1m[36mProject Load (0.4ms)[0m  [1m[34mSELECT "projects".* FROM "projects" WHERE "projects"."user_id" = $1 AND "projects"."id" = $2 LIMIT $3 /*application:CodeCritic,controller:projects,action:show*/[0m  [["user_id", 6], ["id", 5], ["LIMIT", 1]]
  ↳ app/controllers/projects_controller.rb:47:in 'ProjectsController#set_project'
  Rendering layout layouts/application.html.erb
  Rendering projects/show.html.erb within layouts/application
  Rendered shared/_navbar.html.erb (Duration: 0.8ms | Allocations: 308)
  Rendered shared/_flash.html.erb (Duration: 0.1ms | Allocations: 19)
  [1m[36mCodeFile Count (0.5ms)[0m  [1m[34mSELECT COUNT(*) FROM "code_files" WHERE "code_files"."project_id" = $1 /*application:CodeCritic,controller:projects,action:show*/[0m  [["project_id", 5]]
  ↳ app/views/projects/show.html.erb:39:in '_app_views_projects_show_html_erb___247798175_13408'
  [1m[36mCACHE CodeFile Count (0.0ms)[0m  [1m[34mSELECT COUNT(*) FROM "code_files" WHERE "code_files"."project_id" = $1[0m  [["project_id", 5]]
  ↳ app/views/projects/show.html.erb:64:in '_app_views_projects_show_html_erb___247798175_13408'
  [1m[36mCodeFile Exists? (0.4ms)[0m  [1m[34mSELECT 1 AS one FROM "code_files" WHERE "code_files"."project_id" = $1 LIMIT $2 /*application:CodeCritic,controller:projects,action:show*/[0m  [["project_id", 5], ["LIMIT", 1]]
  ↳ app/views/projects/show.html.erb:67:in '_app_views_projects_show_html_erb___247798175_13408'
  Rendered projects/show.html.erb within layouts/application (Duration: 22.4ms | Allocations: 3039)
  Rendered layout layouts/application.html.erb (Duration: 25.9ms | Allocations: 3706)
Completed 200 OK in 1969ms (Views: 32.5ms | ActiveRecord: 1.8ms | Allocations: 6092)


Started GET "/projects/5" for 139.135.42.107 at 2026-03-24 01:01:09 +0500
Cannot render console from 139.135.42.107! Allowed networks: 127.0.0.0/127.255.255.255, ::1
Processing by ProjectsController#show as HTML
  Parameters: {"id" => "5"}
  [1m[36mUser Load (1.0ms)[0m  [1m[34mSELECT "users".* FROM "users" WHERE "users"."id" = $1 ORDER BY "users"."id" ASC LIMIT $2 /*application:CodeCritic,controller:projects,action:show*/[0m  [["id", 6], ["LIMIT", 1]]
  ↳ app/controllers/projects_controller.rb:47:in 'ProjectsController#set_project'
  [1m[36mProject Load (0.4ms)[0m  [1m[34mSELECT "projects".* FROM "projects" WHERE "projects"."user_id" = $1 AND "projects"."id" = $2 LIMIT $3 /*application:CodeCritic,controller:projects,action:show*/[0m  [["user_id", 6], ["id", 5], ["LIMIT", 1]]
  ↳ app/controllers/projects_controller.rb:47:in 'ProjectsController#set_project'
  Rendering layout layouts/application.html.erb
  Rendering projects/show.html.erb within layouts/application
  Rendered shared/_navbar.html.erb (Duration: 0.9ms | Allocations: 308)
  Rendered shared/_flash.html.erb (Duration: 0.1ms | Allocations: 19)
  [1m[36mCodeFile Count (0.5ms)[0m  [1m[34mSELECT COUNT(*) FROM "code_files" WHERE "code_files"."project_id" = $1 /*application:CodeCritic,controller:projects,action:show*/[0m  [["project_id", 5]]
  ↳ app/views/projects/show.html.erb:39:in '_app_views_projects_show_html_erb___247798175_13408'
  [1m[36mCACHE CodeFile Count (0.0ms)[0m  [1m[34mSELECT COUNT(*) FROM "code_files" WHERE "code_files"."project_id" = $1[0m  [["project_id", 5]]
  ↳ app/views/projects/show.html.erb:64:in '_app_views_projects_show_html_erb___247798175_13408'
  [1m[36mCodeFile Exists? (0.7ms)[0m  [1m[34mSELECT 1 AS one FROM "code_files" WHERE "code_files"."project_id" = $1 LIMIT $2 /*application:CodeCritic,controller:projects,action:show*/[0m  [["project_id", 5], ["LIMIT", 1]]
  ↳ app/views/projects/show.html.erb:67:in '_app_views_projects_show_html_erb___247798175_13408'
  Rendered projects/show.html.erb within layouts/application (Duration: 12.8ms | Allocations: 3035)
  Rendered layout layouts/application.html.erb (Duration: 14.6ms | Allocations: 3702)
Completed 200 OK in 983ms (Views: 14.5ms | ActiveRecord: 2.6ms | Allocations: 6085)


Started GET "/projects/5/edit" for 139.135.42.107 at 2026-03-24 01:01:17 +0500
Cannot render console from 139.135.42.107! Allowed networks: 127.0.0.0/127.255.255.255, ::1
Processing by ProjectsController#edit as HTML
  Parameters: {"id" => "5"}
  [1m[36mUser Load (0.3ms)[0m  [1m[34mSELECT "users".* FROM "users" WHERE "users"."id" = $1 ORDER BY "users"."id" ASC LIMIT $2 /*application:CodeCritic,controller:projects,action:edit*/[0m  [["id", 6], ["LIMIT", 1]]
  Rendering layout layouts/application.html.erb
  Rendering projects/edit.html.erb within layouts/application
  Rendered shared/_navbar.html.erb (Duration: 0.5ms | Allocations: 317)
  Rendered shared/_flash.html.erb (Duration: 0.1ms | Allocations: 19)
  Rendered projects/edit.html.erb within layouts/application (Duration: 5.5ms | Allocations: 1952)
  Rendered layout layouts/application.html.erb (Duration: 6.3ms | Allocations: 2033)
Completed 500 Internal Server Error in 959ms (ActiveRecord: 0.3ms | Allocations: 3964)


  
ActionView::Template::Error (undefined method 'name' for nil):
    11:       <svg class="w-3.5 h-3.5" fill="none" stroke="currentColor" viewBox="0 0 24 24">
    12:         <path stroke-linecap="round" stroke-linejoin="round" stroke-width="2" d="M9 5l7 7-7 7"/>
    13:       </svg>
    14:       <%= link_to @project.name, project_path(@project), class: "hover:text-zinc-400 transition-colors" %>
    15:       <svg class="w-3.5 h-3.5" fill="none" stroke="currentColor" viewBox="0 0 24 24">
    16:         <path stroke-linecap="round" stroke-linejoin="round" stroke-width="2" d="M9 5l7 7-7 7"/>
    17:       </svg>
  
app/views/projects/edit.html.erb:14:in '_app_views_projects_edit_html_erb___851305361_13560'
Started GET "/projects/5/edit" for 139.135.42.107 at 2026-03-24 01:01:21 +0500
Cannot render console from 139.135.42.107! Allowed networks: 127.0.0.0/127.255.255.255, ::1
Processing by ProjectsController#edit as HTML
  Parameters: {"id" => "5"}
  [1m[36mUser Load (0.4ms)[0m  [1m[34mSELECT "users".* FROM "users" WHERE "users"."id" = $1 ORDER BY "users"."id" ASC LIMIT $2 /*application:CodeCritic,controller:projects,action:edit*/[0m  [["id", 6], ["LIMIT", 1]]
  Rendering layout layouts/application.html.erb
  Rendering projects/edit.html.erb within layouts/application
  Rendered shared/_navbar.html.erb (Duration: 0.5ms | Allocations: 317)
  Rendered shared/_flash.html.erb (Duration: 0.1ms | Allocations: 19)
  Rendered projects/edit.html.erb within layouts/application (Duration: 3.9ms | Allocations: 1606)
  Rendered layout layouts/application.html.erb (Duration: 4.8ms | Allocations: 1687)
Completed 500 Internal Server Error in 980ms (ActiveRecord: 0.4ms | Allocations: 3538)


  
ActionView::Template::Error (undefined method 'name' for nil):
    11:       <svg class="w-3.5 h-3.5" fill="none" stroke="currentColor" viewBox="0 0 24 24">
    12:         <path stroke-linecap="round" stroke-linejoin="round" stroke-width="2" d="M9 5l7 7-7 7"/>
    13:       </svg>
    14:       <%= link_to @project.name, project_path(@project), class: "hover:text-zinc-400 transition-colors" %>
    15:       <svg class="w-3.5 h-3.5" fill="none" stroke="currentColor" viewBox="0 0 24 24">
    16:         <path stroke-linecap="round" stroke-linejoin="round" stroke-width="2" d="M9 5l7 7-7 7"/>
    17:       </svg>
  
app/views/projects/edit.html.erb:14:in '_app_views_projects_edit_html_erb___851305361_13560'
Started GET "/projects/5" for 139.135.42.107 at 2026-03-24 01:01:40 +0500
Cannot render console from 139.135.42.107! Allowed networks: 127.0.0.0/127.255.255.255, ::1
Processing by ProjectsController#show as HTML
  Parameters: {"id" => "5"}
  [1m[36mUser Load (0.4ms)[0m  [1m[34mSELECT "users".* FROM "users" WHERE "users"."id" = $1 ORDER BY "users"."id" ASC LIMIT $2 /*application:CodeCritic,controller:projects,action:show*/[0m  [["id", 6], ["LIMIT", 1]]
  ↳ app/controllers/projects_controller.rb:47:in 'ProjectsController#set_project'
  [1m[36mProject Load (0.4ms)[0m  [1m[34mSELECT "projects".* FROM "projects" WHERE "projects"."user_id" = $1 AND "projects"."id" = $2 LIMIT $3 /*application:CodeCritic,controller:projects,action:show*/[0m  [["user_id", 6], ["id", 5], ["LIMIT", 1]]
  ↳ app/controllers/projects_controller.rb:47:in 'ProjectsController#set_project'
  Rendering layout layouts/application.html.erb
  Rendering projects/show.html.erb within layouts/application
  Rendered shared/_navbar.html.erb (Duration: 0.8ms | Allocations: 308)
  Rendered shared/_flash.html.erb (Duration: 0.1ms | Allocations: 19)
  [1m[36mCodeFile Count (0.4ms)[0m  [1m[34mSELECT COUNT(*) FROM "code_files" WHERE "code_files"."project_id" = $1 /*application:CodeCritic,controller:projects,action:show*/[0m  [["project_id", 5]]
  ↳ app/views/projects/show.html.erb:39:in '_app_views_projects_show_html_erb___247798175_13408'
  [1m[36mCACHE CodeFile Count (0.0ms)[0m  [1m[34mSELECT COUNT(*) FROM "code_files" WHERE "code_files"."project_id" = $1[0m  [["project_id", 5]]
  ↳ app/views/projects/show.html.erb:64:in '_app_views_projects_show_html_erb___247798175_13408'
  [1m[36mCodeFile Exists? (1.0ms)[0m  [1m[34mSELECT 1 AS one FROM "code_files" WHERE "code_files"."project_id" = $1 LIMIT $2 /*application:CodeCritic,controller:projects,action:show*/[0m  [["project_id", 5], ["LIMIT", 1]]
  ↳ app/views/projects/show.html.erb:67:in '_app_views_projects_show_html_erb___247798175_13408'
  Rendered projects/show.html.erb within layouts/application (Duration: 13.3ms | Allocations: 3035)
  Rendered layout layouts/application.html.erb (Duration: 15.2ms | Allocations: 3702)
Completed 200 OK in 1114ms (Views: 15.0ms | ActiveRecord: 2.3ms | Allocations: 6090)


Started GET "/projects/5/code_files/new" for 139.135.42.107 at 2026-03-24 01:01:53 +0500
Cannot render console from 139.135.42.107! Allowed networks: 127.0.0.0/127.255.255.255, ::1
Processing by CodeFilesController#new as HTML
  Parameters: {"project_id" => "5"}
  [1m[36mUser Load (0.4ms)[0m  [1m[34mSELECT "users".* FROM "users" WHERE "users"."id" = $1 ORDER BY "users"."id" ASC LIMIT $2 /*application:CodeCritic,controller:code_files,action:new*/[0m  [["id", 6], ["LIMIT", 1]]
  ↳ app/controllers/code_files_controller.rb:45:in 'CodeFilesController#set_project'
  [1m[36mProject Load (0.4ms)[0m  [1m[34mSELECT "projects".* FROM "projects" WHERE "projects"."user_id" = $1 AND "projects"."id" = $2 LIMIT $3 /*application:CodeCritic,controller:code_files,action:new*/[0m  [["user_id", 6], ["id", 5], ["LIMIT", 1]]
  ↳ app/controllers/code_files_controller.rb:45:in 'CodeFilesController#set_project'
  Rendering layout layouts/application.html.erb
  Rendering code_files/new.html.erb within layouts/application
  Rendered shared/_navbar.html.erb (Duration: 0.6ms | Allocations: 308)
  Rendered shared/_flash.html.erb (Duration: 0.1ms | Allocations: 19)
  Rendered code_files/new.html.erb within layouts/application (Duration: 4.0ms | Allocations: 1711)
  Rendered layout layouts/application.html.erb (Duration: 5.4ms | Allocations: 2378)
Completed 200 OK in 999ms (Views: 6.6ms | ActiveRecord: 0.8ms | Allocations: 4905)


Started GET "/projects/5/code_files/new" for 139.135.42.107 at 2026-03-24 01:01:56 +0500
Cannot render console from 139.135.42.107! Allowed networks: 127.0.0.0/127.255.255.255, ::1
Processing by CodeFilesController#new as HTML
  Parameters: {"project_id" => "5"}
  [1m[36mUser Load (0.4ms)[0m  [1m[34mSELECT "users".* FROM "users" WHERE "users"."id" = $1 ORDER BY "users"."id" ASC LIMIT $2 /*application:CodeCritic,controller:code_files,action:new*/[0m  [["id", 6], ["LIMIT", 1]]
  ↳ app/controllers/code_files_controller.rb:45:in 'CodeFilesController#set_project'
  [1m[36mProject Load (0.4ms)[0m  [1m[34mSELECT "projects".* FROM "projects" WHERE "projects"."user_id" = $1 AND "projects"."id" = $2 LIMIT $3 /*application:CodeCritic,controller:code_files,action:new*/[0m  [["user_id", 6], ["id", 5], ["LIMIT", 1]]
  ↳ app/controllers/code_files_controller.rb:45:in 'CodeFilesController#set_project'
  Rendering layout layouts/application.html.erb
  Rendering code_files/new.html.erb within layouts/application
  Rendered shared/_navbar.html.erb (Duration: 1.4ms | Allocations: 308)
  Rendered shared/_flash.html.erb (Duration: 0.1ms | Allocations: 19)
  Rendered code_files/new.html.erb within layouts/application (Duration: 6.0ms | Allocations: 1711)
  Rendered layout layouts/application.html.erb (Duration: 7.7ms | Allocations: 2378)
Completed 200 OK in 915ms (Views: 8.8ms | ActiveRecord: 0.8ms | Allocations: 4897)


Started DELETE "/users/sign_out" for 139.135.42.107 at 2026-03-24 01:02:07 +0500
Cannot render console from 139.135.42.107! Allowed networks: 127.0.0.0/127.255.255.255, ::1
Processing by Devise::SessionsController#destroy as TURBO_STREAM
  Parameters: {"authenticity_token" => "[FILTERED]"}
  [1m[36mUser Load (0.4ms)[0m  [1m[34mSELECT "users".* FROM "users" WHERE "users"."id" = $1 ORDER BY "users"."id" ASC LIMIT $2 /*application:CodeCritic,controller:sessions,action:destroy*/[0m  [["id", 6], ["LIMIT", 1]]
Redirected to https://hawaii-commitments-jurisdiction-moms.trycloudflare.com/
Completed 303 See Other in 906ms (ActiveRecord: 0.4ms | Allocations: 2035)


Started GET "/" for 139.135.42.107 at 2026-03-24 01:02:10 +0500
Cannot render console from 139.135.42.107! Allowed networks: 127.0.0.0/127.255.255.255, ::1
Processing by ProjectsController#index as TURBO_STREAM
Completed 401 Unauthorized in 889ms (ActiveRecord: 0.0ms | Allocations: 325)


Started GET "/users/sign_in" for 139.135.42.107 at 2026-03-24 01:02:13 +0500
Cannot render console from 139.135.42.107! Allowed networks: 127.0.0.0/127.255.255.255, ::1
Processing by Devise::SessionsController#new as TURBO_STREAM
  Rendering layout layouts/application.html.erb
  Rendering devise/sessions/new.html.erb within layouts/application
  Rendered devise/sessions/new.html.erb within layouts/application (Duration: 1.9ms | Allocations: 1079)
  Rendered layout layouts/application.html.erb (Duration: 3.3ms | Allocations: 1747)
Completed 200 OK in 995ms (Views: 4.6ms | ActiveRecord: 0.0ms | Allocations: 2401)


Started POST "/users/sign_in" for 139.135.42.107 at 2026-03-24 01:02:42 +0500
Cannot render console from 139.135.42.107! Allowed networks: 127.0.0.0/127.255.255.255, ::1
Processing by Devise::SessionsController#create as TURBO_STREAM
  Parameters: {"authenticity_token" => "[FILTERED]", "user" => {"email" => "[FILTERED]", "password" => "[FILTERED]", "remember_me" => "0"}, "commit" => "Sign in"}
  [1m[36mUser Load (0.4ms)[0m  [1m[34mSELECT "users".* FROM "users" WHERE "users"."email" = $1 ORDER BY "users"."id" ASC LIMIT $2 /*application:CodeCritic,controller:sessions,action:create*/[0m  [["email", "[FILTERED]"], ["LIMIT", 1]]
Redirected to https://hawaii-commitments-jurisdiction-moms.trycloudflare.com/
Completed 303 See Other in 1305ms (ActiveRecord: 0.4ms | Allocations: 2578)


Started GET "/" for 139.135.42.107 at 2026-03-24 01:02:45 +0500
Cannot render console from 139.135.42.107! Allowed networks: 127.0.0.0/127.255.255.255, ::1
Processing by ProjectsController#index as TURBO_STREAM
  [1m[36mUser Load (0.4ms)[0m  [1m[34mSELECT "users".* FROM "users" WHERE "users"."id" = $1 ORDER BY "users"."id" ASC LIMIT $2 /*application:CodeCritic,controller:projects,action:index*/[0m  [["id", 6], ["LIMIT", 1]]
  Rendering layout layouts/application.html.erb
  Rendering projects/index.html.erb within layouts/application
  Rendered shared/_navbar.html.erb (Duration: 0.5ms | Allocations: 311)
  Rendered shared/_flash.html.erb (Duration: 0.1ms | Allocations: 22)
  Rendered projects/index.html.erb within layouts/application (Duration: 1.9ms | Allocations: 569)
  Rendered layout layouts/application.html.erb (Duration: 3.8ms | Allocations: 1237)
Completed 200 OK in 1208ms (Views: 5.0ms | ActiveRecord: 0.4ms | Allocations: 3173)


Started GET "/projects/new" for 139.135.42.107 at 2026-03-24 01:02:49 +0500
Cannot render console from 139.135.42.107! Allowed networks: 127.0.0.0/127.255.255.255, ::1
Processing by ProjectsController#new as HTML
  [1m[36mUser Load (0.2ms)[0m  [1m[34mSELECT "users".* FROM "users" WHERE "users"."id" = $1 ORDER BY "users"."id" ASC LIMIT $2 /*application:CodeCritic,controller:projects,action:new*/[0m  [["id", 6], ["LIMIT", 1]]
  Rendering layout layouts/application.html.erb
  Rendering projects/new.html.erb within layouts/application
  Rendered shared/_navbar.html.erb (Duration: 0.5ms | Allocations: 317)
  Rendered shared/_flash.html.erb (Duration: 0.1ms | Allocations: 19)
  Rendered projects/new.html.erb within layouts/application (Duration: 2.6ms | Allocations: 1265)
  Rendered layout layouts/application.html.erb (Duration: 4.1ms | Allocations: 1932)
Completed 200 OK in 1129ms (Views: 5.1ms | ActiveRecord: 0.2ms | Allocations: 3821)


Started GET "/projects/new" for 139.135.42.107 at 2026-03-24 01:02:52 +0500
Cannot render console from 139.135.42.107! Allowed networks: 127.0.0.0/127.255.255.255, ::1
Processing by ProjectsController#new as HTML
  [1m[36mUser Load (0.3ms)[0m  [1m[34mSELECT "users".* FROM "users" WHERE "users"."id" = $1 ORDER BY "users"."id" ASC LIMIT $2 /*application:CodeCritic,controller:projects,action:new*/[0m  [["id", 6], ["LIMIT", 1]]
  Rendering layout layouts/application.html.erb
  Rendering projects/new.html.erb within layouts/application
  Rendered shared/_navbar.html.erb (Duration: 0.6ms | Allocations: 317)
  Rendered shared/_flash.html.erb (Duration: 0.1ms | Allocations: 19)
  Rendered projects/new.html.erb within layouts/application (Duration: 2.7ms | Allocations: 1265)
  Rendered layout layouts/application.html.erb (Duration: 4.6ms | Allocations: 1932)
Completed 200 OK in 954ms (Views: 7.5ms | ActiveRecord: 0.3ms | Allocations: 3818)


Started POST "/projects" for 139.135.42.107 at 2026-03-24 01:03:08 +0500
Cannot render console from 139.135.42.107! Allowed networks: 127.0.0.0/127.255.255.255, ::1
Processing by ProjectsController#create as TURBO_STREAM
  Parameters: {"authenticity_token" => "[FILTERED]", "project" => {"name" => "C++", "description" => "C++"}, "commit" => "Create Project"}
  [1m[36mUser Load (0.5ms)[0m  [1m[34mSELECT "users".* FROM "users" WHERE "users"."id" = $1 ORDER BY "users"."id" ASC LIMIT $2 /*application:CodeCritic,controller:projects,action:create*/[0m  [["id", 6], ["LIMIT", 1]]
  [1m[36mTRANSACTION (0.3ms)[0m  [1m[35mBEGIN /*application:CodeCritic,controller:projects,action:create*/[0m
  ↳ app/controllers/projects_controller.rb:21:in 'ProjectsController#create'
  [1m[36mProject Create (0.8ms)[0m  [1m[32mINSERT INTO "projects" ("name", "description", "user_id", "created_at", "updated_at") VALUES ($1, $2, $3, $4, $5) RETURNING "id" /*application:CodeCritic,controller:projects,action:create*/[0m  [["name", "C++"], ["description", "C++"], ["user_id", 6], ["created_at", "2026-03-23 20:03:09.953218"], ["updated_at", "2026-03-23 20:03:09.953218"]]
  ↳ app/controllers/projects_controller.rb:21:in 'ProjectsController#create'
  [1m[36mTRANSACTION (0.6ms)[0m  [1m[35mCOMMIT /*application:CodeCritic,controller:projects,action:create*/[0m
  ↳ app/controllers/projects_controller.rb:21:in 'ProjectsController#create'
Redirected to https://hawaii-commitments-jurisdiction-moms.trycloudflare.com/projects/6
Completed 302 Found in 1156ms (ActiveRecord: 2.2ms | Allocations: 4440)


Started GET "/projects/6" for 139.135.42.107 at 2026-03-24 01:03:11 +0500
Cannot render console from 139.135.42.107! Allowed networks: 127.0.0.0/127.255.255.255, ::1
Processing by ProjectsController#show as TURBO_STREAM
  Parameters: {"id" => "6"}
  [1m[36mUser Load (0.4ms)[0m  [1m[34mSELECT "users".* FROM "users" WHERE "users"."id" = $1 ORDER BY "users"."id" ASC LIMIT $2 /*application:CodeCritic,controller:projects,action:show*/[0m  [["id", 6], ["LIMIT", 1]]
  ↳ app/controllers/projects_controller.rb:47:in 'ProjectsController#set_project'
  [1m[36mProject Load (0.4ms)[0m  [1m[34mSELECT "projects".* FROM "projects" WHERE "projects"."user_id" = $1 AND "projects"."id" = $2 LIMIT $3 /*application:CodeCritic,controller:projects,action:show*/[0m  [["user_id", 6], ["id", 6], ["LIMIT", 1]]
  ↳ app/controllers/projects_controller.rb:47:in 'ProjectsController#set_project'
  Rendering layout layouts/application.html.erb
  Rendering projects/show.html.erb within layouts/application
  Rendered shared/_navbar.html.erb (Duration: 0.8ms | Allocations: 308)
  Rendered shared/_flash.html.erb (Duration: 0.1ms | Allocations: 22)
  [1m[36mCodeFile Count (0.4ms)[0m  [1m[34mSELECT COUNT(*) FROM "code_files" WHERE "code_files"."project_id" = $1 /*application:CodeCritic,controller:projects,action:show*/[0m  [["project_id", 6]]
  ↳ app/views/projects/show.html.erb:39:in '_app_views_projects_show_html_erb___247798175_13408'
  [1m[36mCACHE CodeFile Count (0.0ms)[0m  [1m[34mSELECT COUNT(*) FROM "code_files" WHERE "code_files"."project_id" = $1[0m  [["project_id", 6]]
  ↳ app/views/projects/show.html.erb:64:in '_app_views_projects_show_html_erb___247798175_13408'
  [1m[36mCodeFile Exists? (1.0ms)[0m  [1m[34mSELECT 1 AS one FROM "code_files" WHERE "code_files"."project_id" = $1 LIMIT $2 /*application:CodeCritic,controller:projects,action:show*/[0m  [["project_id", 6], ["LIMIT", 1]]
  ↳ app/views/projects/show.html.erb:67:in '_app_views_projects_show_html_erb___247798175_13408'
  Rendered projects/show.html.erb within layouts/application (Duration: 14.2ms | Allocations: 3045)
  Rendered layout layouts/application.html.erb (Duration: 15.8ms | Allocations: 3713)
Completed 200 OK in 1095ms (Views: 17.6ms | ActiveRecord: 2.3ms | Allocations: 6116)


Started GET "/projects/6/code_files/new" for 139.135.42.107 at 2026-03-24 01:03:18 +0500
Cannot render console from 139.135.42.107! Allowed networks: 127.0.0.0/127.255.255.255, ::1
Processing by CodeFilesController#new as HTML
  Parameters: {"project_id" => "6"}
  [1m[36mUser Load (1.0ms)[0m  [1m[34mSELECT "users".* FROM "users" WHERE "users"."id" = $1 ORDER BY "users"."id" ASC LIMIT $2 /*application:CodeCritic,controller:code_files,action:new*/[0m  [["id", 6], ["LIMIT", 1]]
  ↳ app/controllers/code_files_controller.rb:45:in 'CodeFilesController#set_project'
  [1m[36mProject Load (0.4ms)[0m  [1m[34mSELECT "projects".* FROM "projects" WHERE "projects"."user_id" = $1 AND "projects"."id" = $2 LIMIT $3 /*application:CodeCritic,controller:code_files,action:new*/[0m  [["user_id", 6], ["id", 6], ["LIMIT", 1]]
  ↳ app/controllers/code_files_controller.rb:45:in 'CodeFilesController#set_project'
  Rendering layout layouts/application.html.erb
  Rendering code_files/new.html.erb within layouts/application
  Rendered shared/_navbar.html.erb (Duration: 0.6ms | Allocations: 308)
  Rendered shared/_flash.html.erb (Duration: 0.1ms | Allocations: 19)
  Rendered code_files/new.html.erb within layouts/application (Duration: 3.4ms | Allocations: 1711)
  Rendered layout layouts/application.html.erb (Duration: 4.9ms | Allocations: 2378)
Completed 200 OK in 1182ms (Views: 6.0ms | ActiveRecord: 1.4ms | Allocations: 4913)


Started GET "/projects/6" for 139.135.42.107 at 2026-03-24 01:05:06 +0500
Cannot render console from 139.135.42.107! Allowed networks: 127.0.0.0/127.255.255.255, ::1
Processing by ProjectsController#show as HTML
  Parameters: {"id" => "6"}
  [1m[36mUser Load (0.6ms)[0m  [1m[34mSELECT "users".* FROM "users" WHERE "users"."id" = $1 ORDER BY "users"."id" ASC LIMIT $2 /*application:CodeCritic,controller:projects,action:show*/[0m  [["id", 6], ["LIMIT", 1]]
  ↳ app/controllers/projects_controller.rb:47:in 'ProjectsController#set_project'
  [1m[36mProject Load (0.4ms)[0m  [1m[34mSELECT "projects".* FROM "projects" WHERE "projects"."user_id" = $1 AND "projects"."id" = $2 LIMIT $3 /*application:CodeCritic,controller:projects,action:show*/[0m  [["user_id", 6], ["id", 6], ["LIMIT", 1]]
  ↳ app/controllers/projects_controller.rb:47:in 'ProjectsController#set_project'
  Rendering layout layouts/application.html.erb
  Rendering projects/show.html.erb within layouts/application
  Rendered shared/_navbar.html.erb (Duration: 0.6ms | Allocations: 308)
  Rendered shared/_flash.html.erb (Duration: 0.1ms | Allocations: 19)
  [1m[36mCodeFile Count (0.5ms)[0m  [1m[34mSELECT COUNT(*) FROM "code_files" WHERE "code_files"."project_id" = $1 /*application:CodeCritic,controller:projects,action:show*/[0m  [["project_id", 6]]
  ↳ app/views/projects/show.html.erb:39:in '_app_views_projects_show_html_erb___247798175_13408'
  [1m[36mCACHE CodeFile Count (0.0ms)[0m  [1m[34mSELECT COUNT(*) FROM "code_files" WHERE "code_files"."project_id" = $1[0m  [["project_id", 6]]
  ↳ app/views/projects/show.html.erb:64:in '_app_views_projects_show_html_erb___247798175_13408'
  [1m[36mCodeFile Exists? (0.5ms)[0m  [1m[34mSELECT 1 AS one FROM "code_files" WHERE "code_files"."project_id" = $1 LIMIT $2 /*application:CodeCritic,controller:projects,action:show*/[0m  [["project_id", 6], ["LIMIT", 1]]
  ↳ app/views/projects/show.html.erb:67:in '_app_views_projects_show_html_erb___247798175_13408'
  Rendered projects/show.html.erb within layouts/application (Duration: 10.7ms | Allocations: 3035)
  Rendered layout layouts/application.html.erb (Duration: 13.1ms | Allocations: 3702)
Completed 200 OK in 1119ms (Views: 13.3ms | ActiveRecord: 2.0ms | Allocations: 6097)


Started POST "/users" for 223.123.14.115 at 2026-03-24 01:05:09 +0500
Cannot render console from 223.123.14.115! Allowed networks: 127.0.0.0/127.255.255.255, ::1
Processing by Devise::RegistrationsController#create as TURBO_STREAM
  Parameters: {"authenticity_token" => "[FILTERED]", "user" => {"name" => "Hashir Ali", "email" => "[FILTERED]", "password" => "[FILTERED]", "password_confirmation" => "[FILTERED]"}, "commit" => "Create account"}
  [1m[36mTRANSACTION (0.2ms)[0m  [1m[35mBEGIN /*application:CodeCritic,controller:registrations,action:create*/[0m
  [1m[36mUser Exists? (0.4ms)[0m  [1m[34mSELECT 1 AS one FROM "users" WHERE "users"."email" = $1 LIMIT $2 /*application:CodeCritic,controller:registrations,action:create*/[0m  [["email", "[FILTERED]"], ["LIMIT", 1]]
  [1m[36mCACHE User Exists? (0.0ms)[0m  [1m[34mSELECT 1 AS one FROM "users" WHERE "users"."email" = $1 LIMIT $2[0m  [["email", "[FILTERED]"], ["LIMIT", 1]]
  [1m[36mTRANSACTION (0.2ms)[0m  [1m[31mROLLBACK /*application:CodeCritic,controller:registrations,action:create*/[0m
  Rendering layout layouts/application.html.erb
  Rendering devise/registrations/new.html.erb within layouts/application
  Rendered devise/registrations/new.html.erb within layouts/application (Duration: 3.9ms | Allocations: 2602)
  Rendered layout layouts/application.html.erb (Duration: 10.1ms | Allocations: 3269)
Completed 422 Unprocessable Entity in 1028ms (Views: 12.2ms | ActiveRecord: 0.9ms | Allocations: 10480)


Started POST "/users" for 223.123.14.115 at 2026-03-24 01:05:24 +0500
Cannot render console from 223.123.14.115! Allowed networks: 127.0.0.0/127.255.255.255, ::1
Processing by Devise::RegistrationsController#create as TURBO_STREAM
  Parameters: {"authenticity_token" => "[FILTERED]", "user" => {"name" => "Hashir Ali", "email" => "[FILTERED]", "password" => "[FILTERED]", "password_confirmation" => "[FILTERED]"}, "commit" => "Create account"}
  [1m[36mTRANSACTION (0.2ms)[0m  [1m[35mBEGIN /*application:CodeCritic,controller:registrations,action:create*/[0m
  [1m[36mUser Exists? (0.4ms)[0m  [1m[34mSELECT 1 AS one FROM "users" WHERE "users"."email" = $1 LIMIT $2 /*application:CodeCritic,controller:registrations,action:create*/[0m  [["email", "[FILTERED]"], ["LIMIT", 1]]
  [1m[36mCACHE User Exists? (0.5ms)[0m  [1m[34mSELECT 1 AS one FROM "users" WHERE "users"."email" = $1 LIMIT $2[0m  [["email", "[FILTERED]"], ["LIMIT", 1]]
  [1m[36mUser Create (0.5ms)[0m  [1m[32mINSERT INTO "users" ("email", "encrypted_password", "reset_password_token", "reset_password_sent_at", "remember_created_at", "created_at", "updated_at", "name") VALUES ($1, $2, $3, $4, $5, $6, $7, $8) RETURNING "id" /*application:CodeCritic,controller:registrations,action:create*/[0m  [["email", "[FILTERED]"], ["encrypted_password", "[FILTERED]"], ["reset_password_token", "[FILTERED]"], ["reset_password_sent_at", "[FILTERED]"], ["remember_created_at", nil], ["created_at", "2026-03-23 20:05:26.049287"], ["updated_at", "2026-03-23 20:05:26.049287"], ["name", "Hashir Ali"]]
  [1m[36mTRANSACTION (3.2ms)[0m  [1m[35mCOMMIT /*application:CodeCritic,controller:registrations,action:create*/[0m
Redirected to https://hawaii-commitments-jurisdiction-moms.trycloudflare.com/
Completed 303 See Other in 1332ms (ActiveRecord: 4.8ms | Allocations: 8059)


Started GET "/" for 223.123.14.115 at 2026-03-24 01:05:27 +0500
Cannot render console from 223.123.14.115! Allowed networks: 127.0.0.0/127.255.255.255, ::1
Processing by ProjectsController#index as TURBO_STREAM
  [1m[36mUser Load (0.4ms)[0m  [1m[34mSELECT "users".* FROM "users" WHERE "users"."id" = $1 ORDER BY "users"."id" ASC LIMIT $2 /*application:CodeCritic,controller:projects,action:index*/[0m  [["id", 7], ["LIMIT", 1]]
  [1m[36mProject Load (0.6ms)[0m  [1m[34mSELECT "projects".* FROM "projects" WHERE "projects"."user_id" = $1 /*application:CodeCritic,controller:projects,action:index*/[0m  [["user_id", 7]]
  ↳ app/controllers/projects_controller.rb:7:in 'block in ProjectsController#index'
  Rendering layout layouts/application.html.erb
  Rendering projects/index.html.erb within layouts/application
  Rendered shared/_navbar.html.erb (Duration: 2.8ms | Allocations: 308)
  Rendered shared/_flash.html.erb (Duration: 0.1ms | Allocations: 22)
  Rendered projects/index.html.erb within layouts/application (Duration: 4.4ms | Allocations: 566)
  Rendered layout layouts/application.html.erb (Duration: 6.2ms | Allocations: 1234)
Completed 200 OK in 1015ms (Views: 7.4ms | ActiveRecord: 1.0ms | Allocations: 3975)


Started GET "/projects/new" for 223.123.14.115 at 2026-03-24 01:05:33 +0500
Cannot render console from 223.123.14.115! Allowed networks: 127.0.0.0/127.255.255.255, ::1
Processing by ProjectsController#new as HTML
  [1m[36mUser Load (0.3ms)[0m  [1m[34mSELECT "users".* FROM "users" WHERE "users"."id" = $1 ORDER BY "users"."id" ASC LIMIT $2 /*application:CodeCritic,controller:projects,action:new*/[0m  [["id", 7], ["LIMIT", 1]]
  Rendering layout layouts/application.html.erb
  Rendering projects/new.html.erb within layouts/application
  Rendered shared/_navbar.html.erb (Duration: 0.5ms | Allocations: 317)
  Rendered shared/_flash.html.erb (Duration: 0.1ms | Allocations: 19)
  Rendered projects/new.html.erb within layouts/application (Duration: 3.1ms | Allocations: 1265)
  Rendered layout layouts/application.html.erb (Duration: 4.9ms | Allocations: 1932)
Completed 200 OK in 1165ms (Views: 6.3ms | ActiveRecord: 0.3ms | Allocations: 3838)


Started POST "/projects" for 223.123.14.115 at 2026-03-24 01:05:46 +0500
Cannot render console from 223.123.14.115! Allowed networks: 127.0.0.0/127.255.255.255, ::1
Processing by ProjectsController#create as TURBO_STREAM
  Parameters: {"authenticity_token" => "[FILTERED]", "project" => {"name" => "Jira clone", "description" => "diho"}, "commit" => "Create Project"}
  [1m[36mUser Load (0.4ms)[0m  [1m[34mSELECT "users".* FROM "users" WHERE "users"."id" = $1 ORDER BY "users"."id" ASC LIMIT $2 /*application:CodeCritic,controller:projects,action:create*/[0m  [["id", 7], ["LIMIT", 1]]
  [1m[36mTRANSACTION (0.3ms)[0m  [1m[35mBEGIN /*application:CodeCritic,controller:projects,action:create*/[0m
  ↳ app/controllers/projects_controller.rb:21:in 'ProjectsController#create'
  [1m[36mProject Create (2.3ms)[0m  [1m[32mINSERT INTO "projects" ("name", "description", "user_id", "created_at", "updated_at") VALUES ($1, $2, $3, $4, $5) RETURNING "id" /*application:CodeCritic,controller:projects,action:create*/[0m  [["name", "Jira clone"], ["description", "diho"], ["user_id", 7], ["created_at", "2026-03-23 20:05:47.909737"], ["updated_at", "2026-03-23 20:05:47.909737"]]
  ↳ app/controllers/projects_controller.rb:21:in 'ProjectsController#create'
  [1m[36mTRANSACTION (1.6ms)[0m  [1m[35mCOMMIT /*application:CodeCritic,controller:projects,action:create*/[0m
  ↳ app/controllers/projects_controller.rb:21:in 'ProjectsController#create'
Redirected to https://hawaii-commitments-jurisdiction-moms.trycloudflare.com/projects/7
Completed 302 Found in 1021ms (ActiveRecord: 4.6ms | Allocations: 4435)


Started GET "/projects/7" for 223.123.14.115 at 2026-03-24 01:05:50 +0500
Cannot render console from 223.123.14.115! Allowed networks: 127.0.0.0/127.255.255.255, ::1
Processing by ProjectsController#show as TURBO_STREAM
  Parameters: {"id" => "7"}
Started GET "/projects" for 223.123.14.115 at 2026-03-24 01:05:50 +0500
Cannot render console from 223.123.14.115! Allowed networks: 127.0.0.0/127.255.255.255, ::1
Processing by ProjectsController#index as HTML
  [1m[36mUser Load (0.3ms)[0m  [1m[34mSELECT "users".* FROM "users" WHERE "users"."id" = $1 ORDER BY "users"."id" ASC LIMIT $2 /*application:CodeCritic,controller:projects,action:show*/[0m  [["id", 7], ["LIMIT", 1]]
  ↳ app/controllers/projects_controller.rb:47:in 'ProjectsController#set_project'
  [1m[36mProject Load (4.8ms)[0m  [1m[34mSELECT "projects".* FROM "projects" WHERE "projects"."user_id" = $1 AND "projects"."id" = $2 LIMIT $3 /*application:CodeCritic,controller:projects,action:show*/[0m  [["user_id", 7], ["id", 7], ["LIMIT", 1]]
  ↳ app/controllers/projects_controller.rb:47:in 'ProjectsController#set_project'
  Rendering layout layouts/application.html.erb
  Rendering projects/show.html.erb within layouts/application
  Rendered shared/_navbar.html.erb (Duration: 0.8ms | Allocations: 308)
  Rendered shared/_flash.html.erb (Duration: 0.1ms | Allocations: 22)
  [1m[36mCodeFile Count (3.7ms)[0m  [1m[34mSELECT COUNT(*) FROM "code_files" WHERE "code_files"."project_id" = $1 /*application:CodeCritic,controller:projects,action:show*/[0m  [["project_id", 7]]
  ↳ app/views/projects/show.html.erb:39:in '_app_views_projects_show_html_erb___247798175_13408'
  [1m[36mCACHE CodeFile Count (0.0ms)[0m  [1m[34mSELECT COUNT(*) FROM "code_files" WHERE "code_files"."project_id" = $1[0m  [["project_id", 7]]
  ↳ app/views/projects/show.html.erb:64:in '_app_views_projects_show_html_erb___247798175_13408'
  [1m[36mCodeFile Exists? (5.9ms)[0m  [1m[34mSELECT 1 AS one FROM "code_files" WHERE "code_files"."project_id" = $1 LIMIT $2 /*application:CodeCritic,controller:projects,action:show*/[0m  [["project_id", 7], ["LIMIT", 1]]
  ↳ app/views/projects/show.html.erb:67:in '_app_views_projects_show_html_erb___247798175_13408'
  Rendered projects/show.html.erb within layouts/application (Duration: 58.9ms | Allocations: 3051)
  Rendered layout layouts/application.html.erb (Duration: 75.1ms | Allocations: 3719)
Completed 200 OK in 2247ms (Views: 77.6ms | ActiveRecord: 14.8ms | Allocations: 8168)


  [1m[36mUser Load (0.3ms)[0m  [1m[34mSELECT "users".* FROM "users" WHERE "users"."id" = $1 ORDER BY "users"."id" ASC LIMIT $2 /*application:CodeCritic,controller:projects,action:index*/[0m  [["id", 7], ["LIMIT", 1]]
  Rendering layout layouts/application.html.erb
  Rendering projects/index.html.erb within layouts/application
  Rendered shared/_navbar.html.erb (Duration: 0.8ms | Allocations: 308)
  Rendered shared/_flash.html.erb (Duration: 0.1ms | Allocations: 22)
  Rendered projects/index.html.erb within layouts/application (Duration: 2.5ms | Allocations: 559)
  Rendered layout layouts/application.html.erb (Duration: 6.8ms | Allocations: 1227)
Completed 200 OK in 2546ms (Views: 10.8ms | ActiveRecord: 0.3ms | Allocations: 9695)


Started GET "/projects/7/code_files/new" for 223.123.14.115 at 2026-03-24 01:06:01 +0500
Cannot render console from 223.123.14.115! Allowed networks: 127.0.0.0/127.255.255.255, ::1
Processing by CodeFilesController#new as HTML
  Parameters: {"project_id" => "7"}
  [1m[36mUser Load (0.4ms)[0m  [1m[34mSELECT "users".* FROM "users" WHERE "users"."id" = $1 ORDER BY "users"."id" ASC LIMIT $2 /*application:CodeCritic,controller:code_files,action:new*/[0m  [["id", 7], ["LIMIT", 1]]
  ↳ app/controllers/code_files_controller.rb:45:in 'CodeFilesController#set_project'
  [1m[36mProject Load (0.6ms)[0m  [1m[34mSELECT "projects".* FROM "projects" WHERE "projects"."user_id" = $1 AND "projects"."id" = $2 LIMIT $3 /*application:CodeCritic,controller:code_files,action:new*/[0m  [["user_id", 7], ["id", 7], ["LIMIT", 1]]
  ↳ app/controllers/code_files_controller.rb:45:in 'CodeFilesController#set_project'
  Rendering layout layouts/application.html.erb
  Rendering code_files/new.html.erb within layouts/application
  Rendered shared/_navbar.html.erb (Duration: 1.0ms | Allocations: 308)
  Rendered shared/_flash.html.erb (Duration: 0.3ms | Allocations: 19)
  Rendered code_files/new.html.erb within layouts/application (Duration: 9.9ms | Allocations: 1711)
  Rendered layout layouts/application.html.erb (Duration: 15.4ms | Allocations: 2378)
Completed 200 OK in 1844ms (Views: 16.9ms | ActiveRecord: 1.0ms | Allocations: 4900)


Started POST "/projects/7/code_files" for 223.123.14.115 at 2026-03-24 01:06:15 +0500
Cannot render console from 223.123.14.115! Allowed networks: 127.0.0.0/127.255.255.255, ::1
Processing by CodeFilesController#create as TURBO_STREAM
  Parameters: {"authenticity_token" => "[FILTERED]", "code_file" => {"language" => "ruby", "content" => "require \"active_support/core_ext/integer/time\"\r\n\r\nRails.application.configure do\r\n  # Settings specified here will take precedence over those in config/application.rb.\r\n\r\n  # Make code changes take effect immediately without server restart.\r\n  config.enable_reloading = true\r\n\r\n  # Allow this host\r\n  config.hosts << \"hawaii-commitments-jurisdiction-moms.trycloudflare.com\"\r\n  # Do not eager load code on boot.\r\n  config.eager_load = false\r\n\r\n  # Show full error reports.\r\n  config.consider_all_requests_local = true\r\n\r\n  # Enable server timing.\r\n  config.server_timing = true\r\n\r\n  # Enable/disable Action Controller caching. By default Action Controller caching is disabled.\r\n  # Run rails dev:cache to toggle Action Controller caching.\r\n  if Rails.root.join(\"tmp/caching-dev.txt\").exist?\r\n    config.action_controller.perform_caching = true\r\n    config.action_controller.enable_fragment_cache_logging = true\r\n    config.public_file_server.headers = { \"cache-control\" => \"public, max-age=\#{2.days.to_i}\" }\r\n  else\r\n    config.action_controller.perform_caching = false\r\n  end\r\n\r\n  # Change to :null_store to avoid any caching.\r\n  config.cache_store = :memory_store\r\n\r\n  # Store uploaded files on the local file system (see config/storage.yml for options).\r\n  config.active_storage.service = :local\r\n\r\n  # Don't care if the mailer can't send.\r\n  config.action_mailer.raise_delivery_errors = false\r\n\r\n  # Make template changes take effect immediately.\r\n  config.action_mailer.perform_caching = false\r\n\r\n  # Set localhost to be used by links generated in mailer templates.\r\n  config.action_mailer.default_url_options = { host: \"localhost\", port: 3000 }\r\n\r\n  # Print deprecation notices to the Rails logger.\r\n  config.active_support.deprecation = :log\r\n\r\n  # Raise an error on page load if there are pending migrations.\r\n  config.active_record.migration_error = :page_load\r\n\r\n  # Highlight code that triggered database queries in logs.\r\n  config.active_record.verbose_query_logs = true\r\n\r\n  # Append comments with runtime information tags to SQL queries in logs.\r\n  config.active_record.query_log_tags_enabled = true\r\n\r\n  # Highlight code that enqueued background job in logs.\r\n  config.active_job.verbose_enqueue_logs = true\r\n\r\n  # Raises error for missing translations.\r\n  # config.i18n.raise_on_missing_translations = true\r\n\r\n  # Annotate rendered view with file names.\r\n  config.action_view.annotate_rendered_view_with_filenames = true\r\n\r\n  # Uncomment if you wish to allow Action Cable access from any origin.\r\n  # config.action_cable.disable_request_forgery_protection = true\r\n\r\n  # Raise error when a before_action's only/except options reference missing actions.\r\n  #config.action_controller.raise_on_missing_callback_actions = true\r\n\r\n  # Apply autocorrection by RuboCop to files generated by `bin/rails generate`.\r\n  # config.generators.apply_rubocop_autocorrect_after_generate!\r\nend\r\n"}, "commit" => "Add File", "project_id" => "7"}
  [1m[36mUser Load (0.5ms)[0m  [1m[34mSELECT "users".* FROM "users" WHERE "users"."id" = $1 ORDER BY "users"."id" ASC LIMIT $2 /*application:CodeCritic,controller:code_files,action:create*/[0m  [["id", 7], ["LIMIT", 1]]
  ↳ app/controllers/code_files_controller.rb:45:in 'CodeFilesController#set_project'
  [1m[36mProject Load (0.6ms)[0m  [1m[34mSELECT "projects".* FROM "projects" WHERE "projects"."user_id" = $1 AND "projects"."id" = $2 LIMIT $3 /*application:CodeCritic,controller:code_files,action:create*/[0m  [["user_id", 7], ["id", 7], ["LIMIT", 1]]
  ↳ app/controllers/code_files_controller.rb:45:in 'CodeFilesController#set_project'
  [1m[36mTRANSACTION (0.4ms)[0m  [1m[35mBEGIN /*application:CodeCritic,controller:code_files,action:create*/[0m
  ↳ app/controllers/code_files_controller.rb:18:in 'CodeFilesController#create'
  [1m[36mCodeFile Create (12.0ms)[0m  [1m[32mINSERT INTO "code_files" ("content", "language", "project_id", "created_at", "updated_at") VALUES ($1, $2, $3, $4, $5) RETURNING "id" /*application:CodeCritic,controller:code_files,action:create*/[0m  [["content", "require \"active_support/core_ext/integer/time\"\r\n\r\nRails.application.configure do\r\n  # Settings specified here will take precedence over those in config/application.rb.\r\n\r\n  # Make code changes take effect immediately without server restart.\r\n  config.enable_reloading = true\r\n\r\n  # Allow this host\r\n  config.hosts << \"hawaii-commitments-jurisdiction-moms.trycloudflare.com\"\r\n  # Do not eager load code on boot.\r\n  config.eager_load = false\r\n\r\n  # Show full error reports.\r\n  config.consider_all_requests_local = true\r\n\r\n  # Enable server timing.\r\n  config.server_timing = true\r\n\r\n  # Enable/disable Action Controller caching. By default Action Controller caching is disabled.\r\n  # Run rails dev:cache to toggle Action Controller caching.\r\n  if Rails.root.join(\"tmp/caching-dev.txt\").exist?\r\n    config.action_controller.perform_caching = true\r\n    config.action_controller.enable_fragment_cache_logging = true\r\n    config.public_file_server.headers = { \"cache-control\" => \"public, max-age=\#{2.days.to_i}\" }\r\n  else\r\n    config.action_controller.perform_caching = false\r\n  end\r\n\r\n  # Change to :null_store to avoid any caching.\r\n  config.cache_store = :memory_store\r\n\r\n  # Store uploaded files on the local file system (see config/storage.yml for options).\r\n  config.active_storage.service = :local\r\n\r\n  # Don't care if the mailer can't send.\r\n  config.action_mailer.raise_delivery_errors = false\r\n\r\n  # Make template changes take effect immediately.\r\n  config.action_mailer.perform_caching = false\r\n\r\n  # Set localhost to be used by links generated in mailer templates.\r\n  config.action_mailer.default_url_options = { host: \"localhost\", port: 3000 }\r\n\r\n  # Print deprecation notices to the Rails logger.\r\n  config.active_support.deprecation = :log\r\n\r\n  # Raise an error on page load if there are pending migrations.\r\n  config.active_record.migration_error = :page_load\r\n\r\n  # Highlight code that triggered database queries in logs.\r\n  config.active_record.verbose_query_logs = true\r\n\r\n  # Append comments with runtime information tags to SQL queries in logs.\r\n  config.active_record.query_log_tags_enabled = true\r\n\r\n  # Highlight code that enqueued background job in logs.\r\n  config.active_job.verbose_enqueue_logs = true\r\n\r\n  # Raises error for missing translations.\r\n  # config.i18n.raise_on_missing_translations = true\r\n\r\n  # Annotate rendered view with file names.\r\n  config.action_view.annotate_rendered_view_with_filenames = true\r\n\r\n  # Uncomment if you wish to allow Action Cable access from any origin.\r\n  # config.action_cable.disable_request_forgery_protection = true\r\n\r\n  # Raise error when a before_action's only/except options reference missing actions.\r\n  #config.action_controller.raise_on_missing_callback_actions = true\r\n\r\n  # Apply autocorrection by RuboCop to files generated by `bin/rails generate`.\r\n  # config.generators.apply_rubocop_autocorrect_after_generate!\r\nend\r\n"], ["language", "ruby"], ["project_id", 7], ["created_at", "2026-03-23 20:06:17.711303"], ["updated_at", "2026-03-23 20:06:17.711303"]]
  ↳ app/controllers/code_files_controller.rb:18:in 'CodeFilesController#create'
  [1m[36mTRANSACTION (0.8ms)[0m  [1m[35mCOMMIT /*application:CodeCritic,controller:code_files,action:create*/[0m
  ↳ app/controllers/code_files_controller.rb:18:in 'CodeFilesController#create'
Redirected to https://hawaii-commitments-jurisdiction-moms.trycloudflare.com/code_files/13
Completed 302 Found in 2022ms (ActiveRecord: 14.3ms | Allocations: 5031)


Started GET "/code_files/13" for 223.123.14.115 at 2026-03-24 01:06:20 +0500
Cannot render console from 223.123.14.115! Allowed networks: 127.0.0.0/127.255.255.255, ::1
Processing by CodeFilesController#show as TURBO_STREAM
  Parameters: {"id" => "13"}
  [1m[36mCodeFile Load (1.2ms)[0m  [1m[34mSELECT "code_files".* FROM "code_files" WHERE "code_files"."id" = $1 LIMIT $2 /*application:CodeCritic,controller:code_files,action:show*/[0m  [["id", 13], ["LIMIT", 1]]
  ↳ app/controllers/code_files_controller.rb:52:in 'CodeFilesController#set_code_file'
  [1m[36mProject Load (0.6ms)[0m  [1m[34mSELECT "projects".* FROM "projects" WHERE "projects"."id" = $1 LIMIT $2 /*application:CodeCritic,controller:code_files,action:show*/[0m  [["id", 7], ["LIMIT", 1]]
  ↳ app/controllers/code_files_controller.rb:47:in 'CodeFilesController#set_project'
  Rendering layout layouts/application.html.erb
  Rendering code_files/show.html.erb within layouts/application
  [1m[36mUser Load (1.9ms)[0m  [1m[34mSELECT "users".* FROM "users" WHERE "users"."id" = $1 ORDER BY "users"."id" ASC LIMIT $2 /*application:CodeCritic,controller:code_files,action:show*/[0m  [["id", 7], ["LIMIT", 1]]
  ↳ app/views/shared/_navbar.html.erb:24:in '_app_views_shared__navbar_html_erb___756701346_13104'
  Rendered shared/_navbar.html.erb (Duration: 15.0ms | Allocations: 1534)
  Rendered shared/_flash.html.erb (Duration: 0.2ms | Allocations: 22)
  [1m[36mReview Load (2.0ms)[0m  [1m[34mSELECT "reviews".* FROM "reviews" WHERE "reviews"."code_file_id" = $1 LIMIT $2 /*application:CodeCritic,controller:code_files,action:show*/[0m  [["code_file_id", 13], ["LIMIT", 1]]
  ↳ app/views/code_files/show.html.erb:38:in '_app_views_code_files_show_html_erb___808337205_14096'
  Rendered code_files/show.html.erb within layouts/application (Duration: 427.1ms | Allocations: 16255)
  Rendered layout layouts/application.html.erb (Duration: 429.6ms | Allocations: 16923)
Completed 200 OK in 2441ms (Views: 426.7ms | ActiveRecord: 7.4ms | Allocations: 20040)


Started POST "/projects/6/code_files" for 139.135.42.107 at 2026-03-24 01:07:49 +0500
Cannot render console from 139.135.42.107! Allowed networks: 127.0.0.0/127.255.255.255, ::1
Processing by CodeFilesController#create as TURBO_STREAM
  Parameters: {"authenticity_token" => "[FILTERED]", "code_file" => {"language" => "cpp", "content" => "#include<iostream>\r\nusing namespace std;\r\nint main ()\r\n{\r\ncout << \"Hello World\";\r\n}"}, "commit" => "Add File", "project_id" => "6"}
  [1m[36mUser Load (0.5ms)[0m  [1m[34mSELECT "users".* FROM "users" WHERE "users"."id" = $1 ORDER BY "users"."id" ASC LIMIT $2 /*application:CodeCritic,controller:code_files,action:create*/[0m  [["id", 6], ["LIMIT", 1]]
  ↳ app/controllers/code_files_controller.rb:45:in 'CodeFilesController#set_project'
  [1m[36mProject Load (0.6ms)[0m  [1m[34mSELECT "projects".* FROM "projects" WHERE "projects"."user_id" = $1 AND "projects"."id" = $2 LIMIT $3 /*application:CodeCritic,controller:code_files,action:create*/[0m  [["user_id", 6], ["id", 6], ["LIMIT", 1]]
  ↳ app/controllers/code_files_controller.rb:45:in 'CodeFilesController#set_project'
  [1m[36mTRANSACTION (0.4ms)[0m  [1m[35mBEGIN /*application:CodeCritic,controller:code_files,action:create*/[0m
  ↳ app/controllers/code_files_controller.rb:18:in 'CodeFilesController#create'
  [1m[36mCodeFile Create (3.7ms)[0m  [1m[32mINSERT INTO "code_files" ("content", "language", "project_id", "created_at", "updated_at") VALUES ($1, $2, $3, $4, $5) RETURNING "id" /*application:CodeCritic,controller:code_files,action:create*/[0m  [["content", "#include<iostream>\r\nusing namespace std;\r\nint main ()\r\n{\r\ncout << \"Hello World\";\r\n}"], ["language", "cpp"], ["project_id", 6], ["created_at", "2026-03-23 20:07:51.888627"], ["updated_at", "2026-03-23 20:07:51.888627"]]
  ↳ app/controllers/code_files_controller.rb:18:in 'CodeFilesController#create'
  [1m[36mTRANSACTION (0.8ms)[0m  [1m[35mCOMMIT /*application:CodeCritic,controller:code_files,action:create*/[0m
  ↳ app/controllers/code_files_controller.rb:18:in 'CodeFilesController#create'
Redirected to https://hawaii-commitments-jurisdiction-moms.trycloudflare.com/code_files/14
Completed 302 Found in 1832ms (ActiveRecord: 5.9ms | Allocations: 4887)


Started GET "/code_files/14" for 139.135.42.107 at 2026-03-24 01:07:53 +0500
Cannot render console from 139.135.42.107! Allowed networks: 127.0.0.0/127.255.255.255, ::1
Processing by CodeFilesController#show as TURBO_STREAM
  Parameters: {"id" => "14"}
  [1m[36mCodeFile Load (0.5ms)[0m  [1m[34mSELECT "code_files".* FROM "code_files" WHERE "code_files"."id" = $1 LIMIT $2 /*application:CodeCritic,controller:code_files,action:show*/[0m  [["id", 14], ["LIMIT", 1]]
  ↳ app/controllers/code_files_controller.rb:52:in 'CodeFilesController#set_code_file'
  [1m[36mProject Load (0.4ms)[0m  [1m[34mSELECT "projects".* FROM "projects" WHERE "projects"."id" = $1 LIMIT $2 /*application:CodeCritic,controller:code_files,action:show*/[0m  [["id", 6], ["LIMIT", 1]]
  ↳ app/controllers/code_files_controller.rb:47:in 'CodeFilesController#set_project'
  Rendering layout layouts/application.html.erb
  Rendering code_files/show.html.erb within layouts/application
  [1m[36mUser Load (0.5ms)[0m  [1m[34mSELECT "users".* FROM "users" WHERE "users"."id" = $1 ORDER BY "users"."id" ASC LIMIT $2 /*application:CodeCritic,controller:code_files,action:show*/[0m  [["id", 6], ["LIMIT", 1]]
  ↳ app/views/shared/_navbar.html.erb:24:in '_app_views_shared__navbar_html_erb___756701346_13104'
  Rendered shared/_navbar.html.erb (Duration: 4.4ms | Allocations: 1526)
  Rendered shared/_flash.html.erb (Duration: 0.1ms | Allocations: 22)
  [1m[36mReview Load (0.4ms)[0m  [1m[34mSELECT "reviews".* FROM "reviews" WHERE "reviews"."code_file_id" = $1 LIMIT $2 /*application:CodeCritic,controller:code_files,action:show*/[0m  [["code_file_id", 14], ["LIMIT", 1]]
  ↳ app/views/code_files/show.html.erb:38:in '_app_views_code_files_show_html_erb___808337205_14096'
  Rendered code_files/show.html.erb within layouts/application (Duration: 14.2ms | Allocations: 2853)
  Rendered layout layouts/application.html.erb (Duration: 15.7ms | Allocations: 3521)
Completed 200 OK in 1001ms (Views: 15.9ms | ActiveRecord: 1.8ms | Allocations: 5367)


Started POST "/code_files/14/review" for 139.135.42.107 at 2026-03-24 01:08:11 +0500
Cannot render console from 139.135.42.107! Allowed networks: 127.0.0.0/127.255.255.255, ::1
Processing by ReviewsController#create as TURBO_STREAM
  Parameters: {"authenticity_token" => "[FILTERED]", "code_file_id" => "14"}
  [1m[36mCodeFile Load (0.5ms)[0m  [1m[34mSELECT "code_files".* FROM "code_files" WHERE "code_files"."id" = $1 LIMIT $2 /*application:CodeCritic,controller:reviews,action:create*/[0m  [["id", 14], ["LIMIT", 1]]
  ↳ app/controllers/reviews_controller.rb:7:in 'ReviewsController#create'
  [1m[36mReview Load (3.9ms)[0m  [1m[34mSELECT "reviews".* FROM "reviews" WHERE "reviews"."code_file_id" = $1 /*application:CodeCritic,controller:reviews,action:create*/[0m  [["code_file_id", 14]]
  ↳ app/controllers/reviews_controller.rb:10:in 'ReviewsController#create'
HF AI Error: unexpected token 'Not' at line 1 column 1
  [1m[36mCACHE CodeFile Load (0.0ms)[0m  [1m[34mSELECT "code_files".* FROM "code_files" WHERE "code_files"."id" = $1 LIMIT $2[0m  [["id", 14], ["LIMIT", 1]]
  ↳ app/controllers/reviews_controller.rb:18:in 'ReviewsController#create'
  [1m[36mTRANSACTION (0.4ms)[0m  [1m[35mBEGIN /*application:CodeCritic,controller:reviews,action:create*/[0m
  ↳ app/controllers/reviews_controller.rb:18:in 'ReviewsController#create'
  [1m[36mReview Create (6.5ms)[0m  [1m[32mINSERT INTO "reviews" ("status", "result", "summary", "code_file_id", "created_at", "updated_at") VALUES ($1, $2, $3, $4, $5, $6) RETURNING "id" /*application:CodeCritic,controller:reviews,action:create*/[0m  [["status", "completed"], ["result", "[]"], ["summary", nil], ["code_file_id", 14], ["created_at", "2026-03-23 20:08:13.782747"], ["updated_at", "2026-03-23 20:08:13.782747"]]
  ↳ app/controllers/reviews_controller.rb:18:in 'ReviewsController#create'
  [1m[36mTRANSACTION (1.1ms)[0m  [1m[35mCOMMIT /*application:CodeCritic,controller:reviews,action:create*/[0m
  ↳ app/controllers/reviews_controller.rb:18:in 'ReviewsController#create'
Redirected to https://hawaii-commitments-jurisdiction-moms.trycloudflare.com/code_files/14
Completed 302 Found in 2161ms (ActiveRecord: 23.7ms | Allocations: 36806)


Started GET "/code_files/14" for 139.135.42.107 at 2026-03-24 01:08:15 +0500
Cannot render console from 139.135.42.107! Allowed networks: 127.0.0.0/127.255.255.255, ::1
Processing by CodeFilesController#show as TURBO_STREAM
  Parameters: {"id" => "14"}
  [1m[36mCodeFile Load (0.5ms)[0m  [1m[34mSELECT "code_files".* FROM "code_files" WHERE "code_files"."id" = $1 LIMIT $2 /*application:CodeCritic,controller:code_files,action:show*/[0m  [["id", 14], ["LIMIT", 1]]
  ↳ app/controllers/code_files_controller.rb:52:in 'CodeFilesController#set_code_file'
  [1m[36mProject Load (0.4ms)[0m  [1m[34mSELECT "projects".* FROM "projects" WHERE "projects"."id" = $1 LIMIT $2 /*application:CodeCritic,controller:code_files,action:show*/[0m  [["id", 6], ["LIMIT", 1]]
  ↳ app/controllers/code_files_controller.rb:47:in 'CodeFilesController#set_project'
  Rendering layout layouts/application.html.erb
  Rendering code_files/show.html.erb within layouts/application
  [1m[36mUser Load (0.5ms)[0m  [1m[34mSELECT "users".* FROM "users" WHERE "users"."id" = $1 ORDER BY "users"."id" ASC LIMIT $2 /*application:CodeCritic,controller:code_files,action:show*/[0m  [["id", 6], ["LIMIT", 1]]
  ↳ app/views/shared/_navbar.html.erb:24:in '_app_views_shared__navbar_html_erb___756701346_13104'
  Rendered shared/_navbar.html.erb (Duration: 4.7ms | Allocations: 1520)
  Rendered shared/_flash.html.erb (Duration: 0.1ms | Allocations: 23)
  [1m[36mReview Load (0.5ms)[0m  [1m[34mSELECT "reviews".* FROM "reviews" WHERE "reviews"."code_file_id" = $1 LIMIT $2 /*application:CodeCritic,controller:code_files,action:show*/[0m  [["code_file_id", 14], ["LIMIT", 1]]
  ↳ app/views/code_files/show.html.erb:38:in '_app_views_code_files_show_html_erb___808337205_14096'
  [1m[36mComment Count (1.0ms)[0m  [1m[34mSELECT COUNT(*) FROM "comments" WHERE "comments"."review_id" = $1 /*application:CodeCritic,controller:code_files,action:show*/[0m  [["review_id", 4]]
  ↳ app/views/code_files/show.html.erb:203:in '_app_views_code_files_show_html_erb___808337205_14096'
  [1m[36mComment Load (0.9ms)[0m  [1m[34mSELECT "comments".* FROM "comments" WHERE "comments"."review_id" = $1 ORDER BY "comments"."created_at" ASC /*application:CodeCritic,controller:code_files,action:show*/[0m  [["review_id", 4]]
  ↳ app/views/code_files/show.html.erb:224:in '_app_views_code_files_show_html_erb___808337205_14096'
  Rendered collection of templates [0 times] (Duration: 0.1ms | Allocations: 25)
  [1m[36mComment Exists? (0.4ms)[0m  [1m[34mSELECT 1 AS one FROM "comments" WHERE "comments"."review_id" = $1 LIMIT $2 /*application:CodeCritic,controller:code_files,action:show*/[0m  [["review_id", 4], ["LIMIT", 1]]
  ↳ app/views/code_files/show.html.erb:227:in '_app_views_code_files_show_html_erb___808337205_14096'
  Rendered code_files/show.html.erb within layouts/application (Duration: 32.8ms | Allocations: 8247)
  Rendered layout layouts/application.html.erb (Duration: 34.4ms | Allocations: 8915)
Completed 200 OK in 1105ms (Views: 27.8ms | ActiveRecord: 8.6ms | Allocations: 10773)


Started POST "/code_files/14/review" for 139.135.42.107 at 2026-03-24 01:09:05 +0500
Cannot render console from 139.135.42.107! Allowed networks: 127.0.0.0/127.255.255.255, ::1
Processing by ReviewsController#create as TURBO_STREAM
  Parameters: {"authenticity_token" => "[FILTERED]", "code_file_id" => "14"}
  [1m[36mCodeFile Load (0.5ms)[0m  [1m[34mSELECT "code_files".* FROM "code_files" WHERE "code_files"."id" = $1 LIMIT $2 /*application:CodeCritic,controller:reviews,action:create*/[0m  [["id", 14], ["LIMIT", 1]]
  ↳ app/controllers/reviews_controller.rb:7:in 'ReviewsController#create'
  [1m[36mReview Load (0.4ms)[0m  [1m[34mSELECT "reviews".* FROM "reviews" WHERE "reviews"."code_file_id" = $1 /*application:CodeCritic,controller:reviews,action:create*/[0m  [["code_file_id", 14]]
  ↳ app/controllers/reviews_controller.rb:10:in 'ReviewsController#create'
  [1m[36mTRANSACTION (0.3ms)[0m  [1m[35mBEGIN /*application:CodeCritic,controller:reviews,action:create*/[0m
  ↳ app/controllers/reviews_controller.rb:10:in 'ReviewsController#create'
  [1m[36mComment Load (0.5ms)[0m  [1m[34mSELECT "comments".* FROM "comments" WHERE "comments"."review_id" = $1 /*application:CodeCritic,controller:reviews,action:create*/[0m  [["review_id", 4]]
  ↳ app/controllers/reviews_controller.rb:10:in 'ReviewsController#create'
  [1m[36mReview Destroy (8.2ms)[0m  [1m[31mDELETE FROM "reviews" WHERE "reviews"."id" = $1 /*application:CodeCritic,controller:reviews,action:create*/[0m  [["id", 4]]
  ↳ app/controllers/reviews_controller.rb:10:in 'ReviewsController#create'
  [1m[36mTRANSACTION (0.8ms)[0m  [1m[35mCOMMIT /*application:CodeCritic,controller:reviews,action:create*/[0m
  ↳ app/controllers/reviews_controller.rb:10:in 'ReviewsController#create'
HF AI Error: unexpected token 'Not' at line 1 column 1
  [1m[36mTRANSACTION (0.6ms)[0m  [1m[35mBEGIN /*application:CodeCritic,controller:reviews,action:create*/[0m
  ↳ app/controllers/reviews_controller.rb:18:in 'ReviewsController#create'
  [1m[36mCodeFile Load (0.9ms)[0m  [1m[34mSELECT "code_files".* FROM "code_files" WHERE "code_files"."id" = $1 LIMIT $2 /*application:CodeCritic,controller:reviews,action:create*/[0m  [["id", 14], ["LIMIT", 1]]
  ↳ app/controllers/reviews_controller.rb:18:in 'ReviewsController#create'
  [1m[36mReview Create (1.5ms)[0m  [1m[32mINSERT INTO "reviews" ("status", "result", "summary", "code_file_id", "created_at", "updated_at") VALUES ($1, $2, $3, $4, $5, $6) RETURNING "id" /*application:CodeCritic,controller:reviews,action:create*/[0m  [["status", "completed"], ["result", "[]"], ["summary", nil], ["code_file_id", 14], ["created_at", "2026-03-23 20:09:07.870083"], ["updated_at", "2026-03-23 20:09:07.870083"]]
  ↳ app/controllers/reviews_controller.rb:18:in 'ReviewsController#create'
  [1m[36mTRANSACTION (4.5ms)[0m  [1m[35mCOMMIT /*application:CodeCritic,controller:reviews,action:create*/[0m
  ↳ app/controllers/reviews_controller.rb:18:in 'ReviewsController#create'
Redirected to https://hawaii-commitments-jurisdiction-moms.trycloudflare.com/code_files/14
Completed 302 Found in 2263ms (ActiveRecord: 18.1ms | Allocations: 10561)


Started GET "/code_files/14" for 139.135.42.107 at 2026-03-24 01:09:10 +0500
Cannot render console from 139.135.42.107! Allowed networks: 127.0.0.0/127.255.255.255, ::1
Processing by CodeFilesController#show as TURBO_STREAM
  Parameters: {"id" => "14"}
  [1m[36mCodeFile Load (0.5ms)[0m  [1m[34mSELECT "code_files".* FROM "code_files" WHERE "code_files"."id" = $1 LIMIT $2 /*application:CodeCritic,controller:code_files,action:show*/[0m  [["id", 14], ["LIMIT", 1]]
  ↳ app/controllers/code_files_controller.rb:52:in 'CodeFilesController#set_code_file'
  [1m[36mProject Load (0.6ms)[0m  [1m[34mSELECT "projects".* FROM "projects" WHERE "projects"."id" = $1 LIMIT $2 /*application:CodeCritic,controller:code_files,action:show*/[0m  [["id", 6], ["LIMIT", 1]]
  ↳ app/controllers/code_files_controller.rb:47:in 'CodeFilesController#set_project'
  Rendering layout layouts/application.html.erb
  Rendering code_files/show.html.erb within layouts/application
  [1m[36mUser Load (0.5ms)[0m  [1m[34mSELECT "users".* FROM "users" WHERE "users"."id" = $1 ORDER BY "users"."id" ASC LIMIT $2 /*application:CodeCritic,controller:code_files,action:show*/[0m  [["id", 6], ["LIMIT", 1]]
  ↳ app/views/shared/_navbar.html.erb:24:in '_app_views_shared__navbar_html_erb___756701346_13104'
  Rendered shared/_navbar.html.erb (Duration: 18.2ms | Allocations: 1510)
  Rendered shared/_flash.html.erb (Duration: 1.6ms | Allocations: 22)
  [1m[36mReview Load (0.6ms)[0m  [1m[34mSELECT "reviews".* FROM "reviews" WHERE "reviews"."code_file_id" = $1 LIMIT $2 /*application:CodeCritic,controller:code_files,action:show*/[0m  [["code_file_id", 14], ["LIMIT", 1]]
  ↳ app/views/code_files/show.html.erb:38:in '_app_views_code_files_show_html_erb___808337205_14096'
  [1m[36mComment Count (0.7ms)[0m  [1m[34mSELECT COUNT(*) FROM "comments" WHERE "comments"."review_id" = $1 /*application:CodeCritic,controller:code_files,action:show*/[0m  [["review_id", 5]]
  ↳ app/views/code_files/show.html.erb:203:in '_app_views_code_files_show_html_erb___808337205_14096'
  [1m[36mComment Load (0.5ms)[0m  [1m[34mSELECT "comments".* FROM "comments" WHERE "comments"."review_id" = $1 ORDER BY "comments"."created_at" ASC /*application:CodeCritic,controller:code_files,action:show*/[0m  [["review_id", 5]]
  ↳ app/views/code_files/show.html.erb:224:in '_app_views_code_files_show_html_erb___808337205_14096'
  Rendered collection of templates [0 times] (Duration: 0.1ms | Allocations: 11)
  [1m[36mComment Exists? (0.6ms)[0m  [1m[34mSELECT 1 AS one FROM "comments" WHERE "comments"."review_id" = $1 LIMIT $2 /*application:CodeCritic,controller:code_files,action:show*/[0m  [["review_id", 5], ["LIMIT", 1]]
  ↳ app/views/code_files/show.html.erb:227:in '_app_views_code_files_show_html_erb___808337205_14096'
  Rendered code_files/show.html.erb within layouts/application (Duration: 62.1ms | Allocations: 6353)
  Rendered layout layouts/application.html.erb (Duration: 67.6ms | Allocations: 7021)
Completed 200 OK in 1815ms (Views: 66.7ms | ActiveRecord: 3.9ms | Allocations: 8872)


Started GET "/" for 127.0.0.1 at 2026-04-05 21:51:33 +0500
  [1m[36mActiveRecord::SchemaMigration Pluck (4.9ms)[0m  [1m[34mSELECT "schema_migrations"."version" FROM "schema_migrations" ORDER BY "schema_migrations"."version" ASC /*application:CodeCritic*/[0m
Processing by ProjectsController#index as HTML
Completed 401 Unauthorized in 2289ms (ActiveRecord: 0.0ms | Allocations: 2380)


Started GET "/users/sign_in" for 127.0.0.1 at 2026-04-05 21:51:40 +0500
Processing by Devise::SessionsController#new as HTML
  Rendering layout layouts/application.html.erb
  Rendering devise/sessions/new.html.erb within layouts/application
  Rendered devise/sessions/new.html.erb within layouts/application (Duration: 73.6ms | Allocations: 3084)
  Rendered layout layouts/application.html.erb (Duration: 146.2ms | Allocations: 11498)
Completed 200 OK in 2511ms (Views: 206.1ms | ActiveRecord: 20.3ms | Allocations: 19188)


Started GET "/favicon.ico" for 127.0.0.1 at 2026-04-05 21:52:01 +0500
  
ActionController::RoutingError (No route matches [GET] "/favicon.ico"):
  
Started GET "/users/sign_up" for 127.0.0.1 at 2026-04-05 21:52:02 +0500
Processing by Devise::RegistrationsController#new as HTML
  Rendering layout layouts/application.html.erb
  Rendering devise/registrations/new.html.erb within layouts/application
  Rendered devise/registrations/new.html.erb within layouts/application (Duration: 38.5ms | Allocations: 1993)
  Rendered layout layouts/application.html.erb (Duration: 41.9ms | Allocations: 2706)
Completed 200 OK in 2254ms (Views: 56.3ms | ActiveRecord: 0.0ms | Allocations: 3859)


Started POST "/users" for 127.0.0.1 at 2026-04-05 21:53:39 +0500
Processing by Devise::RegistrationsController#create as TURBO_STREAM
  Parameters: {"authenticity_token" => "[FILTERED]", "user" => {"name" => "Muneeb Sheikh", "email" => "[FILTERED]", "password" => "[FILTERED]", "password_confirmation" => "[FILTERED]"}, "commit" => "Create account"}
  [1m[36mTRANSACTION (1.2ms)[0m  [1m[35mBEGIN /*application:CodeCritic,controller:registrations,action:create*/[0m
  [1m[36mUser Exists? (12.5ms)[0m  [1m[34mSELECT 1 AS one FROM "users" WHERE "users"."email" = $1 LIMIT $2 /*application:CodeCritic,controller:registrations,action:create*/[0m  [["email", "[FILTERED]"], ["LIMIT", 1]]
  [1m[36mCACHE User Exists? (0.0ms)[0m  [1m[34mSELECT 1 AS one FROM "users" WHERE "users"."email" = $1 LIMIT $2[0m  [["email", "[FILTERED]"], ["LIMIT", 1]]
  [1m[36mTRANSACTION (2.2ms)[0m  [1m[31mROLLBACK /*application:CodeCritic,controller:registrations,action:create*/[0m
  Rendering layout layouts/application.html.erb
  Rendering devise/registrations/new.html.erb within layouts/application
  Rendered devise/registrations/new.html.erb within layouts/application (Duration: 21.6ms | Allocations: 2164)
  Rendered layout layouts/application.html.erb (Duration: 78.2ms | Allocations: 2831)
Completed 422 Unprocessable Entity in 2910ms (Views: 155.2ms | ActiveRecord: 15.9ms | Allocations: 13317)


Started POST "/users" for 127.0.0.1 at 2026-04-05 21:54:33 +0500
Processing by Devise::RegistrationsController#create as TURBO_STREAM
  Parameters: {"authenticity_token" => "[FILTERED]", "user" => {"name" => "Muneeb Sheikh", "email" => "[FILTERED]", "password" => "[FILTERED]", "password_confirmation" => "[FILTERED]"}, "commit" => "Create account"}
  [1m[36mTRANSACTION (0.4ms)[0m  [1m[35mBEGIN /*application:CodeCritic,controller:registrations,action:create*/[0m
  [1m[36mUser Exists? (0.6ms)[0m  [1m[34mSELECT 1 AS one FROM "users" WHERE "users"."email" = $1 LIMIT $2 /*application:CodeCritic,controller:registrations,action:create*/[0m  [["email", "[FILTERED]"], ["LIMIT", 1]]
  [1m[36mCACHE User Exists? (0.0ms)[0m  [1m[34mSELECT 1 AS one FROM "users" WHERE "users"."email" = $1 LIMIT $2[0m  [["email", "[FILTERED]"], ["LIMIT", 1]]
  [1m[36mTRANSACTION (0.7ms)[0m  [1m[31mROLLBACK /*application:CodeCritic,controller:registrations,action:create*/[0m
  Rendering layout layouts/application.html.erb
  Rendering devise/registrations/new.html.erb within layouts/application
  Rendered devise/registrations/new.html.erb within layouts/application (Duration: 7.4ms | Allocations: 2089)
  Rendered layout layouts/application.html.erb (Duration: 18.1ms | Allocations: 2756)
Completed 422 Unprocessable Entity in 2642ms (Views: 20.2ms | ActiveRecord: 1.6ms | Allocations: 10031)


Started POST "/users" for 127.0.0.1 at 2026-04-05 21:54:57 +0500
Processing by Devise::RegistrationsController#create as TURBO_STREAM
  Parameters: {"authenticity_token" => "[FILTERED]", "user" => {"name" => "Muneeb Sheikh", "email" => "[FILTERED]", "password" => "[FILTERED]", "password_confirmation" => "[FILTERED]"}, "commit" => "Create account"}
  [1m[36mTRANSACTION (0.7ms)[0m  [1m[35mBEGIN /*application:CodeCritic,controller:registrations,action:create*/[0m
  [1m[36mUser Exists? (0.6ms)[0m  [1m[34mSELECT 1 AS one FROM "users" WHERE "users"."email" = $1 LIMIT $2 /*application:CodeCritic,controller:registrations,action:create*/[0m  [["email", "[FILTERED]"], ["LIMIT", 1]]
  [1m[36mCACHE User Exists? (0.0ms)[0m  [1m[34mSELECT 1 AS one FROM "users" WHERE "users"."email" = $1 LIMIT $2[0m  [["email", "[FILTERED]"], ["LIMIT", 1]]
  [1m[36mTRANSACTION (0.4ms)[0m  [1m[31mROLLBACK /*application:CodeCritic,controller:registrations,action:create*/[0m
  Rendering layout layouts/application.html.erb
  Rendering devise/registrations/new.html.erb within layouts/application
  Rendered devise/registrations/new.html.erb within layouts/application (Duration: 6.7ms | Allocations: 2340)
  Rendered layout layouts/application.html.erb (Duration: 13.8ms | Allocations: 3007)
Completed 422 Unprocessable Entity in 2641ms (Views: 15.6ms | ActiveRecord: 1.7ms | Allocations: 10307)


Started POST "/users" for 127.0.0.1 at 2026-04-05 21:55:28 +0500
Processing by Devise::RegistrationsController#create as TURBO_STREAM
  Parameters: {"authenticity_token" => "[FILTERED]", "user" => {"name" => "Muneeb Sheikh", "email" => "[FILTERED]", "password" => "[FILTERED]", "password_confirmation" => "[FILTERED]"}, "commit" => "Create account"}
  [1m[36mTRANSACTION (0.2ms)[0m  [1m[35mBEGIN /*application:CodeCritic,controller:registrations,action:create*/[0m
  [1m[36mUser Exists? (0.6ms)[0m  [1m[34mSELECT 1 AS one FROM "users" WHERE "users"."email" = $1 LIMIT $2 /*application:CodeCritic,controller:registrations,action:create*/[0m  [["email", "[FILTERED]"], ["LIMIT", 1]]
  [1m[36mCACHE User Exists? (0.1ms)[0m  [1m[34mSELECT 1 AS one FROM "users" WHERE "users"."email" = $1 LIMIT $2[0m  [["email", "[FILTERED]"], ["LIMIT", 1]]
  [1m[36mUser Create (22.4ms)[0m  [1m[32mINSERT INTO "users" ("email", "encrypted_password", "reset_password_token", "reset_password_sent_at", "remember_created_at", "created_at", "updated_at", "name") VALUES ($1, $2, $3, $4, $5, $6, $7, $8) RETURNING "id" /*application:CodeCritic,controller:registrations,action:create*/[0m  [["email", "[FILTERED]"], ["encrypted_password", "[FILTERED]"], ["reset_password_token", "[FILTERED]"], ["reset_password_sent_at", "[FILTERED]"], ["remember_created_at", nil], ["created_at", "2026-04-05 16:55:31.463267"], ["updated_at", "2026-04-05 16:55:31.463267"], ["name", "Muneeb Sheikh"]]
  [1m[36mTRANSACTION (6.0ms)[0m  [1m[35mCOMMIT /*application:CodeCritic,controller:registrations,action:create*/[0m
Redirected to http://127.0.0.1:3000/
Completed 303 See Other in 3118ms (ActiveRecord: 29.2ms | Allocations: 9629)


Started GET "/" for 127.0.0.1 at 2026-04-05 21:55:34 +0500
Processing by ProjectsController#index as TURBO_STREAM
  [1m[36mUser Load (1.3ms)[0m  [1m[34mSELECT "users".* FROM "users" WHERE "users"."id" = $1 ORDER BY "users"."id" ASC LIMIT $2 /*application:CodeCritic,controller:projects,action:index*/[0m  [["id", 8], ["LIMIT", 1]]
  [1m[36mProject Load (5.6ms)[0m  [1m[34mSELECT "projects".* FROM "projects" WHERE "projects"."user_id" = $1 /*application:CodeCritic,controller:projects,action:index*/[0m  [["user_id", 8]]
  ↳ app/controllers/projects_controller.rb:7:in 'block in ProjectsController#index'
  Rendering layout layouts/application.html.erb
  Rendering projects/index.html.erb within layouts/application
  Rendered shared/_navbar.html.erb (Duration: 4.2ms | Allocations: 574)
  Rendered shared/_flash.html.erb (Duration: 2.7ms | Allocations: 150)
  Rendered projects/index.html.erb within layouts/application (Duration: 20.2ms | Allocations: 1470)
  Rendered layout layouts/application.html.erb (Duration: 23.8ms | Allocations: 2182)
Completed 200 OK in 2689ms (Views: 41.2ms | ActiveRecord: 11.8ms | Allocations: 18549)


Started GET "/projects/new" for 127.0.0.1 at 2026-04-05 21:55:42 +0500
Processing by ProjectsController#new as HTML
  [1m[36mUser Load (0.4ms)[0m  [1m[34mSELECT "users".* FROM "users" WHERE "users"."id" = $1 ORDER BY "users"."id" ASC LIMIT $2 /*application:CodeCritic,controller:projects,action:new*/[0m  [["id", 8], ["LIMIT", 1]]
  Rendering layout layouts/application.html.erb
  Rendering projects/new.html.erb within layouts/application
  Rendered shared/_navbar.html.erb (Duration: 1.2ms | Allocations: 322)
  Rendered shared/_flash.html.erb (Duration: 0.3ms | Allocations: 19)
  Rendered projects/new.html.erb within layouts/application (Duration: 24.5ms | Allocations: 1975)
  Rendered layout layouts/application.html.erb (Duration: 27.9ms | Allocations: 2642)
Completed 200 OK in 2229ms (Views: 30.7ms | ActiveRecord: 2.5ms | Allocations: 6334)


Started GET "/projects/new" for 127.0.0.1 at 2026-04-05 21:55:49 +0500
Processing by ProjectsController#new as HTML
  [1m[36mUser Load (0.4ms)[0m  [1m[34mSELECT "users".* FROM "users" WHERE "users"."id" = $1 ORDER BY "users"."id" ASC LIMIT $2 /*application:CodeCritic,controller:projects,action:new*/[0m  [["id", 8], ["LIMIT", 1]]
  Rendering layout layouts/application.html.erb
  Rendering projects/new.html.erb within layouts/application
  Rendered shared/_navbar.html.erb (Duration: 1.3ms | Allocations: 322)
  Rendered shared/_flash.html.erb (Duration: 0.1ms | Allocations: 19)
  Rendered projects/new.html.erb within layouts/application (Duration: 10.8ms | Allocations: 1271)
  Rendered layout layouts/application.html.erb (Duration: 13.2ms | Allocations: 1938)
Completed 200 OK in 1867ms (Views: 14.5ms | ActiveRecord: 0.4ms | Allocations: 3831)


Started GET "/projects/new" for 127.0.0.1 at 2026-04-05 21:56:12 +0500
Processing by ProjectsController#new as HTML
  [1m[36mUser Load (0.6ms)[0m  [1m[34mSELECT "users".* FROM "users" WHERE "users"."id" = $1 ORDER BY "users"."id" ASC LIMIT $2 /*application:CodeCritic,controller:projects,action:new*/[0m  [["id", 8], ["LIMIT", 1]]
  Rendering layout layouts/application.html.erb
  Rendering projects/new.html.erb within layouts/application
  Rendered shared/_navbar.html.erb (Duration: 1.4ms | Allocations: 322)
  Rendered shared/_flash.html.erb (Duration: 0.2ms | Allocations: 19)
  Rendered projects/new.html.erb within layouts/application (Duration: 7.7ms | Allocations: 1270)
  Rendered layout layouts/application.html.erb (Duration: 14.3ms | Allocations: 1937)
Completed 200 OK in 2309ms (Views: 16.0ms | ActiveRecord: 0.6ms | Allocations: 3851)


Started POST "/projects" for 127.0.0.1 at 2026-04-05 21:57:12 +0500
Processing by ProjectsController#create as TURBO_STREAM
  Parameters: {"authenticity_token" => "[FILTERED]", "project" => {"name" => "Connect Sphere", "description" => "Connect Sphere is a modern social networking platform designed to connect people through shared content, real-time interaction, and personalized user experiences. Inspired by popular social media applications, the platform allows users to create profiles, upload photos and videos, follow other users, and engage through likes, comments, and direct messaging.\n\nThe system is built around a robust and scalable database structure that efficiently manages user data, posts, relationships, and interactions. It includes key features such as user authentication, news feed generation, content storage, and social graph management (followers/following). The database is designed using relational concepts to ensure data consistency, integrity, and fast retrieval.\n\nCore modules include:\n\nUser Management: Registration, login, profile updates\nPost Management: Upload, edit, delete posts (images/videos)\nInteraction System: Likes, comments, and shares\nFollow System: User relationships and social graph\nMessaging: Private chat between users\nFeed Algorithm: Displays personalized content based on user activity\n\nThe project demonstrates practical implementation of database design concepts such as normalization, relationships (one-to-many, many-to-many), indexing, and query optimization. It aims to provide a seamless and engaging user experience while maintaining efficient backend performance."}, "commit" => "Create Project"}
  [1m[36mUser Load (0.5ms)[0m  [1m[34mSELECT "users".* FROM "users" WHERE "users"."id" = $1 ORDER BY "users"."id" ASC LIMIT $2 /*application:CodeCritic,controller:projects,action:create*/[0m  [["id", 8], ["LIMIT", 1]]
  [1m[36mTRANSACTION (0.4ms)[0m  [1m[35mBEGIN /*application:CodeCritic,controller:projects,action:create*/[0m
  ↳ app/controllers/projects_controller.rb:21:in 'ProjectsController#create'
  [1m[36mProject Create (13.6ms)[0m  [1m[32mINSERT INTO "projects" ("name", "description", "user_id", "created_at", "updated_at") VALUES ($1, $2, $3, $4, $5) RETURNING "id" /*application:CodeCritic,controller:projects,action:create*/[0m  [["name", "Connect Sphere"], ["description", "Connect Sphere is a modern social networking platform designed to connect people through shared content, real-time interaction, and personalized user experiences. Inspired by popular social media applications, the platform allows users to create profiles, upload photos and videos, follow other users, and engage through likes, comments, and direct messaging.\n\nThe system is built around a robust and scalable database structure that efficiently manages user data, posts, relationships, and interactions. It includes key features such as user authentication, news feed generation, content storage, and social graph management (followers/following). The database is designed using relational concepts to ensure data consistency, integrity, and fast retrieval.\n\nCore modules include:\n\nUser Management: Registration, login, profile updates\nPost Management: Upload, edit, delete posts (images/videos)\nInteraction System: Likes, comments, and shares\nFollow System: User relationships and social graph\nMessaging: Private chat between users\nFeed Algorithm: Displays personalized content based on user activity\n\nThe project demonstrates practical implementation of database design concepts such as normalization, relationships (one-to-many, many-to-many), indexing, and query optimization. It aims to provide a seamless and engaging user experience while maintaining efficient backend performance."], ["user_id", 8], ["created_at", "2026-04-05 16:57:16.116635"], ["updated_at", "2026-04-05 16:57:16.116635"]]
  ↳ app/controllers/projects_controller.rb:21:in 'ProjectsController#create'
  [1m[36mTRANSACTION (0.8ms)[0m  [1m[35mCOMMIT /*application:CodeCritic,controller:projects,action:create*/[0m
  ↳ app/controllers/projects_controller.rb:21:in 'ProjectsController#create'
Redirected to http://127.0.0.1:3000/projects/8
Completed 302 Found in 2891ms (ActiveRecord: 15.3ms | Allocations: 14328)


Started GET "/projects/8" for 127.0.0.1 at 2026-04-05 21:57:18 +0500
Processing by ProjectsController#show as TURBO_STREAM
  Parameters: {"id" => "8"}
  [1m[36mUser Load (0.5ms)[0m  [1m[34mSELECT "users".* FROM "users" WHERE "users"."id" = $1 ORDER BY "users"."id" ASC LIMIT $2 /*application:CodeCritic,controller:projects,action:show*/[0m  [["id", 8], ["LIMIT", 1]]
  ↳ app/controllers/projects_controller.rb:47:in 'ProjectsController#set_project'
  [1m[36mProject Load (0.5ms)[0m  [1m[34mSELECT "projects".* FROM "projects" WHERE "projects"."user_id" = $1 AND "projects"."id" = $2 LIMIT $3 /*application:CodeCritic,controller:projects,action:show*/[0m  [["user_id", 8], ["id", 8], ["LIMIT", 1]]
  ↳ app/controllers/projects_controller.rb:47:in 'ProjectsController#set_project'
  Rendering layout layouts/application.html.erb
  Rendering projects/show.html.erb within layouts/application
  Rendered shared/_navbar.html.erb (Duration: 1.1ms | Allocations: 313)
  Rendered shared/_flash.html.erb (Duration: 0.2ms | Allocations: 22)
  [1m[36mCodeFile Count (10.7ms)[0m  [1m[34mSELECT COUNT(*) FROM "code_files" WHERE "code_files"."project_id" = $1 /*application:CodeCritic,controller:projects,action:show*/[0m  [["project_id", 8]]
  ↳ app/views/projects/show.html.erb:39:in '_app_views_projects_show_html_erb__990347820_13096'
  [1m[36mCACHE CodeFile Count (0.0ms)[0m  [1m[34mSELECT COUNT(*) FROM "code_files" WHERE "code_files"."project_id" = $1[0m  [["project_id", 8]]
  ↳ app/views/projects/show.html.erb:64:in '_app_views_projects_show_html_erb__990347820_13096'
  [1m[36mCodeFile Exists? (0.5ms)[0m  [1m[34mSELECT 1 AS one FROM "code_files" WHERE "code_files"."project_id" = $1 LIMIT $2 /*application:CodeCritic,controller:projects,action:show*/[0m  [["project_id", 8], ["LIMIT", 1]]
  ↳ app/views/projects/show.html.erb:67:in '_app_views_projects_show_html_erb__990347820_13096'
  Rendered projects/show.html.erb within layouts/application (Duration: 67.0ms | Allocations: 6200)
  Rendered layout layouts/application.html.erb (Duration: 71.9ms | Allocations: 6868)
Completed 200 OK in 2242ms (Views: 60.9ms | ActiveRecord: 15.3ms | Allocations: 9454)


Started GET "/" for 127.0.0.1 at 2026-07-17 19:05:25 +0500
  [1m[36mActiveRecord::SchemaMigration Pluck (4.8ms)[0m  [1m[34mSELECT "schema_migrations"."version" FROM "schema_migrations" ORDER BY "schema_migrations"."version" ASC /*application:CodeCritic*/[0m
Processing by ProjectsController#index as HTML
Completed 401 Unauthorized in 1202ms (ActiveRecord: 0.0ms | Allocations: 3765)


Started GET "/users/sign_in" for 127.0.0.1 at 2026-07-17 19:05:30 +0500
Started GET "/" for 127.0.0.1 at 2026-07-17 19:05:31 +0500
Processing by Devise::SessionsController#new as HTML
Processing by ProjectsController#index as HTML
Completed 401 Unauthorized in 1678ms (ActiveRecord: 0.0ms | Allocations: 8339)


  Rendering layout layouts/application.html.erb
  Rendering devise/sessions/new.html.erb within layouts/application
  Rendered devise/sessions/new.html.erb within layouts/application (Duration: 88.1ms | Allocations: 4465)
  Rendered layout layouts/application.html.erb (Duration: 350.8ms | Allocations: 13102)
Completed 200 OK in 2176ms (Views: 450.8ms | ActiveRecord: 37.6ms | Allocations: 25045)


Started GET "/users/sign_in" for 127.0.0.1 at 2026-07-17 19:05:36 +0500
Processing by Devise::SessionsController#new as HTML
  Rendering layout layouts/application.html.erb
  Rendering devise/sessions/new.html.erb within layouts/application
  Rendered devise/sessions/new.html.erb within layouts/application (Duration: 1.7ms | Allocations: 1142)
  Rendered layout layouts/application.html.erb (Duration: 4.8ms | Allocations: 1888)
Completed 200 OK in 2394ms (Views: 9.0ms | ActiveRecord: 0.0ms | Allocations: 3281)


Started GET "/users/sign_up" for 127.0.0.1 at 2026-07-17 19:05:46 +0500
Processing by Devise::RegistrationsController#new as HTML
  Rendering layout layouts/application.html.erb
  Rendering devise/registrations/new.html.erb within layouts/application
  Rendered devise/registrations/new.html.erb within layouts/application (Duration: 10.1ms | Allocations: 2504)
  Rendered layout layouts/application.html.erb (Duration: 12.6ms | Allocations: 3295)
Completed 200 OK in 936ms (Views: 22.2ms | ActiveRecord: 0.0ms | Allocations: 4524)


Started POST "/users" for 127.0.0.1 at 2026-07-17 19:06:24 +0500
Processing by Devise::RegistrationsController#create as TURBO_STREAM
  Parameters: {"authenticity_token"=>"[FILTERED]", "user"=>{"name"=>"John Dee", "email"=>"[FILTERED]", "password"=>"[FILTERED]", "password_confirmation"=>"[FILTERED]"}, "commit"=>"Create account"}
  [1m[36mTRANSACTION (0.7ms)[0m  [1m[35mBEGIN /*application:CodeCritic,controller:registrations,action:create*/[0m
  [1m[36mUser Exists? (13.8ms)[0m  [1m[34mSELECT 1 AS one FROM "users" WHERE "users"."email" = $1 LIMIT $2 /*application:CodeCritic,controller:registrations,action:create*/[0m  [["email", "[FILTERED]"], ["LIMIT", 1]]
  [1m[36mCACHE User Exists? (0.0ms)[0m  [1m[34mSELECT 1 AS one FROM "users" WHERE "users"."email" = $1 LIMIT $2[0m  [["email", "[FILTERED]"], ["LIMIT", 1]]
  [1m[36mUser Create (23.9ms)[0m  [1m[32mINSERT INTO "users" ("email", "encrypted_password", "reset_password_token", "reset_password_sent_at", "remember_created_at", "created_at", "updated_at", "name") VALUES ($1, $2, $3, $4, $5, $6, $7, $8) RETURNING "id" /*application:CodeCritic,controller:registrations,action:create*/[0m  [["email", "[FILTERED]"], ["encrypted_password", "[FILTERED]"], ["reset_password_token", "[FILTERED]"], ["reset_password_sent_at", "[FILTERED]"], ["remember_created_at", nil], ["created_at", "2026-07-17 14:06:26.016111"], ["updated_at", "2026-07-17 14:06:26.016111"], ["name", "John Dee"]]
  [1m[36mTRANSACTION (4.1ms)[0m  [1m[35mCOMMIT /*application:CodeCritic,controller:registrations,action:create*/[0m
Redirected to http://127.0.0.1:3000/
Completed 303 See Other in 1432ms (ActiveRecord: 42.5ms | Allocations: 14048)


Started GET "/" for 127.0.0.1 at 2026-07-17 19:06:27 +0500
Processing by ProjectsController#index as TURBO_STREAM
  [1m[36mUser Load (1.4ms)[0m  [1m[34mSELECT "users".* FROM "users" WHERE "users"."id" = $1 ORDER BY "users"."id" ASC LIMIT $2 /*application:CodeCritic,controller:projects,action:index*/[0m  [["id", 9], ["LIMIT", 1]]
  [1m[36mProject Load (3.2ms)[0m  [1m[34mSELECT "projects".* FROM "projects" WHERE "projects"."user_id" = $1 /*application:CodeCritic,controller:projects,action:index*/[0m  [["user_id", 9]]
  ↳ app/controllers/projects_controller.rb:7:in `block in index'
  Rendering layout layouts/application.html.erb
  Rendering projects/index.html.erb within layouts/application
  Rendered shared/_navbar.html.erb (Duration: 1.9ms | Allocations: 731)
  Rendered shared/_flash.html.erb (Duration: 1.5ms | Allocations: 217)
  Rendered projects/index.html.erb within layouts/application (Duration: 12.8ms | Allocations: 1963)
  Rendered layout layouts/application.html.erb (Duration: 14.0ms | Allocations: 2755)
Completed 200 OK in 1031ms (Views: 20.1ms | ActiveRecord: 7.6ms | Allocations: 14237)


Started GET "/projects/new" for 127.0.0.1 at 2026-07-17 19:06:33 +0500
Processing by ProjectsController#new as HTML
  [1m[36mUser Load (0.4ms)[0m  [1m[34mSELECT "users".* FROM "users" WHERE "users"."id" = $1 ORDER BY "users"."id" ASC LIMIT $2 /*application:CodeCritic,controller:projects,action:new*/[0m  [["id", 9], ["LIMIT", 1]]
  Rendering layout layouts/application.html.erb
  Rendering projects/new.html.erb within layouts/application
  Rendered shared/_navbar.html.erb (Duration: 0.7ms | Allocations: 337)
  Rendered shared/_flash.html.erb (Duration: 0.1ms | Allocations: 20)
  Rendered projects/new.html.erb within layouts/application (Duration: 20.4ms | Allocations: 2471)
  Rendered layout layouts/application.html.erb (Duration: 22.9ms | Allocations: 3215)
Completed 200 OK in 1112ms (Views: 27.8ms | ActiveRecord: 4.3ms | Allocations: 7084)


Started POST "/projects" for 127.0.0.1 at 2026-07-17 19:07:20 +0500
Processing by ProjectsController#create as TURBO_STREAM
  Parameters: {"authenticity_token"=>"[FILTERED]", "project"=>{"name"=>"Jamat Finder", "description"=>"This project is about finding the jamat timing of near by mosque in your surrondings\n"}, "commit"=>"Create Project"}
  [1m[36mUser Load (0.3ms)[0m  [1m[34mSELECT "users".* FROM "users" WHERE "users"."id" = $1 ORDER BY "users"."id" ASC LIMIT $2 /*application:CodeCritic,controller:projects,action:create*/[0m  [["id", 9], ["LIMIT", 1]]
  [1m[36mTRANSACTION (0.2ms)[0m  [1m[35mBEGIN /*application:CodeCritic,controller:projects,action:create*/[0m
  ↳ app/controllers/projects_controller.rb:21:in `create'
  [1m[36mProject Create (12.3ms)[0m  [1m[32mINSERT INTO "projects" ("name", "description", "user_id", "created_at", "updated_at") VALUES ($1, $2, $3, $4, $5) RETURNING "id" /*application:CodeCritic,controller:projects,action:create*/[0m  [["name", "Jamat Finder"], ["description", "This project is about finding the jamat timing of near by mosque in your surrondings\n"], ["user_id", 9], ["created_at", "2026-07-17 14:07:21.329149"], ["updated_at", "2026-07-17 14:07:21.329149"]]
  ↳ app/controllers/projects_controller.rb:21:in `create'
  [1m[36mTRANSACTION (0.6ms)[0m  [1m[35mCOMMIT /*application:CodeCritic,controller:projects,action:create*/[0m
  ↳ app/controllers/projects_controller.rb:21:in `create'
Redirected to http://127.0.0.1:3000/projects/9
Completed 302 Found in 1047ms (ActiveRecord: 13.4ms | Allocations: 13417)


Started GET "/projects/9" for 127.0.0.1 at 2026-07-17 19:07:22 +0500
Processing by ProjectsController#show as TURBO_STREAM
  Parameters: {"id"=>"9"}
  [1m[36mUser Load (0.3ms)[0m  [1m[34mSELECT "users".* FROM "users" WHERE "users"."id" = $1 ORDER BY "users"."id" ASC LIMIT $2 /*application:CodeCritic,controller:projects,action:show*/[0m  [["id", 9], ["LIMIT", 1]]
  ↳ app/controllers/projects_controller.rb:47:in `set_project'
  [1m[36mProject Load (0.3ms)[0m  [1m[34mSELECT "projects".* FROM "projects" WHERE "projects"."user_id" = $1 AND "projects"."id" = $2 LIMIT $3 /*application:CodeCritic,controller:projects,action:show*/[0m  [["user_id", 9], ["id", 9], ["LIMIT", 1]]
  ↳ app/controllers/projects_controller.rb:47:in `set_project'
  Rendering layout layouts/application.html.erb
  Rendering projects/show.html.erb within layouts/application
  Rendered shared/_navbar.html.erb (Duration: 0.5ms | Allocations: 328)
  Rendered shared/_flash.html.erb (Duration: 0.1ms | Allocations: 23)
  [1m[36mCodeFile Count (10.2ms)[0m  [1m[34mSELECT COUNT(*) FROM "code_files" WHERE "code_files"."project_id" = $1 /*application:CodeCritic,controller:projects,action:show*/[0m  [["project_id", 9]]
  ↳ app/views/projects/show.html.erb:39
  [1m[36mCACHE CodeFile Count (0.0ms)[0m  [1m[34mSELECT COUNT(*) FROM "code_files" WHERE "code_files"."project_id" = $1[0m  [["project_id", 9]]
  ↳ app/views/projects/show.html.erb:64
  [1m[36mCodeFile Exists? (0.4ms)[0m  [1m[34mSELECT 1 AS one FROM "code_files" WHERE "code_files"."project_id" = $1 LIMIT $2 /*application:CodeCritic,controller:projects,action:show*/[0m  [["project_id", 9], ["LIMIT", 1]]
  ↳ app/views/projects/show.html.erb:67
  Rendered projects/show.html.erb within layouts/application (Duration: 65.1ms | Allocations: 6910)
  Rendered layout layouts/application.html.erb (Duration: 66.8ms | Allocations: 7655)
Completed 200 OK in 1243ms (Views: 55.0ms | ActiveRecord: 13.3ms | Allocations: 10027)


Started GET "/projects/9/code_files/new" for 127.0.0.1 at 2026-07-17 19:07:28 +0500
Processing by CodeFilesController#new as HTML
  Parameters: {"project_id"=>"9"}
  [1m[36mUser Load (0.3ms)[0m  [1m[34mSELECT "users".* FROM "users" WHERE "users"."id" = $1 ORDER BY "users"."id" ASC LIMIT $2 /*application:CodeCritic,controller:code_files,action:new*/[0m  [["id", 9], ["LIMIT", 1]]
  ↳ app/controllers/code_files_controller.rb:45:in `set_project'
  [1m[36mProject Load (0.3ms)[0m  [1m[34mSELECT "projects".* FROM "projects" WHERE "projects"."user_id" = $1 AND "projects"."id" = $2 LIMIT $3 /*application:CodeCritic,controller:code_files,action:new*/[0m  [["user_id", 9], ["id", 9], ["LIMIT", 1]]
  ↳ app/controllers/code_files_controller.rb:45:in `set_project'
  Rendering layout layouts/application.html.erb
  Rendering code_files/new.html.erb within layouts/application
  Rendered shared/_navbar.html.erb (Duration: 0.5ms | Allocations: 387)
  Rendered shared/_flash.html.erb (Duration: 0.1ms | Allocations: 23)
  Rendered code_files/new.html.erb within layouts/application (Duration: 21.0ms | Allocations: 3393)
  Rendered layout layouts/application.html.erb (Duration: 23.8ms | Allocations: 4181)
Completed 200 OK in 875ms (Views: 30.8ms | ActiveRecord: 2.3ms | Allocations: 9908)


Started POST "/projects/9/code_files" for 127.0.0.1 at 2026-07-17 19:07:52 +0500
Processing by CodeFilesController#create as TURBO_STREAM
  Parameters: {"authenticity_token"=>"[FILTERED]", "code_file"=>{"language"=>"python", "content"=>"import easyocr\r\nimport cv2\r\nimport re\r\n\r\nreader = easyocr.Reader(['en'], gpu=False)\r\n\r\nprayers = [\r\n    \"fajr\",\r\n    \"zuhr\",\r\n    \"asr\",\r\n    \"maghrib\",\r\n    \"isha\"\r\n]\r\n\r\ntimes = {}\r\n\r\nfor prayer in prayers:\r\n\r\n    img = cv2.imread(f\"rows/{prayer}.png\")\r\n\r\n    if img is None:\r\n        print(f\"{prayer} image not found\")\r\n        continue\r\n\r\n    # Upscale\r\n    img = cv2.resize(\r\n        img,\r\n        None,\r\n        fx=3,\r\n        fy=3,\r\n        interpolation=cv2.INTER_CUBIC\r\n    )\r\n\r\n    # Sharpen Image\r\n    kernel = [\r\n        [-1,-1,-1],\r\n        [-1, 9,-1],\r\n        [-1,-1,-1]\r\n    ]\r\n\r\n    kernel = cv2.UMat(\r\n        cv2.UMat(\r\n            cv2.getStructuringElement(cv2.MORPH_RECT,(1,1))\r\n        )\r\n    )\r\n\r\n    # Instead use simple sharpen\r\n    sharpen = cv2.filter2D(\r\n        img,\r\n        -1,\r\n        cv2.UMat(cv2.getStructuringElement(cv2.MORPH_RECT,(1,1))).get()\r\n    )\r\n\r\n    # OCR on original + sharpen\r\n    results = []\r\n\r\n    for image in [img, sharpen]:\r\n\r\n        r = reader.readtext(\r\n            image,\r\n            detail=1,\r\n            paragraph=False,\r\n            allowlist=\"0123456789\"\r\n        )\r\n\r\n        results.extend(r)\r\n\r\n    print(\"\\n====================\")\r\n    print(prayer)\r\n    print(results)\r\n\r\n    if len(results) == 0:\r\n        times[prayer] = None\r\n        continue\r\n\r\n    # Sort left to right\r\n    results = sorted(results, key=lambda x: x[0][0][0])\r\n\r\n    digits = \"\"\r\n\r\n    for r in results:\r\n\r\n        text = re.sub(r\"\\D\",\"\",r[1])\r\n\r\n        digits += text\r\n\r\n    print(\"Raw OCR:\", digits)\r\n\r\n    if len(digits) < 3:\r\n        times[prayer] = None\r\n        continue\r\n\r\n    if len(digits) > 4:\r\n        digits = digits[-4:]\r\n\r\n    if len(digits)==3:\r\n\r\n        hour=int(digits[0])\r\n        minute=int(digits[1:])\r\n\r\n    else:\r\n\r\n        hour=int(digits[:2])\r\n        minute=int(digits[2:])\r\n\r\n    # Validate\r\n\r\n    if hour>12:\r\n        hour%=12\r\n\r\n    if hour==0:\r\n        hour=12\r\n\r\n    if minute>59:\r\n        minute=0\r\n\r\n    time=f\"{hour}:{minute:02d}\"\r\n\r\n    times[prayer]=time\r\n\r\n    print(\"Time:\",time)\r\n\r\nprint(\"\\n====================\")\r\nprint(\"FINAL TIMINGS\")\r\nprint(times)"}, "commit"=>"Add File", "project_id"=>"9"}
  [1m[36mUser Load (0.3ms)[0m  [1m[34mSELECT "users".* FROM "users" WHERE "users"."id" = $1 ORDER BY "users"."id" ASC LIMIT $2 /*application:CodeCritic,controller:code_files,action:create*/[0m  [["id", 9], ["LIMIT", 1]]
  ↳ app/controllers/code_files_controller.rb:45:in `set_project'
  [1m[36mProject Load (0.4ms)[0m  [1m[34mSELECT "projects".* FROM "projects" WHERE "projects"."user_id" = $1 AND "projects"."id" = $2 LIMIT $3 /*application:CodeCritic,controller:code_files,action:create*/[0m  [["user_id", 9], ["id", 9], ["LIMIT", 1]]
  ↳ app/controllers/code_files_controller.rb:45:in `set_project'
  [1m[36mTRANSACTION (0.3ms)[0m  [1m[35mBEGIN /*application:CodeCritic,controller:code_files,action:create*/[0m
  ↳ app/models/code_file.rb:21:in `acceptable_file'
  [1m[36mCodeFile Create (29.2ms)[0m  [1m[32mINSERT INTO "code_files" ("content", "language", "project_id", "created_at", "updated_at") VALUES ($1, $2, $3, $4, $5) RETURNING "id" /*application:CodeCritic,controller:code_files,action:create*/[0m  [["content", "import easyocr\r\nimport cv2\r\nimport re\r\n\r\nreader = easyocr.Reader(['en'], gpu=False)\r\n\r\nprayers = [\r\n    \"fajr\",\r\n    \"zuhr\",\r\n    \"asr\",\r\n    \"maghrib\",\r\n    \"isha\"\r\n]\r\n\r\ntimes = {}\r\n\r\nfor prayer in prayers:\r\n\r\n    img = cv2.imread(f\"rows/{prayer}.png\")\r\n\r\n    if img is None:\r\n        print(f\"{prayer} image not found\")\r\n        continue\r\n\r\n    # Upscale\r\n    img = cv2.resize(\r\n        img,\r\n        None,\r\n        fx=3,\r\n        fy=3,\r\n        interpolation=cv2.INTER_CUBIC\r\n    )\r\n\r\n    # Sharpen Image\r\n    kernel = [\r\n        [-1,-1,-1],\r\n        [-1, 9,-1],\r\n        [-1,-1,-1]\r\n    ]\r\n\r\n    kernel = cv2.UMat(\r\n        cv2.UMat(\r\n            cv2.getStructuringElement(cv2.MORPH_RECT,(1,1))\r\n        )\r\n    )\r\n\r\n    # Instead use simple sharpen\r\n    sharpen = cv2.filter2D(\r\n        img,\r\n        -1,\r\n        cv2.UMat(cv2.getStructuringElement(cv2.MORPH_RECT,(1,1))).get()\r\n    )\r\n\r\n    # OCR on original + sharpen\r\n    results = []\r\n\r\n    for image in [img, sharpen]:\r\n\r\n        r = reader.readtext(\r\n            image,\r\n            detail=1,\r\n            paragraph=False,\r\n            allowlist=\"0123456789\"\r\n        )\r\n\r\n        results.extend(r)\r\n\r\n    print(\"\\n====================\")\r\n    print(prayer)\r\n    print(results)\r\n\r\n    if len(results) == 0:\r\n        times[prayer] = None\r\n        continue\r\n\r\n    # Sort left to right\r\n    results = sorted(results, key=lambda x: x[0][0][0])\r\n\r\n    digits = \"\"\r\n\r\n    for r in results:\r\n\r\n        text = re.sub(r\"\\D\",\"\",r[1])\r\n\r\n        digits += text\r\n\r\n    print(\"Raw OCR:\", digits)\r\n\r\n    if len(digits) < 3:\r\n        times[prayer] = None\r\n        continue\r\n\r\n    if len(digits) > 4:\r\n        digits = digits[-4:]\r\n\r\n    if len(digits)==3:\r\n\r\n        hour=int(digits[0])\r\n        minute=int(digits[1:])\r\n\r\n    else:\r\n\r\n        hour=int(digits[:2])\r\n        minute=int(digits[2:])\r\n\r\n    # Validate\r\n\r\n    if hour>12:\r\n        hour%=12\r\n\r\n    if hour==0:\r\n        hour=12\r\n\r\n    if minute>59:\r\n        minute=0\r\n\r\n    time=f\"{hour}:{minute:02d}\"\r\n\r\n    times[prayer]=time\r\n\r\n    print(\"Time:\",time)\r\n\r\nprint(\"\\n====================\")\r\nprint(\"FINAL TIMINGS\")\r\nprint(times)"], ["language", "python"], ["project_id", 9], ["created_at", "2026-07-17 14:07:53.290028"], ["updated_at", "2026-07-17 14:07:53.290028"]]
  ↳ app/controllers/code_files_controller.rb:18:in `create'
  [1m[36mTRANSACTION (0.6ms)[0m  [1m[35mCOMMIT /*application:CodeCritic,controller:code_files,action:create*/[0m
  ↳ app/controllers/code_files_controller.rb:18:in `create'
Redirected to http://127.0.0.1:3000/code_files/15
Completed 302 Found in 979ms (ActiveRecord: 34.8ms | Allocations: 7266)


Started GET "/code_files/15" for 127.0.0.1 at 2026-07-17 19:07:54 +0500
Processing by CodeFilesController#show as TURBO_STREAM
  Parameters: {"id"=>"15"}
  [1m[36mCodeFile Load (0.5ms)[0m  [1m[34mSELECT "code_files".* FROM "code_files" WHERE "code_files"."id" = $1 LIMIT $2 /*application:CodeCritic,controller:code_files,action:show*/[0m  [["id", 15], ["LIMIT", 1]]
  ↳ app/controllers/code_files_controller.rb:52:in `set_code_file'
  [1m[36mProject Load (0.6ms)[0m  [1m[34mSELECT "projects".* FROM "projects" WHERE "projects"."id" = $1 LIMIT $2 /*application:CodeCritic,controller:code_files,action:show*/[0m  [["id", 9], ["LIMIT", 1]]
  ↳ app/controllers/code_files_controller.rb:47:in `set_project'
  Rendering layout layouts/application.html.erb
  Rendering code_files/show.html.erb within layouts/application
  [1m[36mUser Load (0.3ms)[0m  [1m[34mSELECT "users".* FROM "users" WHERE "users"."id" = $1 ORDER BY "users"."id" ASC LIMIT $2 /*application:CodeCritic,controller:code_files,action:show*/[0m  [["id", 9], ["LIMIT", 1]]
  ↳ app/views/shared/_navbar.html.erb:24
  Rendered shared/_navbar.html.erb (Duration: 5.8ms | Allocations: 1374)
  Rendered shared/_flash.html.erb (Duration: 0.1ms | Allocations: 23)
  [1m[36mReview Load (5.8ms)[0m  [1m[34mSELECT "reviews".* FROM "reviews" WHERE "reviews"."code_file_id" = $1 LIMIT $2 /*application:CodeCritic,controller:code_files,action:show*/[0m  [["code_file_id", 15], ["LIMIT", 1]]
  ↳ app/views/code_files/show.html.erb:38
  Rendered code_files/show.html.erb within layouts/application (Duration: 31.9ms | Allocations: 7260)
  Rendered layout layouts/application.html.erb (Duration: 33.1ms | Allocations: 8005)
Completed 200 OK in 1049ms (Views: 26.0ms | ActiveRecord: 8.9ms | Allocations: 10951)


Started POST "/code_files/15/review" for 127.0.0.1 at 2026-07-17 19:08:01 +0500
Processing by ReviewsController#create as TURBO_STREAM
  Parameters: {"authenticity_token"=>"[FILTERED]", "code_file_id"=>"15"}
  [1m[36mCodeFile Load (0.3ms)[0m  [1m[34mSELECT "code_files".* FROM "code_files" WHERE "code_files"."id" = $1 LIMIT $2 /*application:CodeCritic,controller:reviews,action:create*/[0m  [["id", 15], ["LIMIT", 1]]
  ↳ app/controllers/reviews_controller.rb:7:in `create'
  [1m[36mReview Load (0.3ms)[0m  [1m[34mSELECT "reviews".* FROM "reviews" WHERE "reviews"."code_file_id" = $1 /*application:CodeCritic,controller:reviews,action:create*/[0m  [["code_file_id", 15]]
  ↳ app/controllers/reviews_controller.rb:10:in `create'
HF AI Error: unexpected token 'Not' at line 1 column 1
  [1m[36mCACHE CodeFile Load (0.0ms)[0m  [1m[34mSELECT "code_files".* FROM "code_files" WHERE "code_files"."id" = $1 LIMIT $2[0m  [["id", 15], ["LIMIT", 1]]
  ↳ app/controllers/reviews_controller.rb:18:in `create'
  [1m[36mTRANSACTION (0.3ms)[0m  [1m[35mBEGIN /*application:CodeCritic,controller:reviews,action:create*/[0m
  ↳ app/controllers/reviews_controller.rb:18:in `create'
  [1m[36mReview Create (5.9ms)[0m  [1m[32mINSERT INTO "reviews" ("status", "result", "summary", "code_file_id", "created_at", "updated_at") VALUES ($1, $2, $3, $4, $5, $6) RETURNING "id" /*application:CodeCritic,controller:reviews,action:create*/[0m  [["status", "completed"], ["result", "[]"], ["summary", nil], ["code_file_id", 15], ["created_at", "2026-07-17 14:08:03.565653"], ["updated_at", "2026-07-17 14:08:03.565653"]]
  ↳ app/controllers/reviews_controller.rb:18:in `create'
  [1m[36mTRANSACTION (0.7ms)[0m  [1m[35mCOMMIT /*application:CodeCritic,controller:reviews,action:create*/[0m
  ↳ app/controllers/reviews_controller.rb:18:in `create'
Redirected to http://127.0.0.1:3000/code_files/15
Completed 302 Found in 1974ms (ActiveRecord: 10.3ms | Allocations: 51439)


Started GET "/code_files/15" for 127.0.0.1 at 2026-07-17 19:08:04 +0500
Processing by CodeFilesController#show as TURBO_STREAM
  Parameters: {"id"=>"15"}
  [1m[36mCodeFile Load (0.5ms)[0m  [1m[34mSELECT "code_files".* FROM "code_files" WHERE "code_files"."id" = $1 LIMIT $2 /*application:CodeCritic,controller:code_files,action:show*/[0m  [["id", 15], ["LIMIT", 1]]
  ↳ app/controllers/code_files_controller.rb:52:in `set_code_file'
  [1m[36mProject Load (0.4ms)[0m  [1m[34mSELECT "projects".* FROM "projects" WHERE "projects"."id" = $1 LIMIT $2 /*application:CodeCritic,controller:code_files,action:show*/[0m  [["id", 9], ["LIMIT", 1]]
  ↳ app/controllers/code_files_controller.rb:47:in `set_project'
  Rendering layout layouts/application.html.erb
  Rendering code_files/show.html.erb within layouts/application
  [1m[36mUser Load (0.6ms)[0m  [1m[34mSELECT "users".* FROM "users" WHERE "users"."id" = $1 ORDER BY "users"."id" ASC LIMIT $2 /*application:CodeCritic,controller:code_files,action:show*/[0m  [["id", 9], ["LIMIT", 1]]
  ↳ app/views/shared/_navbar.html.erb:24
  Rendered shared/_navbar.html.erb (Duration: 6.0ms | Allocations: 1787)
  Rendered shared/_flash.html.erb (Duration: 0.2ms | Allocations: 31)
  [1m[36mReview Load (0.5ms)[0m  [1m[34mSELECT "reviews".* FROM "reviews" WHERE "reviews"."code_file_id" = $1 LIMIT $2 /*application:CodeCritic,controller:code_files,action:show*/[0m  [["code_file_id", 15], ["LIMIT", 1]]
  ↳ app/views/code_files/show.html.erb:38
  [1m[36mComment Count (5.1ms)[0m  [1m[34mSELECT COUNT(*) FROM "comments" WHERE "comments"."review_id" = $1 /*application:CodeCritic,controller:code_files,action:show*/[0m  [["review_id", 6]]
  ↳ app/views/code_files/show.html.erb:203
  [1m[36mComment Load (0.5ms)[0m  [1m[34mSELECT "comments".* FROM "comments" WHERE "comments"."review_id" = $1 ORDER BY "comments"."created_at" ASC /*application:CodeCritic,controller:code_files,action:show*/[0m  [["review_id", 6]]
  ↳ app/views/code_files/show.html.erb:224
  Rendered collection of templates [0 times] (Duration: 0.1ms | Allocations: 32)
  [1m[36mComment Exists? (0.6ms)[0m  [1m[34mSELECT 1 AS one FROM "comments" WHERE "comments"."review_id" = $1 LIMIT $2 /*application:CodeCritic,controller:code_files,action:show*/[0m  [["review_id", 6], ["LIMIT", 1]]
  ↳ app/views/code_files/show.html.erb:227
  Rendered code_files/show.html.erb within layouts/application (Duration: 172.4ms | Allocations: 9401)
  Rendered layout layouts/application.html.erb (Duration: 175.3ms | Allocations: 10233)
Completed 200 OK in 1211ms (Views: 169.5ms | ActiveRecord: 10.5ms | Allocations: 12272)


Started POST "/code_files/15/review" for 127.0.0.1 at 2026-07-17 20:58:36 +0500
Processing by ReviewsController#create as TURBO_STREAM
  Parameters: {"authenticity_token"=>"[FILTERED]", "code_file_id"=>"15"}
  [1m[36mCodeFile Load (12.0ms)[0m  [1m[34mSELECT "code_files".* FROM "code_files" WHERE "code_files"."id" = $1 LIMIT $2 /*application:CodeCritic,controller:reviews,action:create*/[0m  [["id", 15], ["LIMIT", 1]]
  ↳ app/controllers/reviews_controller.rb:7:in `create'
  [1m[36mReview Load (5.8ms)[0m  [1m[34mSELECT "reviews".* FROM "reviews" WHERE "reviews"."code_file_id" = $1 /*application:CodeCritic,controller:reviews,action:create*/[0m  [["code_file_id", 15]]
  ↳ app/controllers/reviews_controller.rb:10:in `create'
  [1m[36mTRANSACTION (1.1ms)[0m  [1m[35mBEGIN /*application:CodeCritic,controller:reviews,action:create*/[0m
  ↳ app/controllers/reviews_controller.rb:10:in `create'
  [1m[36mComment Load (5.4ms)[0m  [1m[34mSELECT "comments".* FROM "comments" WHERE "comments"."review_id" = $1 /*application:CodeCritic,controller:reviews,action:create*/[0m  [["review_id", 6]]
  ↳ app/controllers/reviews_controller.rb:10:in `create'
  [1m[36mReview Destroy (10.2ms)[0m  [1m[31mDELETE FROM "reviews" WHERE "reviews"."id" = $1 /*application:CodeCritic,controller:reviews,action:create*/[0m  [["id", 6]]
  ↳ app/controllers/reviews_controller.rb:10:in `create'
  [1m[36mTRANSACTION (2.4ms)[0m  [1m[35mCOMMIT /*application:CodeCritic,controller:reviews,action:create*/[0m
  ↳ app/controllers/reviews_controller.rb:10:in `create'
HF AI Error: Failed to open TCP connection to router.huggingface.co:443 (getaddrinfo: No such host is known. )
  [1m[36mTRANSACTION (0.3ms)[0m  [1m[35mBEGIN /*application:CodeCritic,controller:reviews,action:create*/[0m
  ↳ app/controllers/reviews_controller.rb:18:in `create'
  [1m[36mCodeFile Load (0.6ms)[0m  [1m[34mSELECT "code_files".* FROM "code_files" WHERE "code_files"."id" = $1 LIMIT $2 /*application:CodeCritic,controller:reviews,action:create*/[0m  [["id", 15], ["LIMIT", 1]]
  ↳ app/controllers/reviews_controller.rb:18:in `create'
  [1m[36mReview Create (7.2ms)[0m  [1m[32mINSERT INTO "reviews" ("status", "result", "summary", "code_file_id", "created_at", "updated_at") VALUES ($1, $2, $3, $4, $5, $6) RETURNING "id" /*application:CodeCritic,controller:reviews,action:create*/[0m  [["status", "completed"], ["result", "[]"], ["summary", nil], ["code_file_id", 15], ["created_at", "2026-07-17 15:58:50.660528"], ["updated_at", "2026-07-17 15:58:50.660528"]]
  ↳ app/controllers/reviews_controller.rb:18:in `create'
  [1m[36mTRANSACTION (0.7ms)[0m  [1m[35mCOMMIT /*application:CodeCritic,controller:reviews,action:create*/[0m
  ↳ app/controllers/reviews_controller.rb:18:in `create'
Redirected to http://127.0.0.1:3000/code_files/15
Completed 302 Found in 14104ms (ActiveRecord: 182.6ms | Allocations: 12925)


Started GET "/code_files/15" for 127.0.0.1 at 2026-07-17 20:58:51 +0500
Processing by CodeFilesController#show as TURBO_STREAM
  Parameters: {"id"=>"15"}
  [1m[36mCodeFile Load (0.4ms)[0m  [1m[34mSELECT "code_files".* FROM "code_files" WHERE "code_files"."id" = $1 LIMIT $2 /*application:CodeCritic,controller:code_files,action:show*/[0m  [["id", 15], ["LIMIT", 1]]
  ↳ app/controllers/code_files_controller.rb:52:in `set_code_file'
  [1m[36mProject Load (15.4ms)[0m  [1m[34mSELECT "projects".* FROM "projects" WHERE "projects"."id" = $1 LIMIT $2 /*application:CodeCritic,controller:code_files,action:show*/[0m  [["id", 9], ["LIMIT", 1]]
  ↳ app/controllers/code_files_controller.rb:47:in `set_project'
  Rendering layout layouts/application.html.erb
  Rendering code_files/show.html.erb within layouts/application
  [1m[36mUser Load (3.4ms)[0m  [1m[34mSELECT "users".* FROM "users" WHERE "users"."id" = $1 ORDER BY "users"."id" ASC LIMIT $2 /*application:CodeCritic,controller:code_files,action:show*/[0m  [["id", 9], ["LIMIT", 1]]
  ↳ app/views/shared/_navbar.html.erb:24
  Rendered shared/_navbar.html.erb (Duration: 9.3ms | Allocations: 1375)
  Rendered shared/_flash.html.erb (Duration: 0.1ms | Allocations: 23)
  [1m[36mReview Load (0.4ms)[0m  [1m[34mSELECT "reviews".* FROM "reviews" WHERE "reviews"."code_file_id" = $1 LIMIT $2 /*application:CodeCritic,controller:code_files,action:show*/[0m  [["code_file_id", 15], ["LIMIT", 1]]
  ↳ app/views/code_files/show.html.erb:38
  [1m[36mComment Count (1.0ms)[0m  [1m[34mSELECT COUNT(*) FROM "comments" WHERE "comments"."review_id" = $1 /*application:CodeCritic,controller:code_files,action:show*/[0m  [["review_id", 7]]
  ↳ app/views/code_files/show.html.erb:203
  [1m[36mComment Load (3.4ms)[0m  [1m[34mSELECT "comments".* FROM "comments" WHERE "comments"."review_id" = $1 ORDER BY "comments"."created_at" ASC /*application:CodeCritic,controller:code_files,action:show*/[0m  [["review_id", 7]]
  ↳ app/views/code_files/show.html.erb:224
  Rendered collection of templates [0 times] (Duration: 0.0ms | Allocations: 13)
  [1m[36mComment Exists? (0.5ms)[0m  [1m[34mSELECT 1 AS one FROM "comments" WHERE "comments"."review_id" = $1 LIMIT $2 /*application:CodeCritic,controller:code_files,action:show*/[0m  [["review_id", 7], ["LIMIT", 1]]
  ↳ app/views/code_files/show.html.erb:227
  Rendered code_files/show.html.erb within layouts/application (Duration: 41.0ms | Allocations: 6030)
  Rendered layout layouts/application.html.erb (Duration: 47.7ms | Allocations: 6775)
Completed 200 OK in 928ms (Views: 40.2ms | ActiveRecord: 24.3ms | Allocations: 8400)


Started GET "/" for 127.0.0.1 at 2026-07-29 13:34:30 +0500
  [1m[36mActiveRecord::SchemaMigration Pluck (4.6ms)[0m  [1m[34mSELECT "schema_migrations"."version" FROM "schema_migrations" ORDER BY "schema_migrations"."version" ASC /*application:CodeCritic*/[0m
Processing by ProjectsController#index as HTML
Completed 401 Unauthorized in 961ms (ActiveRecord: 0.0ms | Allocations: 2494)


Started GET "/" for 127.0.0.1 at 2026-07-29 13:34:36 +0500
Started GET "/users/sign_in" for 127.0.0.1 at 2026-07-29 13:34:36 +0500
Processing by ProjectsController#index as HTML
Processing by Devise::SessionsController#new as HTML
Completed 401 Unauthorized in 1231ms (ActiveRecord: 0.0ms | Allocations: 2589)


  Rendering layout layouts/application.html.erb
  Rendering devise/sessions/new.html.erb within layouts/application
  Rendered devise/sessions/new.html.erb within layouts/application (Duration: 398.1ms | Allocations: 3244)
  Rendered layout layouts/application.html.erb (Duration: 847.2ms | Allocations: 11877)
Completed 200 OK in 2378ms (Views: 1066.8ms | ActiveRecord: 24.2ms | Allocations: 21398)


Started GET "/users/sign_in" for 127.0.0.1 at 2026-07-29 13:34:39 +0500
Processing by Devise::SessionsController#new as HTML
  Rendering layout layouts/application.html.erb
  Rendering devise/sessions/new.html.erb within layouts/application
  Rendered devise/sessions/new.html.erb within layouts/application (Duration: 2.0ms | Allocations: 1142)
  Rendered layout layouts/application.html.erb (Duration: 3.4ms | Allocations: 1888)
Completed 200 OK in 810ms (Views: 4.5ms | ActiveRecord: 0.0ms | Allocations: 2610)


Started POST "/users/sign_in" for 127.0.0.1 at 2026-07-29 13:35:05 +0500
Processing by Devise::SessionsController#create as TURBO_STREAM
  Parameters: {"authenticity_token"=>"[FILTERED]", "user"=>{"email"=>"[FILTERED]", "password"=>"[FILTERED]", "remember_me"=>"0"}, "commit"=>"Sign in"}
  [1m[36mUser Load (10.9ms)[0m  [1m[34mSELECT "users".* FROM "users" WHERE "users"."email" = $1 ORDER BY "users"."id" ASC LIMIT $2 /*application:CodeCritic,controller:sessions,action:create*/[0m  [["email", "[FILTERED]"], ["LIMIT", 1]]
Redirected to http://127.0.0.1:3000/
Completed 303 See Other in 1834ms (ActiveRecord: 11.3ms | Allocations: 13920)


Started GET "/" for 127.0.0.1 at 2026-07-29 13:35:08 +0500
Processing by ProjectsController#index as TURBO_STREAM
  [1m[36mUser Load (0.5ms)[0m  [1m[34mSELECT "users".* FROM "users" WHERE "users"."id" = $1 ORDER BY "users"."id" ASC LIMIT $2 /*application:CodeCritic,controller:projects,action:index*/[0m  [["id", 10], ["LIMIT", 1]]
  [1m[36mProject Load (8.2ms)[0m  [1m[34mSELECT "projects".* FROM "projects" WHERE "projects"."user_id" = $1 /*application:CodeCritic,controller:projects,action:index*/[0m  [["user_id", 10]]
  ↳ app/controllers/projects_controller.rb:7:in `block in index'
  Rendering layout layouts/application.html.erb
  Rendering projects/index.html.erb within layouts/application
  Rendered shared/_navbar.html.erb (Duration: 1.7ms | Allocations: 1676)
  Rendered projects/index.html.erb within layouts/application (Duration: 96.1ms | Allocations: 2463)
  Rendered layout layouts/application.html.erb (Duration: 96.6ms | Allocations: 2545)
Completed 500 Internal Server Error in 1432ms (ActiveRecord: 13.5ms | Allocations: 13469)


  
ActionView::Template::Error (No route matches {:action=>"show", :controller=>"users"}, missing required keys: [:id]):
    22:       <div class="flex items-center gap-4">
    23:         
    24:         <% if user_signed_in? %>
    25:           <%= link_to user_path, class: "flex items-center gap-2 text-zinc-400 hover:text-white transition-colors" do %>
    26:             <% if current_user.avatar.attached? %>
    27:               <%= image_tag current_user.avatar, class: "w-7 h-7 rounded-full object-cover border border-white/10" %>
    28:             <% end %>
  
app/views/shared/_navbar.html.erb:25
app/views/projects/index.html.erb:4
Started GET "/users/sign_in" for 127.0.0.1 at 2026-07-29 13:36:38 +0500
Processing by Devise::SessionsController#new as HTML
  [1m[36mUser Load (0.8ms)[0m  [1m[34mSELECT "users".* FROM "users" WHERE "users"."id" = $1 ORDER BY "users"."id" ASC LIMIT $2 /*application:CodeCritic,controller:sessions,action:new*/[0m  [["id", 10], ["LIMIT", 1]]
Redirected to http://127.0.0.1:3000/
Filter chain halted as :require_no_authentication rendered or redirected
Completed 302 Found in 30ms (ActiveRecord: 7.8ms | Allocations: 4560)


Started GET "/" for 127.0.0.1 at 2026-07-29 13:36:41 +0500
Processing by ProjectsController#index as HTML
  [1m[36mUser Load (0.8ms)[0m  [1m[34mSELECT "users".* FROM "users" WHERE "users"."id" = $1 ORDER BY "users"."id" ASC LIMIT $2 /*application:CodeCritic,controller:projects,action:index*/[0m  [["id", 10], ["LIMIT", 1]]
Completed 500 Internal Server Error in 905ms (ActiveRecord: 0.8ms | Allocations: 3082)


  
TypeError (Project can't be referred to):
  
app/controllers/projects_controller.rb:6:in `index'
Started GET "/" for 127.0.0.1 at 2026-07-29 13:39:04 +0500
Processing by ProjectsController#index as HTML
  [1m[36mUser Load (0.4ms)[0m  [1m[34mSELECT "users".* FROM "users" WHERE "users"."id" = $1 ORDER BY "users"."id" ASC LIMIT $2 /*application:CodeCritic,controller:projects,action:index*/[0m  [["id", 10], ["LIMIT", 1]]
  [1m[36mProject Load (0.4ms)[0m  [1m[34mSELECT "projects".* FROM "projects" WHERE "projects"."user_id" = $1 /*application:CodeCritic,controller:projects,action:index*/[0m  [["user_id", 10]]
  ↳ app/controllers/projects_controller.rb:7:in `block in index'
  Rendering layout layouts/application.html.erb
  Rendering projects/index.html.erb within layouts/application
  Rendered shared/_navbar.html.erb (Duration: 0.8ms | Allocations: 1220)
  Rendered projects/index.html.erb within layouts/application (Duration: 1.3ms | Allocations: 1294)
  Rendered layout layouts/application.html.erb (Duration: 1.8ms | Allocations: 1376)
Completed 500 Internal Server Error in 941ms (ActiveRecord: 9.6ms | Allocations: 12609)


  
ActionView::Template::Error (No route matches {:action=>"show", :controller=>"users"}, missing required keys: [:id]):
    22:       <div class="flex items-center gap-4">
    23:         
    24:         <% if user_signed_in? %>
    25:           <%= link_to user_path, class: "flex items-center gap-2 text-zinc-400 hover:text-white transition-colors" do %>
    26:             <% if current_user.avatar.attached? %>
    27:               <%= image_tag current_user.avatar, class: "w-7 h-7 rounded-full object-cover border border-white/10" %>
    28:             <% end %>
  
app/views/shared/_navbar.html.erb:25
app/views/projects/index.html.erb:4
Started GET "/" for 127.0.0.1 at 2026-07-29 13:41:38 +0500
Processing by ProjectsController#index as HTML
  [1m[36mUser Load (0.5ms)[0m  [1m[34mSELECT "users".* FROM "users" WHERE "users"."id" = $1 ORDER BY "users"."id" ASC LIMIT $2 /*application:CodeCritic,controller:projects,action:index*/[0m  [["id", 10], ["LIMIT", 1]]
Completed 500 Internal Server Error in 1291ms (ActiveRecord: 11.8ms | Allocations: 6385)


  
TypeError (Project can't be referred to):
  
app/controllers/projects_controller.rb:6:in `index'
Started GET "/" for 127.0.0.1 at 2026-07-29 13:43:12 +0500
  [1m[36mActiveRecord::SchemaMigration Pluck (3.8ms)[0m  [1m[34mSELECT "schema_migrations"."version" FROM "schema_migrations" ORDER BY "schema_migrations"."version" ASC /*application:CodeCritic*/[0m
Processing by ProjectsController#index as HTML
  [1m[36mUser Load (3.0ms)[0m  [1m[34mSELECT "users".* FROM "users" WHERE "users"."id" = $1 ORDER BY "users"."id" ASC LIMIT $2 /*application:CodeCritic,controller:projects,action:index*/[0m  [["id", 10], ["LIMIT", 1]]
  [1m[36mProject Load (2.5ms)[0m  [1m[34mSELECT "projects".* FROM "projects" WHERE "projects"."user_id" = $1 /*application:CodeCritic,controller:projects,action:index*/[0m  [["user_id", 10]]
  ↳ app/controllers/projects_controller.rb:7:in `block in index'
  Rendering layout layouts/application.html.erb
  Rendering projects/index.html.erb within layouts/application
  Rendered shared/_navbar.html.erb (Duration: 3.9ms | Allocations: 2163)
  Rendered projects/index.html.erb within layouts/application (Duration: 25.2ms | Allocations: 3125)
  Rendered layout layouts/application.html.erb (Duration: 26.5ms | Allocations: 3219)
Completed 500 Internal Server Error in 1440ms (ActiveRecord: 17.7ms | Allocations: 26093)


  
ActionView::Template::Error (No route matches {:action=>"show", :controller=>"users"}, missing required keys: [:id]):
    22:       <div class="flex items-center gap-4">
    23:         
    24:         <% if user_signed_in? %>
    25:           <%= link_to user_path, class: "flex items-center gap-2 text-zinc-400 hover:text-white transition-colors" do %>
    26:             <% if current_user.avatar.attached? %>
    27:               <%= image_tag current_user.avatar, class: "w-7 h-7 rounded-full object-cover border border-white/10" %>
    28:             <% end %>
  
app/views/shared/_navbar.html.erb:25
app/views/projects/index.html.erb:4
Started GET "/" for 127.0.0.1 at 2026-07-29 13:45:34 +0500
Processing by ProjectsController#index as HTML
  [1m[36mUser Load (0.4ms)[0m  [1m[34mSELECT "users".* FROM "users" WHERE "users"."id" = $1 ORDER BY "users"."id" ASC LIMIT $2 /*application:CodeCritic,controller:projects,action:index*/[0m  [["id", 10], ["LIMIT", 1]]
Completed 500 Internal Server Error in 967ms (ActiveRecord: 6.5ms | Allocations: 6409)


  
TypeError (Project can't be referred to):
  
app/controllers/projects_controller.rb:6:in `index'
Started GET "/" for 127.0.0.1 at 2026-07-29 13:45:54 +0500
Processing by ProjectsController#index as HTML
  [1m[36mUser Load (0.5ms)[0m  [1m[34mSELECT "users".* FROM "users" WHERE "users"."id" = $1 ORDER BY "users"."id" ASC LIMIT $2 /*application:CodeCritic,controller:projects,action:index*/[0m  [["id", 10], ["LIMIT", 1]]
  [1m[36mProject Load (0.5ms)[0m  [1m[34mSELECT "projects".* FROM "projects" WHERE "projects"."user_id" = $1 /*application:CodeCritic,controller:projects,action:index*/[0m  [["user_id", 10]]
  ↳ app/controllers/projects_controller.rb:7:in `block in index'
  Rendering layout layouts/application.html.erb
  Rendering projects/index.html.erb within layouts/application
  [1m[36mActiveStorage::Attachment Load (8.6ms)[0m  [1m[34mSELECT "active_storage_attachments".* FROM "active_storage_attachments" WHERE "active_storage_attachments"."record_id" = $1 AND "active_storage_attachments"."record_type" = $2 AND "active_storage_attachments"."name" = $3 LIMIT $4 /*application:CodeCritic,controller:projects,action:index*/[0m  [["record_id", 10], ["record_type", "User"], ["name", "avatar"], ["LIMIT", 1]]
  ↳ app/views/shared/_navbar.html.erb:26
  Rendered shared/_navbar.html.erb (Duration: 186.9ms | Allocations: 4279)
  Rendered shared/_flash.html.erb (Duration: 35.8ms | Allocations: 248)
  [1m[36mCodeFile Count (16.6ms)[0m  [1m[34mSELECT COUNT(*) FROM "code_files" WHERE "code_files"."project_id" = $1 /*application:CodeCritic,controller:projects,action:index*/[0m  [["project_id", 10]]
  ↳ app/views/projects/index.html.erb:49
  Rendered projects/index.html.erb within layouts/application (Duration: 299.5ms | Allocations: 8352)
  Rendered layout layouts/application.html.erb (Duration: 345.1ms | Allocations: 16965)
Completed 200 OK in 1796ms (Views: 317.1ms | ActiveRecord: 47.9ms | Allocations: 28306)


Started GET "/projects/new" for 127.0.0.1 at 2026-07-29 13:46:02 +0500
Processing by ProjectsController#new as HTML
  [1m[36mUser Load (0.8ms)[0m  [1m[34mSELECT "users".* FROM "users" WHERE "users"."id" = $1 ORDER BY "users"."id" ASC LIMIT $2 /*application:CodeCritic,controller:projects,action:new*/[0m  [["id", 10], ["LIMIT", 1]]
  Rendering layout layouts/application.html.erb
  Rendering projects/new.html.erb within layouts/application
  [1m[36mActiveStorage::Attachment Load (0.5ms)[0m  [1m[34mSELECT "active_storage_attachments".* FROM "active_storage_attachments" WHERE "active_storage_attachments"."record_id" = $1 AND "active_storage_attachments"."record_type" = $2 AND "active_storage_attachments"."name" = $3 LIMIT $4 /*application:CodeCritic,controller:projects,action:new*/[0m  [["record_id", 10], ["record_type", "User"], ["name", "avatar"], ["LIMIT", 1]]
  ↳ app/views/shared/_navbar.html.erb:26
  Rendered shared/_navbar.html.erb (Duration: 3.7ms | Allocations: 1329)
  Rendered shared/_flash.html.erb (Duration: 0.1ms | Allocations: 21)
  Rendered projects/new.html.erb within layouts/application (Duration: 266.7ms | Allocations: 4014)
  Rendered layout layouts/application.html.erb (Duration: 276.7ms | Allocations: 4758)
Completed 200 OK in 1206ms (Views: 279.1ms | ActiveRecord: 1.3ms | Allocations: 6605)


Started GET "/projects/new" for 127.0.0.1 at 2026-07-29 13:46:09 +0500
Processing by ProjectsController#new as HTML
  [1m[36mUser Load (0.5ms)[0m  [1m[34mSELECT "users".* FROM "users" WHERE "users"."id" = $1 ORDER BY "users"."id" ASC LIMIT $2 /*application:CodeCritic,controller:projects,action:new*/[0m  [["id", 10], ["LIMIT", 1]]
  Rendering layout layouts/application.html.erb
  Rendering projects/new.html.erb within layouts/application
  [1m[36mActiveStorage::Attachment Load (0.5ms)[0m  [1m[34mSELECT "active_storage_attachments".* FROM "active_storage_attachments" WHERE "active_storage_attachments"."record_id" = $1 AND "active_storage_attachments"."record_type" = $2 AND "active_storage_attachments"."name" = $3 LIMIT $4 /*application:CodeCritic,controller:projects,action:new*/[0m  [["record_id", 10], ["record_type", "User"], ["name", "avatar"], ["LIMIT", 1]]
  ↳ app/views/shared/_navbar.html.erb:26
  Rendered shared/_navbar.html.erb (Duration: 6.8ms | Allocations: 1324)
  Rendered shared/_flash.html.erb (Duration: 0.1ms | Allocations: 20)
  Rendered projects/new.html.erb within layouts/application (Duration: 9.7ms | Allocations: 2325)
  Rendered layout layouts/application.html.erb (Duration: 11.1ms | Allocations: 3069)
Completed 200 OK in 986ms (Views: 12.3ms | ActiveRecord: 1.0ms | Allocations: 4840)


Started GET "/projects/10" for 127.0.0.1 at 2026-07-29 13:46:13 +0500
Processing by ProjectsController#show as HTML
  Parameters: {"id"=>"10"}
  [1m[36mUser Load (0.3ms)[0m  [1m[34mSELECT "users".* FROM "users" WHERE "users"."id" = $1 ORDER BY "users"."id" ASC LIMIT $2 /*application:CodeCritic,controller:projects,action:show*/[0m  [["id", 10], ["LIMIT", 1]]
  ↳ app/controllers/projects_controller.rb:47:in `set_project'
  [1m[36mProject Load (0.7ms)[0m  [1m[34mSELECT "projects".* FROM "projects" WHERE "projects"."user_id" = $1 AND "projects"."id" = $2 LIMIT $3 /*application:CodeCritic,controller:projects,action:show*/[0m  [["user_id", 10], ["id", 10], ["LIMIT", 1]]
  ↳ app/controllers/projects_controller.rb:47:in `set_project'
  Rendering layout layouts/application.html.erb
  Rendering projects/show.html.erb within layouts/application
  [1m[36mActiveStorage::Attachment Load (0.4ms)[0m  [1m[34mSELECT "active_storage_attachments".* FROM "active_storage_attachments" WHERE "active_storage_attachments"."record_id" = $1 AND "active_storage_attachments"."record_type" = $2 AND "active_storage_attachments"."name" = $3 LIMIT $4 /*application:CodeCritic,controller:projects,action:show*/[0m  [["record_id", 10], ["record_type", "User"], ["name", "avatar"], ["LIMIT", 1]]
  ↳ app/views/shared/_navbar.html.erb:26
  Rendered shared/_navbar.html.erb (Duration: 3.3ms | Allocations: 1318)
  Rendered shared/_flash.html.erb (Duration: 0.1ms | Allocations: 20)
  [1m[36mCodeFile Count (0.4ms)[0m  [1m[34mSELECT COUNT(*) FROM "code_files" WHERE "code_files"."project_id" = $1 /*application:CodeCritic,controller:projects,action:show*/[0m  [["project_id", 10]]
  ↳ app/views/projects/show.html.erb:39
  [1m[36mCACHE CodeFile Count (0.0ms)[0m  [1m[34mSELECT COUNT(*) FROM "code_files" WHERE "code_files"."project_id" = $1[0m  [["project_id", 10]]
  ↳ app/views/projects/show.html.erb:64
  [1m[36mCodeFile Exists? (0.4ms)[0m  [1m[34mSELECT 1 AS one FROM "code_files" WHERE "code_files"."project_id" = $1 LIMIT $2 /*application:CodeCritic,controller:projects,action:show*/[0m  [["project_id", 10], ["LIMIT", 1]]
  ↳ app/views/projects/show.html.erb:67
  Rendered projects/show.html.erb within layouts/application (Duration: 113.9ms | Allocations: 4647)
  Rendered layout layouts/application.html.erb (Duration: 115.8ms | Allocations: 5391)
Completed 200 OK in 1111ms (Views: 120.0ms | ActiveRecord: 2.2ms | Allocations: 7717)


Started GET "/" for 127.0.0.1 at 2026-07-29 13:47:09 +0500
Processing by ProjectsController#index as HTML
  [1m[36mUser Load (0.6ms)[0m  [1m[34mSELECT "users".* FROM "users" WHERE "users"."id" = $1 ORDER BY "users"."id" ASC LIMIT $2 /*application:CodeCritic,controller:projects,action:index*/[0m  [["id", 10], ["LIMIT", 1]]
  [1m[36mProject Load (0.4ms)[0m  [1m[34mSELECT "projects".* FROM "projects" WHERE "projects"."user_id" = $1 /*application:CodeCritic,controller:projects,action:index*/[0m  [["user_id", 10]]
  ↳ app/controllers/projects_controller.rb:7:in `block in index'
  Rendering layout layouts/application.html.erb
  Rendering projects/index.html.erb within layouts/application
  [1m[36mActiveStorage::Attachment Load (0.5ms)[0m  [1m[34mSELECT "active_storage_attachments".* FROM "active_storage_attachments" WHERE "active_storage_attachments"."record_id" = $1 AND "active_storage_attachments"."record_type" = $2 AND "active_storage_attachments"."name" = $3 LIMIT $4 /*application:CodeCritic,controller:projects,action:index*/[0m  [["record_id", 10], ["record_type", "User"], ["name", "avatar"], ["LIMIT", 1]]
  ↳ app/views/shared/_navbar.html.erb:26
  Rendered shared/_navbar.html.erb (Duration: 5.1ms | Allocations: 1315)
  Rendered shared/_flash.html.erb (Duration: 0.1ms | Allocations: 20)
  [1m[36mCodeFile Count (0.7ms)[0m  [1m[34mSELECT COUNT(*) FROM "code_files" WHERE "code_files"."project_id" = $1 /*application:CodeCritic,controller:projects,action:index*/[0m  [["project_id", 10]]
  ↳ app/views/projects/index.html.erb:49
  Rendered projects/index.html.erb within layouts/application (Duration: 16.1ms | Allocations: 2326)
  Rendered layout layouts/application.html.erb (Duration: 18.5ms | Allocations: 3070)
Completed 200 OK in 1015ms (Views: 18.4ms | ActiveRecord: 2.2ms | Allocations: 6141)


Started GET "/" for 127.0.0.1 at 2026-07-29 13:48:36 +0500
Processing by ProjectsController#index as HTML
  [1m[36mUser Load (0.7ms)[0m  [1m[34mSELECT "users".* FROM "users" WHERE "users"."id" = $1 ORDER BY "users"."id" ASC LIMIT $2 /*application:CodeCritic,controller:projects,action:index*/[0m  [["id", 10], ["LIMIT", 1]]
  [1m[36mProject Load (0.9ms)[0m  [1m[34mSELECT "projects".* FROM "projects" WHERE "projects"."user_id" = $1 /*application:CodeCritic,controller:projects,action:index*/[0m  [["user_id", 10]]
  ↳ app/controllers/projects_controller.rb:7:in `block in index'
  Rendering layout layouts/application.html.erb
  Rendering projects/index.html.erb within layouts/application
  [1m[36mActiveStorage::Attachment Load (0.4ms)[0m  [1m[34mSELECT "active_storage_attachments".* FROM "active_storage_attachments" WHERE "active_storage_attachments"."record_id" = $1 AND "active_storage_attachments"."record_type" = $2 AND "active_storage_attachments"."name" = $3 LIMIT $4 /*application:CodeCritic,controller:projects,action:index*/[0m  [["record_id", 10], ["record_type", "User"], ["name", "avatar"], ["LIMIT", 1]]
  ↳ app/views/shared/_navbar.html.erb:26
  Rendered shared/_navbar.html.erb (Duration: 5.5ms | Allocations: 1315)
  Rendered shared/_flash.html.erb (Duration: 0.1ms | Allocations: 20)
  [1m[36mCodeFile Count (0.4ms)[0m  [1m[34mSELECT COUNT(*) FROM "code_files" WHERE "code_files"."project_id" = $1 /*application:CodeCritic,controller:projects,action:index*/[0m  [["project_id", 10]]
  ↳ app/views/projects/index.html.erb:49
  Rendered projects/index.html.erb within layouts/application (Duration: 10.8ms | Allocations: 2326)
  Rendered layout layouts/application.html.erb (Duration: 14.2ms | Allocations: 3070)
Completed 200 OK in 1099ms (Views: 14.3ms | ActiveRecord: 2.4ms | Allocations: 6192)


Started GET "/" for 127.0.0.1 at 2026-07-29 13:49:51 +0500
Processing by ProjectsController#index as HTML
Completed 401 Unauthorized in 1963ms (ActiveRecord: 0.0ms | Allocations: 348)


Started GET "/users/sign_in" for 127.0.0.1 at 2026-07-29 13:49:56 +0500
Processing by Devise::SessionsController#new as HTML
  Rendering layout layouts/application.html.erb
  Rendering devise/sessions/new.html.erb within layouts/application
  Rendered devise/sessions/new.html.erb within layouts/application (Duration: 20.2ms | Allocations: 2394)
  Rendered layout layouts/application.html.erb (Duration: 24.0ms | Allocations: 3186)
Completed 200 OK in 1826ms (Views: 50.9ms | ActiveRecord: 0.0ms | Allocations: 4793)


Started GET "/favicon.ico" for 127.0.0.1 at 2026-07-29 13:50:13 +0500
  
ActionController::RoutingError (No route matches [GET] "/favicon.ico"):
  
Started POST "/users/sign_in" for 127.0.0.1 at 2026-07-29 13:51:11 +0500
Processing by Devise::SessionsController#create as TURBO_STREAM
  Parameters: {"authenticity_token"=>"[FILTERED]", "user"=>{"email"=>"[FILTERED]", "password"=>"[FILTERED]", "remember_me"=>"1"}, "commit"=>"Sign in"}
  [1m[36mUser Load (0.9ms)[0m  [1m[34mSELECT "users".* FROM "users" WHERE "users"."email" = $1 ORDER BY "users"."id" ASC LIMIT $2 /*application:CodeCritic,controller:sessions,action:create*/[0m  [["email", "[FILTERED]"], ["LIMIT", 1]]
  [1m[36mTRANSACTION (0.8ms)[0m  [1m[35mBEGIN /*application:CodeCritic,controller:sessions,action:create*/[0m
  [1m[36mUser Update (29.1ms)[0m  [1m[33mUPDATE "users" SET "remember_created_at" = $1, "updated_at" = $2 WHERE "users"."id" = $3 /*application:CodeCritic,controller:sessions,action:create*/[0m  [["remember_created_at", "2026-07-29 08:51:13.819604"], ["updated_at", "2026-07-29 08:51:13.822409"], ["id", 10]]
  [1m[36mTRANSACTION (2.8ms)[0m  [1m[35mCOMMIT /*application:CodeCritic,controller:sessions,action:create*/[0m
Redirected to http://127.0.0.1:3000/
Completed 303 See Other in 2320ms (ActiveRecord: 33.6ms | Allocations: 9525)


Started GET "/" for 127.0.0.1 at 2026-07-29 13:51:15 +0500
Processing by ProjectsController#index as TURBO_STREAM
  [1m[36mUser Load (0.7ms)[0m  [1m[34mSELECT "users".* FROM "users" WHERE "users"."id" = $1 ORDER BY "users"."id" ASC LIMIT $2 /*application:CodeCritic,controller:projects,action:index*/[0m  [["id", 10], ["LIMIT", 1]]
  [1m[36mProject Load (0.4ms)[0m  [1m[34mSELECT "projects".* FROM "projects" WHERE "projects"."user_id" = $1 /*application:CodeCritic,controller:projects,action:index*/[0m  [["user_id", 10]]
  ↳ app/controllers/projects_controller.rb:7:in `block in index'
  Rendering layout layouts/application.html.erb
  Rendering projects/index.html.erb within layouts/application
  [1m[36mActiveStorage::Attachment Load (0.6ms)[0m  [1m[34mSELECT "active_storage_attachments".* FROM "active_storage_attachments" WHERE "active_storage_attachments"."record_id" = $1 AND "active_storage_attachments"."record_type" = $2 AND "active_storage_attachments"."name" = $3 LIMIT $4 /*application:CodeCritic,controller:projects,action:index*/[0m  [["record_id", 10], ["record_type", "User"], ["name", "avatar"], ["LIMIT", 1]]
  ↳ app/views/shared/_navbar.html.erb:26
  Rendered shared/_navbar.html.erb (Duration: 14.2ms | Allocations: 1320)
  Rendered shared/_flash.html.erb (Duration: 0.2ms | Allocations: 23)
  [1m[36mCodeFile Count (0.7ms)[0m  [1m[34mSELECT COUNT(*) FROM "code_files" WHERE "code_files"."project_id" = $1 /*application:CodeCritic,controller:projects,action:index*/[0m  [["project_id", 10]]
  ↳ app/views/projects/index.html.erb:49
  Rendered projects/index.html.erb within layouts/application (Duration: 22.3ms | Allocations: 2381)
  Rendered layout layouts/application.html.erb (Duration: 27.9ms | Allocations: 3126)
Completed 200 OK in 1643ms (Views: 27.8ms | ActiveRecord: 2.4ms | Allocations: 6503)


Started GET "/projects/new" for 127.0.0.1 at 2026-07-29 13:51:26 +0500
Processing by ProjectsController#new as HTML
  [1m[36mUser Load (0.5ms)[0m  [1m[34mSELECT "users".* FROM "users" WHERE "users"."id" = $1 ORDER BY "users"."id" ASC LIMIT $2 /*application:CodeCritic,controller:projects,action:new*/[0m  [["id", 10], ["LIMIT", 1]]
  Rendering layout layouts/application.html.erb
  Rendering projects/new.html.erb within layouts/application
  [1m[36mActiveStorage::Attachment Load (0.6ms)[0m  [1m[34mSELECT "active_storage_attachments".* FROM "active_storage_attachments" WHERE "active_storage_attachments"."record_id" = $1 AND "active_storage_attachments"."record_type" = $2 AND "active_storage_attachments"."name" = $3 LIMIT $4 /*application:CodeCritic,controller:projects,action:new*/[0m  [["record_id", 10], ["record_type", "User"], ["name", "avatar"], ["LIMIT", 1]]
  ↳ app/views/shared/_navbar.html.erb:26
  Rendered shared/_navbar.html.erb (Duration: 5.8ms | Allocations: 1324)
  Rendered shared/_flash.html.erb (Duration: 0.2ms | Allocations: 20)
  Rendered projects/new.html.erb within layouts/application (Duration: 10.0ms | Allocations: 2324)
  Rendered layout layouts/application.html.erb (Duration: 16.6ms | Allocations: 3068)
Completed 200 OK in 1706ms (Views: 17.5ms | ActiveRecord: 1.1ms | Allocations: 4846)


Started GET "/" for 127.0.0.1 at 2026-07-29 13:53:43 +0500
Processing by ProjectsController#index as HTML
  [1m[36mUser Load (0.4ms)[0m  [1m[34mSELECT "users".* FROM "users" WHERE "users"."id" = $1 ORDER BY "users"."id" ASC LIMIT $2 /*application:CodeCritic,controller:projects,action:index*/[0m  [["id", 10], ["LIMIT", 1]]
  [1m[36mProject Load (0.5ms)[0m  [1m[34mSELECT "projects".* FROM "projects" WHERE "projects"."user_id" = $1 /*application:CodeCritic,controller:projects,action:index*/[0m  [["user_id", 10]]
  ↳ app/controllers/projects_controller.rb:7:in `block in index'
  Rendering layout layouts/application.html.erb
  Rendering projects/index.html.erb within layouts/application
  [1m[36mActiveStorage::Attachment Load (0.5ms)[0m  [1m[34mSELECT "active_storage_attachments".* FROM "active_storage_attachments" WHERE "active_storage_attachments"."record_id" = $1 AND "active_storage_attachments"."record_type" = $2 AND "active_storage_attachments"."name" = $3 LIMIT $4 /*application:CodeCritic,controller:projects,action:index*/[0m  [["record_id", 10], ["record_type", "User"], ["name", "avatar"], ["LIMIT", 1]]
  ↳ app/views/shared/_navbar.html.erb:26
  Rendered shared/_navbar.html.erb (Duration: 4.2ms | Allocations: 1315)
  Rendered shared/_flash.html.erb (Duration: 0.1ms | Allocations: 20)
  [1m[36mCodeFile Count (0.5ms)[0m  [1m[34mSELECT COUNT(*) FROM "code_files" WHERE "code_files"."project_id" = $1 /*application:CodeCritic,controller:projects,action:index*/[0m  [["project_id", 10]]
  ↳ app/views/projects/index.html.erb:49
  Rendered projects/index.html.erb within layouts/application (Duration: 8.9ms | Allocations: 2326)
  Rendered layout layouts/application.html.erb (Duration: 10.0ms | Allocations: 3070)
Completed 200 OK in 879ms (Views: 10.0ms | ActiveRecord: 2.0ms | Allocations: 6222)


Started GET "/favicon.ico" for 127.0.0.1 at 2026-07-29 13:53:49 +0500
  
ActionController::RoutingError (No route matches [GET] "/favicon.ico"):
  
Started GET "/" for 127.0.0.1 at 2026-07-29 13:54:15 +0500
Processing by ProjectsController#index as HTML
  [1m[36mUser Load (0.7ms)[0m  [1m[34mSELECT "users".* FROM "users" WHERE "users"."id" = $1 ORDER BY "users"."id" ASC LIMIT $2 /*application:CodeCritic,controller:projects,action:index*/[0m  [["id", 10], ["LIMIT", 1]]
  [1m[36mProject Load (0.7ms)[0m  [1m[34mSELECT "projects".* FROM "projects" WHERE "projects"."user_id" = $1 /*application:CodeCritic,controller:projects,action:index*/[0m  [["user_id", 10]]
  ↳ app/controllers/projects_controller.rb:7:in `block in index'
  Rendering layout layouts/application.html.erb
  Rendering projects/index.html.erb within layouts/application
  [1m[36mActiveStorage::Attachment Load (0.7ms)[0m  [1m[34mSELECT "active_storage_attachments".* FROM "active_storage_attachments" WHERE "active_storage_attachments"."record_id" = $1 AND "active_storage_attachments"."record_type" = $2 AND "active_storage_attachments"."name" = $3 LIMIT $4 /*application:CodeCritic,controller:projects,action:index*/[0m  [["record_id", 10], ["record_type", "User"], ["name", "avatar"], ["LIMIT", 1]]
  ↳ app/views/shared/_navbar.html.erb:26
  Rendered shared/_navbar.html.erb (Duration: 9.5ms | Allocations: 1793)
  Rendered shared/_flash.html.erb (Duration: 1.1ms | Allocations: 202)
  [1m[36mCodeFile Count (0.9ms)[0m  [1m[34mSELECT COUNT(*) FROM "code_files" WHERE "code_files"."project_id" = $1 /*application:CodeCritic,controller:projects,action:index*/[0m  [["project_id", 10]]
  ↳ app/views/projects/index.html.erb:49
  Rendered projects/index.html.erb within layouts/application (Duration: 26.2ms | Allocations: 3665)
  Rendered layout layouts/application.html.erb (Duration: 30.7ms | Allocations: 4813)
Completed 200 OK in 1925ms (Views: 51.7ms | ActiveRecord: 2.9ms | Allocations: 8524)


Started GET "/user" for 127.0.0.1 at 2026-07-29 13:54:31 +0500
Started GET "/user" for 127.0.0.1 at 2026-07-29 13:54:31 +0500
Processing by UsersController#show as HTML
Processing by UsersController#show as HTML
Started GET "/user" for 127.0.0.1 at 2026-07-29 13:54:33 +0500
Processing by UsersController#show as HTML
  [1m[36mUser Load (2.3ms)[0m  [1m[34mSELECT "users".* FROM "users" WHERE "users"."id" = $1 ORDER BY "users"."id" ASC LIMIT $2 /*application:CodeCritic,controller:users,action:show*/[0m  [["id", 10], ["LIMIT", 1]]
Completed 406 Not Acceptable in 3628ms (ActiveRecord: 2.3ms | Allocations: 5348)


  
ActionController::MissingExactTemplate (UsersController#show is missing a template for request formats: text/html):
  
actionpack (7.0.10) lib/action_controller/metal/implicit_render.rb:45:in `default_render'
actionpack (7.0.10) lib/action_controller/metal/basic_implicit_render.rb:7:in `send_action'
actionpack (7.0.10) lib/abstract_controller/base.rb:215:in `process_action'
actionpack (7.0.10) lib/action_controller/metal/rendering.rb:165:in `process_action'
actionpack (7.0.10) lib/abstract_controller/callbacks.rb:234:in `block in process_action'
activesupport (7.0.10) lib/active_support/callbacks.rb:118:in `block in run_callbacks'
turbo-rails (2.0.12) lib/turbo-rails.rb:24:in `with_request_id'
turbo-rails (2.0.12) app/controllers/concerns/turbo/request_id_tracking.rb:10:in `turbo_tracking_request_id'
activesupport (7.0.10) lib/active_support/callbacks.rb:127:in `block in run_callbacks'
actiontext (7.0.10) lib/action_text/rendering.rb:20:in `with_renderer'
actiontext (7.0.10) lib/action_text/engine.rb:69:in `block (4 levels) in <class:Engine>'
activesupport (7.0.10) lib/active_support/callbacks.rb:127:in `instance_exec'
activesupport (7.0.10) lib/active_support/callbacks.rb:127:in `block in run_callbacks'
activesupport (7.0.10) lib/active_support/callbacks.rb:138:in `run_callbacks'
actionpack (7.0.10) lib/abstract_controller/callbacks.rb:233:in `process_action'
actionpack (7.0.10) lib/action_controller/metal/rescue.rb:23:in `process_action'
actionpack (7.0.10) lib/action_controller/metal/instrumentation.rb:67:in `block in process_action'
activesupport (7.0.10) lib/active_support/notifications.rb:206:in `block in instrument'
activesupport (7.0.10) lib/active_support/notifications/instrumenter.rb:24:in `instrument'
activesupport (7.0.10) lib/active_support/notifications.rb:206:in `instrument'
actionpack (7.0.10) lib/action_controller/metal/instrumentation.rb:66:in `process_action'
actionpack (7.0.10) lib/action_controller/metal/params_wrapper.rb:259:in `process_action'
activerecord (7.0.10) lib/active_record/railties/controller_runtime.rb:27:in `process_action'
actionpack (7.0.10) lib/abstract_controller/base.rb:151:in `process'
actionview (7.0.10) lib/action_view/rendering.rb:39:in `process'
actionpack (7.0.10) lib/action_controller/metal.rb:188:in `dispatch'
actionpack (7.0.10) lib/action_controller/metal.rb:251:in `dispatch'
actionpack (7.0.10) lib/action_dispatch/routing/route_set.rb:49:in `dispatch'
actionpack (7.0.10) lib/action_dispatch/routing/route_set.rb:32:in `serve'
actionpack (7.0.10) lib/action_dispatch/journey/router.rb:50:in `block in serve'
actionpack (7.0.10) lib/action_dispatch/journey/router.rb:32:in `each'
actionpack (7.0.10) lib/action_dispatch/journey/router.rb:32:in `serve'
actionpack (7.0.10) lib/action_dispatch/routing/route_set.rb:852:in `call'
warden (1.2.9) lib/warden/manager.rb:36:in `block in call'
warden (1.2.9) lib/warden/manager.rb:34:in `catch'
warden (1.2.9) lib/warden/manager.rb:34:in `call'
rack (2.2.22) lib/rack/tempfile_reaper.rb:15:in `call'
rack (2.2.22) lib/rack/etag.rb:27:in `call'
rack (2.2.22) lib/rack/conditional_get.rb:27:in `call'
rack (2.2.22) lib/rack/head.rb:12:in `call'
actionpack (7.0.10) lib/action_dispatch/http/permissions_policy.rb:38:in `call'
actionpack (7.0.10) lib/action_dispatch/http/content_security_policy.rb:39:in `call'
rack (2.2.22) lib/rack/session/abstract/id.rb:266:in `context'
rack (2.2.22) lib/rack/session/abstract/id.rb:260:in `call'
actionpack (7.0.10) lib/action_dispatch/middleware/cookies.rb:704:in `call'
activerecord (7.0.10) lib/active_record/migration.rb:639:in `call'
actionpack (7.0.10) lib/action_dispatch/middleware/callbacks.rb:27:in `block in call'
activesupport (7.0.10) lib/active_support/callbacks.rb:99:in `run_callbacks'
actionpack (7.0.10) lib/action_dispatch/middleware/callbacks.rb:26:in `call'
actionpack (7.0.10) lib/action_dispatch/middleware/executor.rb:14:in `call'
actionpack (7.0.10) lib/action_dispatch/middleware/actionable_exceptions.rb:17:in `call'
actionpack (7.0.10) lib/action_dispatch/middleware/debug_exceptions.rb:28:in `call'
web-console (4.2.1) lib/web_console/middleware.rb:132:in `call_app'
web-console (4.2.1) lib/web_console/middleware.rb:28:in `block in call'
web-console (4.2.1) lib/web_console/middleware.rb:17:in `catch'
web-console (4.2.1) lib/web_console/middleware.rb:17:in `call'
actionpack (7.0.10) lib/action_dispatch/middleware/show_exceptions.rb:29:in `call'
railties (7.0.10) lib/rails/rack/logger.rb:40:in `call_app'
railties (7.0.10) lib/rails/rack/logger.rb:25:in `block in call'
activesupport (7.0.10) lib/active_support/tagged_logging.rb:99:in `block in tagged'
activesupport (7.0.10) lib/active_support/tagged_logging.rb:37:in `tagged'
activesupport (7.0.10) lib/active_support/tagged_logging.rb:99:in `tagged'
railties (7.0.10) lib/rails/rack/logger.rb:25:in `call'
actionpack (7.0.10) lib/action_dispatch/middleware/remote_ip.rb:93:in `call'
actionpack (7.0.10) lib/action_dispatch/middleware/request_id.rb:26:in `call'
rack (2.2.22) lib/rack/method_override.rb:24:in `call'
rack (2.2.22) lib/rack/runtime.rb:22:in `call'
actionpack (7.0.10) lib/action_dispatch/middleware/server_timing.rb:61:in `block in call'
actionpack (7.0.10) lib/action_dispatch/middleware/server_timing.rb:26:in `collect_events'
actionpack (7.0.10) lib/action_dispatch/middleware/server_timing.rb:60:in `call'
actionpack (7.0.10) lib/action_dispatch/middleware/executor.rb:14:in `call'
propshaft (1.3.1) lib/propshaft/server.rb:37:in `call'
actionpack (7.0.10) lib/action_dispatch/middleware/static.rb:23:in `call'
rack (2.2.22) lib/rack/sendfile.rb:127:in `call'
actionpack (7.0.10) lib/action_dispatch/middleware/host_authorization.rb:138:in `call'
railties (7.0.10) lib/rails/engine.rb:531:in `call'
puma (7.2.0) lib/puma/configuration.rb:296:in `call'
puma (7.2.0) lib/puma/request.rb:103:in `block in handle_request'
puma (7.2.0) lib/puma/thread_pool.rb:355:in `with_force_shutdown'
puma (7.2.0) lib/puma/request.rb:102:in `handle_request'
puma (7.2.0) lib/puma/server.rb:503:in `process_client'
puma (7.2.0) lib/puma/server.rb:262:in `block in run'
puma (7.2.0) lib/puma/thread_pool.rb:182:in `block in spawn_thread'
  [1m[36mUser Load (7.4ms)[0m  [1m[34mSELECT "users".* FROM "users" WHERE "users"."id" = $1 ORDER BY "users"."id" ASC LIMIT $2 /*application:CodeCritic,controller:users,action:show*/[0m  [["id", 10], ["LIMIT", 1]]
Completed 406 Not Acceptable in 4100ms (ActiveRecord: 45.1ms | Allocations: 145867)


  
ActionController::MissingExactTemplate (UsersController#show is missing a template for request formats: text/html):
  
actionpack (7.0.10) lib/action_controller/metal/implicit_render.rb:45:in `default_render'
actionpack (7.0.10) lib/action_controller/metal/basic_implicit_render.rb:7:in `send_action'
actionpack (7.0.10) lib/abstract_controller/base.rb:215:in `process_action'
actionpack (7.0.10) lib/action_controller/metal/rendering.rb:165:in `process_action'
actionpack (7.0.10) lib/abstract_controller/callbacks.rb:234:in `block in process_action'
activesupport (7.0.10) lib/active_support/callbacks.rb:118:in `block in run_callbacks'
turbo-rails (2.0.12) lib/turbo-rails.rb:24:in `with_request_id'
turbo-rails (2.0.12) app/controllers/concerns/turbo/request_id_tracking.rb:10:in `turbo_tracking_request_id'
activesupport (7.0.10) lib/active_support/callbacks.rb:127:in `block in run_callbacks'
actiontext (7.0.10) lib/action_text/rendering.rb:20:in `with_renderer'
actiontext (7.0.10) lib/action_text/engine.rb:69:in `block (4 levels) in <class:Engine>'
activesupport (7.0.10) lib/active_support/callbacks.rb:127:in `instance_exec'
activesupport (7.0.10) lib/active_support/callbacks.rb:127:in `block in run_callbacks'
activesupport (7.0.10) lib/active_support/callbacks.rb:138:in `run_callbacks'
actionpack (7.0.10) lib/abstract_controller/callbacks.rb:233:in `process_action'
actionpack (7.0.10) lib/action_controller/metal/rescue.rb:23:in `process_action'
actionpack (7.0.10) lib/action_controller/metal/instrumentation.rb:67:in `block in process_action'
activesupport (7.0.10) lib/active_support/notifications.rb:206:in `block in instrument'
activesupport (7.0.10) lib/active_support/notifications/instrumenter.rb:24:in `instrument'
activesupport (7.0.10) lib/active_support/notifications.rb:206:in `instrument'
actionpack (7.0.10) lib/action_controller/metal/instrumentation.rb:66:in `process_action'
actionpack (7.0.10) lib/action_controller/metal/params_wrapper.rb:259:in `process_action'
activerecord (7.0.10) lib/active_record/railties/controller_runtime.rb:27:in `process_action'
actionpack (7.0.10) lib/abstract_controller/base.rb:151:in `process'
actionview (7.0.10) lib/action_view/rendering.rb:39:in `process'
actionpack (7.0.10) lib/action_controller/metal.rb:188:in `dispatch'
actionpack (7.0.10) lib/action_controller/metal.rb:251:in `dispatch'
actionpack (7.0.10) lib/action_dispatch/routing/route_set.rb:49:in `dispatch'
actionpack (7.0.10) lib/action_dispatch/routing/route_set.rb:32:in `serve'
actionpack (7.0.10) lib/action_dispatch/journey/router.rb:50:in `block in serve'
actionpack (7.0.10) lib/action_dispatch/journey/router.rb:32:in `each'
actionpack (7.0.10) lib/action_dispatch/journey/router.rb:32:in `serve'
actionpack (7.0.10) lib/action_dispatch/routing/route_set.rb:852:in `call'
warden (1.2.9) lib/warden/manager.rb:36:in `block in call'
warden (1.2.9) lib/warden/manager.rb:34:in `catch'
warden (1.2.9) lib/warden/manager.rb:34:in `call'
rack (2.2.22) lib/rack/tempfile_reaper.rb:15:in `call'
rack (2.2.22) lib/rack/etag.rb:27:in `call'
rack (2.2.22) lib/rack/conditional_get.rb:27:in `call'
rack (2.2.22) lib/rack/head.rb:12:in `call'
actionpack (7.0.10) lib/action_dispatch/http/permissions_policy.rb:38:in `call'
actionpack (7.0.10) lib/action_dispatch/http/content_security_policy.rb:39:in `call'
rack (2.2.22) lib/rack/session/abstract/id.rb:266:in `context'
rack (2.2.22) lib/rack/session/abstract/id.rb:260:in `call'
actionpack (7.0.10) lib/action_dispatch/middleware/cookies.rb:704:in `call'
activerecord (7.0.10) lib/active_record/migration.rb:639:in `call'
actionpack (7.0.10) lib/action_dispatch/middleware/callbacks.rb:27:in `block in call'
activesupport (7.0.10) lib/active_support/callbacks.rb:99:in `run_callbacks'
actionpack (7.0.10) lib/action_dispatch/middleware/callbacks.rb:26:in `call'
actionpack (7.0.10) lib/action_dispatch/middleware/executor.rb:14:in `call'
actionpack (7.0.10) lib/action_dispatch/middleware/actionable_exceptions.rb:17:in `call'
actionpack (7.0.10) lib/action_dispatch/middleware/debug_exceptions.rb:28:in `call'
web-console (4.2.1) lib/web_console/middleware.rb:132:in `call_app'
web-console (4.2.1) lib/web_console/middleware.rb:28:in `block in call'
web-console (4.2.1) lib/web_console/middleware.rb:17:in `catch'
web-console (4.2.1) lib/web_console/middleware.rb:17:in `call'
actionpack (7.0.10) lib/action_dispatch/middleware/show_exceptions.rb:29:in `call'
railties (7.0.10) lib/rails/rack/logger.rb:40:in `call_app'
railties (7.0.10) lib/rails/rack/logger.rb:25:in `block in call'
activesupport (7.0.10) lib/active_support/tagged_logging.rb:99:in `block in tagged'
activesupport (7.0.10) lib/active_support/tagged_logging.rb:37:in `tagged'
activesupport (7.0.10) lib/active_support/tagged_logging.rb:99:in `tagged'
railties (7.0.10) lib/rails/rack/logger.rb:25:in `call'
actionpack (7.0.10) lib/action_dispatch/middleware/remote_ip.rb:93:in `call'
actionpack (7.0.10) lib/action_dispatch/middleware/request_id.rb:26:in `call'
rack (2.2.22) lib/rack/method_override.rb:24:in `call'
rack (2.2.22) lib/rack/runtime.rb:22:in `call'
actionpack (7.0.10) lib/action_dispatch/middleware/server_timing.rb:61:in `block in call'
actionpack (7.0.10) lib/action_dispatch/middleware/server_timing.rb:26:in `collect_events'
actionpack (7.0.10) lib/action_dispatch/middleware/server_timing.rb:60:in `call'
actionpack (7.0.10) lib/action_dispatch/middleware/executor.rb:14:in `call'
propshaft (1.3.1) lib/propshaft/server.rb:37:in `call'
actionpack (7.0.10) lib/action_dispatch/middleware/static.rb:23:in `call'
rack (2.2.22) lib/rack/sendfile.rb:127:in `call'
actionpack (7.0.10) lib/action_dispatch/middleware/host_authorization.rb:138:in `call'
railties (7.0.10) lib/rails/engine.rb:531:in `call'
puma (7.2.0) lib/puma/configuration.rb:296:in `call'
puma (7.2.0) lib/puma/request.rb:103:in `block in handle_request'
puma (7.2.0) lib/puma/thread_pool.rb:355:in `with_force_shutdown'
puma (7.2.0) lib/puma/request.rb:102:in `handle_request'
puma (7.2.0) lib/puma/server.rb:503:in `process_client'
puma (7.2.0) lib/puma/server.rb:262:in `block in run'
puma (7.2.0) lib/puma/thread_pool.rb:182:in `block in spawn_thread'
  [1m[36mUser Load (0.9ms)[0m  [1m[34mSELECT "users".* FROM "users" WHERE "users"."id" = $1 ORDER BY "users"."id" ASC LIMIT $2 /*application:CodeCritic,controller:users,action:show*/[0m  [["id", 10], ["LIMIT", 1]]
Completed 406 Not Acceptable in 3706ms (ActiveRecord: 0.9ms | Allocations: 311010)


  
ActionController::MissingExactTemplate (UsersController#show is missing a template for request formats: text/html):
  
actionpack (7.0.10) lib/action_controller/metal/implicit_render.rb:45:in `default_render'
actionpack (7.0.10) lib/action_controller/metal/basic_implicit_render.rb:7:in `send_action'
actionpack (7.0.10) lib/abstract_controller/base.rb:215:in `process_action'
actionpack (7.0.10) lib/action_controller/metal/rendering.rb:165:in `process_action'
actionpack (7.0.10) lib/abstract_controller/callbacks.rb:234:in `block in process_action'
activesupport (7.0.10) lib/active_support/callbacks.rb:118:in `block in run_callbacks'
turbo-rails (2.0.12) lib/turbo-rails.rb:24:in `with_request_id'
turbo-rails (2.0.12) app/controllers/concerns/turbo/request_id_tracking.rb:10:in `turbo_tracking_request_id'
activesupport (7.0.10) lib/active_support/callbacks.rb:127:in `block in run_callbacks'
actiontext (7.0.10) lib/action_text/rendering.rb:20:in `with_renderer'
actiontext (7.0.10) lib/action_text/engine.rb:69:in `block (4 levels) in <class:Engine>'
activesupport (7.0.10) lib/active_support/callbacks.rb:127:in `instance_exec'
activesupport (7.0.10) lib/active_support/callbacks.rb:127:in `block in run_callbacks'
activesupport (7.0.10) lib/active_support/callbacks.rb:138:in `run_callbacks'
actionpack (7.0.10) lib/abstract_controller/callbacks.rb:233:in `process_action'
actionpack (7.0.10) lib/action_controller/metal/rescue.rb:23:in `process_action'
actionpack (7.0.10) lib/action_controller/metal/instrumentation.rb:67:in `block in process_action'
activesupport (7.0.10) lib/active_support/notifications.rb:206:in `block in instrument'
activesupport (7.0.10) lib/active_support/notifications/instrumenter.rb:24:in `instrument'
activesupport (7.0.10) lib/active_support/notifications.rb:206:in `instrument'
actionpack (7.0.10) lib/action_controller/metal/instrumentation.rb:66:in `process_action'
actionpack (7.0.10) lib/action_controller/metal/params_wrapper.rb:259:in `process_action'
activerecord (7.0.10) lib/active_record/railties/controller_runtime.rb:27:in `process_action'
actionpack (7.0.10) lib/abstract_controller/base.rb:151:in `process'
actionview (7.0.10) lib/action_view/rendering.rb:39:in `process'
actionpack (7.0.10) lib/action_controller/metal.rb:188:in `dispatch'
actionpack (7.0.10) lib/action_controller/metal.rb:251:in `dispatch'
actionpack (7.0.10) lib/action_dispatch/routing/route_set.rb:49:in `dispatch'
actionpack (7.0.10) lib/action_dispatch/routing/route_set.rb:32:in `serve'
actionpack (7.0.10) lib/action_dispatch/journey/router.rb:50:in `block in serve'
actionpack (7.0.10) lib/action_dispatch/journey/router.rb:32:in `each'
actionpack (7.0.10) lib/action_dispatch/journey/router.rb:32:in `serve'
actionpack (7.0.10) lib/action_dispatch/routing/route_set.rb:852:in `call'
warden (1.2.9) lib/warden/manager.rb:36:in `block in call'
warden (1.2.9) lib/warden/manager.rb:34:in `catch'
warden (1.2.9) lib/warden/manager.rb:34:in `call'
rack (2.2.22) lib/rack/tempfile_reaper.rb:15:in `call'
rack (2.2.22) lib/rack/etag.rb:27:in `call'
rack (2.2.22) lib/rack/conditional_get.rb:27:in `call'
rack (2.2.22) lib/rack/head.rb:12:in `call'
actionpack (7.0.10) lib/action_dispatch/http/permissions_policy.rb:38:in `call'
actionpack (7.0.10) lib/action_dispatch/http/content_security_policy.rb:39:in `call'
rack (2.2.22) lib/rack/session/abstract/id.rb:266:in `context'
rack (2.2.22) lib/rack/session/abstract/id.rb:260:in `call'
actionpack (7.0.10) lib/action_dispatch/middleware/cookies.rb:704:in `call'
activerecord (7.0.10) lib/active_record/migration.rb:639:in `call'
actionpack (7.0.10) lib/action_dispatch/middleware/callbacks.rb:27:in `block in call'
activesupport (7.0.10) lib/active_support/callbacks.rb:99:in `run_callbacks'
actionpack (7.0.10) lib/action_dispatch/middleware/callbacks.rb:26:in `call'
actionpack (7.0.10) lib/action_dispatch/middleware/executor.rb:14:in `call'
actionpack (7.0.10) lib/action_dispatch/middleware/actionable_exceptions.rb:17:in `call'
actionpack (7.0.10) lib/action_dispatch/middleware/debug_exceptions.rb:28:in `call'
web-console (4.2.1) lib/web_console/middleware.rb:132:in `call_app'
web-console (4.2.1) lib/web_console/middleware.rb:28:in `block in call'
web-console (4.2.1) lib/web_console/middleware.rb:17:in `catch'
web-console (4.2.1) lib/web_console/middleware.rb:17:in `call'
actionpack (7.0.10) lib/action_dispatch/middleware/show_exceptions.rb:29:in `call'
railties (7.0.10) lib/rails/rack/logger.rb:40:in `call_app'
railties (7.0.10) lib/rails/rack/logger.rb:25:in `block in call'
activesupport (7.0.10) lib/active_support/tagged_logging.rb:99:in `block in tagged'
activesupport (7.0.10) lib/active_support/tagged_logging.rb:37:in `tagged'
activesupport (7.0.10) lib/active_support/tagged_logging.rb:99:in `tagged'
railties (7.0.10) lib/rails/rack/logger.rb:25:in `call'
actionpack (7.0.10) lib/action_dispatch/middleware/remote_ip.rb:93:in `call'
actionpack (7.0.10) lib/action_dispatch/middleware/request_id.rb:26:in `call'
rack (2.2.22) lib/rack/method_override.rb:24:in `call'
rack (2.2.22) lib/rack/runtime.rb:22:in `call'
actionpack (7.0.10) lib/action_dispatch/middleware/server_timing.rb:61:in `block in call'
actionpack (7.0.10) lib/action_dispatch/middleware/server_timing.rb:26:in `collect_events'
actionpack (7.0.10) lib/action_dispatch/middleware/server_timing.rb:60:in `call'
actionpack (7.0.10) lib/action_dispatch/middleware/executor.rb:14:in `call'
propshaft (1.3.1) lib/propshaft/server.rb:37:in `call'
actionpack (7.0.10) lib/action_dispatch/middleware/static.rb:23:in `call'
rack (2.2.22) lib/rack/sendfile.rb:127:in `call'
actionpack (7.0.10) lib/action_dispatch/middleware/host_authorization.rb:138:in `call'
railties (7.0.10) lib/rails/engine.rb:531:in `call'
puma (7.2.0) lib/puma/configuration.rb:296:in `call'
puma (7.2.0) lib/puma/request.rb:103:in `block in handle_request'
puma (7.2.0) lib/puma/thread_pool.rb:355:in `with_force_shutdown'
puma (7.2.0) lib/puma/request.rb:102:in `handle_request'
puma (7.2.0) lib/puma/server.rb:503:in `process_client'
puma (7.2.0) lib/puma/server.rb:262:in `block in run'
puma (7.2.0) lib/puma/thread_pool.rb:182:in `block in spawn_thread'
Started GET "/user" for 127.0.0.1 at 2026-07-29 13:54:39 +0500
Processing by UsersController#show as HTML
  [1m[36mUser Load (0.6ms)[0m  [1m[34mSELECT "users".* FROM "users" WHERE "users"."id" = $1 ORDER BY "users"."id" ASC LIMIT $2 /*application:CodeCritic,controller:users,action:show*/[0m  [["id", 10], ["LIMIT", 1]]
Completed 406 Not Acceptable in 1771ms (ActiveRecord: 0.6ms | Allocations: 2054)


  
ActionController::MissingExactTemplate (UsersController#show is missing a template for request formats: text/html):
  
actionpack (7.0.10) lib/action_controller/metal/implicit_render.rb:45:in `default_render'
actionpack (7.0.10) lib/action_controller/metal/basic_implicit_render.rb:7:in `send_action'
actionpack (7.0.10) lib/abstract_controller/base.rb:215:in `process_action'
actionpack (7.0.10) lib/action_controller/metal/rendering.rb:165:in `process_action'
actionpack (7.0.10) lib/abstract_controller/callbacks.rb:234:in `block in process_action'
activesupport (7.0.10) lib/active_support/callbacks.rb:118:in `block in run_callbacks'
turbo-rails (2.0.12) lib/turbo-rails.rb:24:in `with_request_id'
turbo-rails (2.0.12) app/controllers/concerns/turbo/request_id_tracking.rb:10:in `turbo_tracking_request_id'
activesupport (7.0.10) lib/active_support/callbacks.rb:127:in `block in run_callbacks'
actiontext (7.0.10) lib/action_text/rendering.rb:20:in `with_renderer'
actiontext (7.0.10) lib/action_text/engine.rb:69:in `block (4 levels) in <class:Engine>'
activesupport (7.0.10) lib/active_support/callbacks.rb:127:in `instance_exec'
activesupport (7.0.10) lib/active_support/callbacks.rb:127:in `block in run_callbacks'
activesupport (7.0.10) lib/active_support/callbacks.rb:138:in `run_callbacks'
actionpack (7.0.10) lib/abstract_controller/callbacks.rb:233:in `process_action'
actionpack (7.0.10) lib/action_controller/metal/rescue.rb:23:in `process_action'
actionpack (7.0.10) lib/action_controller/metal/instrumentation.rb:67:in `block in process_action'
activesupport (7.0.10) lib/active_support/notifications.rb:206:in `block in instrument'
activesupport (7.0.10) lib/active_support/notifications/instrumenter.rb:24:in `instrument'
activesupport (7.0.10) lib/active_support/notifications.rb:206:in `instrument'
actionpack (7.0.10) lib/action_controller/metal/instrumentation.rb:66:in `process_action'
actionpack (7.0.10) lib/action_controller/metal/params_wrapper.rb:259:in `process_action'
activerecord (7.0.10) lib/active_record/railties/controller_runtime.rb:27:in `process_action'
actionpack (7.0.10) lib/abstract_controller/base.rb:151:in `process'
actionview (7.0.10) lib/action_view/rendering.rb:39:in `process'
actionpack (7.0.10) lib/action_controller/metal.rb:188:in `dispatch'
actionpack (7.0.10) lib/action_controller/metal.rb:251:in `dispatch'
actionpack (7.0.10) lib/action_dispatch/routing/route_set.rb:49:in `dispatch'
actionpack (7.0.10) lib/action_dispatch/routing/route_set.rb:32:in `serve'
actionpack (7.0.10) lib/action_dispatch/journey/router.rb:50:in `block in serve'
actionpack (7.0.10) lib/action_dispatch/journey/router.rb:32:in `each'
actionpack (7.0.10) lib/action_dispatch/journey/router.rb:32:in `serve'
actionpack (7.0.10) lib/action_dispatch/routing/route_set.rb:852:in `call'
warden (1.2.9) lib/warden/manager.rb:36:in `block in call'
warden (1.2.9) lib/warden/manager.rb:34:in `catch'
warden (1.2.9) lib/warden/manager.rb:34:in `call'
rack (2.2.22) lib/rack/tempfile_reaper.rb:15:in `call'
rack (2.2.22) lib/rack/etag.rb:27:in `call'
rack (2.2.22) lib/rack/conditional_get.rb:27:in `call'
rack (2.2.22) lib/rack/head.rb:12:in `call'
actionpack (7.0.10) lib/action_dispatch/http/permissions_policy.rb:38:in `call'
actionpack (7.0.10) lib/action_dispatch/http/content_security_policy.rb:39:in `call'
rack (2.2.22) lib/rack/session/abstract/id.rb:266:in `context'
rack (2.2.22) lib/rack/session/abstract/id.rb:260:in `call'
actionpack (7.0.10) lib/action_dispatch/middleware/cookies.rb:704:in `call'
activerecord (7.0.10) lib/active_record/migration.rb:639:in `call'
actionpack (7.0.10) lib/action_dispatch/middleware/callbacks.rb:27:in `block in call'
activesupport (7.0.10) lib/active_support/callbacks.rb:99:in `run_callbacks'
actionpack (7.0.10) lib/action_dispatch/middleware/callbacks.rb:26:in `call'
actionpack (7.0.10) lib/action_dispatch/middleware/executor.rb:14:in `call'
actionpack (7.0.10) lib/action_dispatch/middleware/actionable_exceptions.rb:17:in `call'
actionpack (7.0.10) lib/action_dispatch/middleware/debug_exceptions.rb:28:in `call'
web-console (4.2.1) lib/web_console/middleware.rb:132:in `call_app'
web-console (4.2.1) lib/web_console/middleware.rb:28:in `block in call'
web-console (4.2.1) lib/web_console/middleware.rb:17:in `catch'
web-console (4.2.1) lib/web_console/middleware.rb:17:in `call'
actionpack (7.0.10) lib/action_dispatch/middleware/show_exceptions.rb:29:in `call'
railties (7.0.10) lib/rails/rack/logger.rb:40:in `call_app'
railties (7.0.10) lib/rails/rack/logger.rb:25:in `block in call'
activesupport (7.0.10) lib/active_support/tagged_logging.rb:99:in `block in tagged'
activesupport (7.0.10) lib/active_support/tagged_logging.rb:37:in `tagged'
activesupport (7.0.10) lib/active_support/tagged_logging.rb:99:in `tagged'
railties (7.0.10) lib/rails/rack/logger.rb:25:in `call'
actionpack (7.0.10) lib/action_dispatch/middleware/remote_ip.rb:93:in `call'
actionpack (7.0.10) lib/action_dispatch/middleware/request_id.rb:26:in `call'
rack (2.2.22) lib/rack/method_override.rb:24:in `call'
rack (2.2.22) lib/rack/runtime.rb:22:in `call'
actionpack (7.0.10) lib/action_dispatch/middleware/server_timing.rb:61:in `block in call'
actionpack (7.0.10) lib/action_dispatch/middleware/server_timing.rb:26:in `collect_events'
actionpack (7.0.10) lib/action_dispatch/middleware/server_timing.rb:60:in `call'
actionpack (7.0.10) lib/action_dispatch/middleware/executor.rb:14:in `call'
propshaft (1.3.1) lib/propshaft/server.rb:37:in `call'
actionpack (7.0.10) lib/action_dispatch/middleware/static.rb:23:in `call'
rack (2.2.22) lib/rack/sendfile.rb:127:in `call'
actionpack (7.0.10) lib/action_dispatch/middleware/host_authorization.rb:138:in `call'
railties (7.0.10) lib/rails/engine.rb:531:in `call'
puma (7.2.0) lib/puma/configuration.rb:296:in `call'
puma (7.2.0) lib/puma/request.rb:103:in `block in handle_request'
puma (7.2.0) lib/puma/thread_pool.rb:355:in `with_force_shutdown'
puma (7.2.0) lib/puma/request.rb:102:in `handle_request'
puma (7.2.0) lib/puma/server.rb:503:in `process_client'
puma (7.2.0) lib/puma/server.rb:262:in `block in run'
puma (7.2.0) lib/puma/thread_pool.rb:182:in `block in spawn_thread'
Started GET "/favicon.ico" for 127.0.0.1 at 2026-07-29 13:54:43 +0500
  
ActionController::RoutingError (No route matches [GET] "/favicon.ico"):
  
Started GET "/user" for 127.0.0.1 at 2026-07-29 13:57:16 +0500
Processing by UsersController#show as HTML
  [1m[36mUser Load (0.7ms)[0m  [1m[34mSELECT "users".* FROM "users" WHERE "users"."id" = $1 ORDER BY "users"."id" ASC LIMIT $2 /*application:CodeCritic,controller:users,action:show*/[0m  [["id", 10], ["LIMIT", 1]]
  Rendering layout layouts/application.html.erb
  Rendering users/show.html.erb within layouts/application
  [1m[36mActiveStorage::Attachment Load (3.4ms)[0m  [1m[34mSELECT "active_storage_attachments".* FROM "active_storage_attachments" WHERE "active_storage_attachments"."record_id" = $1 AND "active_storage_attachments"."record_type" = $2 AND "active_storage_attachments"."name" = $3 LIMIT $4 /*application:CodeCritic,controller:users,action:show*/[0m  [["record_id", 10], ["record_type", "User"], ["name", "avatar"], ["LIMIT", 1]]
  ↳ app/views/shared/_navbar.html.erb:26
  Rendered shared/_navbar.html.erb (Duration: 10.2ms | Allocations: 1813)
  Rendered shared/_flash.html.erb (Duration: 1.1ms | Allocations: 203)
  [1m[36mProject Count (3.2ms)[0m  [1m[34mSELECT COUNT(*) FROM "projects" WHERE "projects"."user_id" = $1 /*application:CodeCritic,controller:users,action:show*/[0m  [["user_id", 10]]
  ↳ app/views/users/show.html.erb:58
  Rendered users/show.html.erb within layouts/application (Duration: 421.5ms | Allocations: 13486)
  Rendered layout layouts/application.html.erb (Duration: 425.5ms | Allocations: 14635)
Completed 200 OK in 2119ms (Views: 435.0ms | ActiveRecord: 7.3ms | Allocations: 16997)


Started GET "/favicon.ico" for 127.0.0.1 at 2026-07-29 13:57:30 +0500
  
ActionController::RoutingError (No route matches [GET] "/favicon.ico"):
  
Started PATCH "/user" for 127.0.0.1 at 2026-07-29 13:57:40 +0500
Processing by UsersController#update as TURBO_STREAM
  Parameters: {"authenticity_token"=>"[FILTERED]", "user"=>{"name"=>"Fassih Kamran", "avatar"=>#<ActionDispatch::Http::UploadedFile:0x000001b7a00fe070 @tempfile=#<Tempfile:C:/Users/AHC/AppData/Local/Temp/RackMultipart20260729-13052-ifik4b.png>, @content_type="image/png", @original_filename="Untitled design.png", @headers="Content-Disposition: form-data; name=\"user[avatar]\"; filename=\"Untitled design.png\"\r\nContent-Type: image/png\r\n">}, "commit"=>"Save Changes"}
  [1m[36mUser Load (0.8ms)[0m  [1m[34mSELECT "users".* FROM "users" WHERE "users"."id" = $1 ORDER BY "users"."id" ASC LIMIT $2 /*application:CodeCritic,controller:users,action:update*/[0m  [["id", 10], ["LIMIT", 1]]
  [1m[36mTRANSACTION (0.4ms)[0m  [1m[35mBEGIN /*application:CodeCritic,controller:users,action:update*/[0m
  ↳ app/controllers/users_controller.rb:10:in `update'
  [1m[36mUser Exists? (1.0ms)[0m  [1m[34mSELECT 1 AS one FROM "users" WHERE "users"."email" = $1 AND "users"."id" != $2 LIMIT $3 /*application:CodeCritic,controller:users,action:update*/[0m  [["email", "[FILTERED]"], ["id", 10], ["LIMIT", 1]]
  ↳ app/controllers/users_controller.rb:10:in `update'
  [1m[36mActiveStorage::Blob Load (9.5ms)[0m  [1m[34mSELECT "active_storage_blobs".* FROM "active_storage_blobs" INNER JOIN "active_storage_attachments" ON "active_storage_blobs"."id" = "active_storage_attachments"."blob_id" WHERE "active_storage_attachments"."record_id" = $1 AND "active_storage_attachments"."record_type" = $2 AND "active_storage_attachments"."name" = $3 LIMIT $4 /*application:CodeCritic,controller:users,action:update*/[0m  [["record_id", 10], ["record_type", "User"], ["name", "avatar"], ["LIMIT", 1]]
  ↳ app/controllers/users_controller.rb:10:in `update'
  [1m[36mActiveStorage::Attachment Load (0.4ms)[0m  [1m[34mSELECT "active_storage_attachments".* FROM "active_storage_attachments" WHERE "active_storage_attachments"."record_id" = $1 AND "active_storage_attachments"."record_type" = $2 AND "active_storage_attachments"."name" = $3 LIMIT $4 /*application:CodeCritic,controller:users,action:update*/[0m  [["record_id", 10], ["record_type", "User"], ["name", "avatar"], ["LIMIT", 1]]
  ↳ app/controllers/users_controller.rb:10:in `update'
  [1m[36mActiveStorage::Blob Create (14.5ms)[0m  [1m[32mINSERT INTO "active_storage_blobs" ("key", "filename", "content_type", "metadata", "service_name", "byte_size", "checksum", "created_at") VALUES ($1, $2, $3, $4, $5, $6, $7, $8) RETURNING "id" /*application:CodeCritic,controller:users,action:update*/[0m  [["key", "pe47vep50861t1v9eg1bkct9ql6f"], ["filename", "Untitled design.png"], ["content_type", "image/png"], ["metadata", "{\"identified\":true}"], ["service_name", "local"], ["byte_size", 762108], ["checksum", "HON9BcC9Zxfa9Ena1eIimw=="], ["created_at", "2026-07-29 08:57:43.211609"]]
  ↳ app/controllers/users_controller.rb:10:in `update'
  [1m[36mActiveStorage::Attachment Create (8.2ms)[0m  [1m[32mINSERT INTO "active_storage_attachments" ("name", "record_type", "record_id", "blob_id", "created_at") VALUES ($1, $2, $3, $4, $5) RETURNING "id" /*application:CodeCritic,controller:users,action:update*/[0m  [["name", "avatar"], ["record_type", "User"], ["record_id", 10], ["blob_id", 1], ["created_at", "2026-07-29 08:57:43.230598"]]
  ↳ app/controllers/users_controller.rb:10:in `update'
  [1m[36mUser Update (0.8ms)[0m  [1m[33mUPDATE "users" SET "updated_at" = $1 WHERE "users"."id" = $2 /*application:CodeCritic,controller:users,action:update*/[0m  [["updated_at", "2026-07-29 08:57:43.244132"], ["id", 10]]
  ↳ app/controllers/users_controller.rb:10:in `update'
  [1m[36mTRANSACTION (1.3ms)[0m  [1m[35mCOMMIT /*application:CodeCritic,controller:users,action:update*/[0m
  ↳ app/controllers/users_controller.rb:10:in `update'
[36m  Disk Storage (37.4ms) [0m[32mUploaded file to key: pe47vep50861t1v9eg1bkct9ql6f (checksum: HON9BcC9Zxfa9Ena1eIimw==)[0m
[ActiveJob] Enqueued ActiveStorage::AnalyzeJob (Job ID: 9c7e9039-74fc-4cbe-9172-3ae68d2f3371) to Async(default) with arguments: #<GlobalID:0x000001b79f7d8e00 @uri=#<URI::GID gid://code-critic/ActiveStorage::Blob/1>>
Redirected to http://127.0.0.1:3000/user
Completed 302 Found in 2715ms (ActiveRecord: 61.3ms | Allocations: 32445)


[ActiveJob] [ActiveStorage::AnalyzeJob] [9c7e9039-74fc-4cbe-9172-3ae68d2f3371]   [1m[36mActiveStorage::Blob Load (3.1ms)[0m  [1m[34mSELECT "active_storage_blobs".* FROM "active_storage_blobs" WHERE "active_storage_blobs"."id" = $1 LIMIT $2 /*application:CodeCritic*/[0m  [["id", 1], ["LIMIT", 1]]
[ActiveJob] [ActiveStorage::AnalyzeJob] [9c7e9039-74fc-4cbe-9172-3ae68d2f3371] Performing ActiveStorage::AnalyzeJob (Job ID: 9c7e9039-74fc-4cbe-9172-3ae68d2f3371) from Async(default) enqueued at 2026-07-29T08:57:43Z with arguments: #<GlobalID:0x000001b79f928850 @uri=#<URI::GID gid://code-critic/ActiveStorage::Blob/1>>
Started GET "/user" for 127.0.0.1 at 2026-07-29 13:57:49 +0500
Processing by UsersController#show as TURBO_STREAM
[ActiveJob] [ActiveStorage::AnalyzeJob] [9c7e9039-74fc-4cbe-9172-3ae68d2f3371] [36m  Disk Storage (5.6ms) [0m[34mDownloaded file from key: pe47vep50861t1v9eg1bkct9ql6f[0m
[ActiveJob] [ActiveStorage::AnalyzeJob] [9c7e9039-74fc-4cbe-9172-3ae68d2f3371]   [1m[36mTRANSACTION (1.7ms)[0m  [1m[35mBEGIN /*application:CodeCritic,job:ActiveStorage::AnalyzeJob*/[0m
[ActiveJob] [ActiveStorage::AnalyzeJob] [9c7e9039-74fc-4cbe-9172-3ae68d2f3371]   [1m[36mActiveStorage::Blob Update (1.1ms)[0m  [1m[33mUPDATE "active_storage_blobs" SET "metadata" = $1 WHERE "active_storage_blobs"."id" = $2 /*application:CodeCritic,job:ActiveStorage::AnalyzeJob*/[0m  [["metadata", "{\"identified\":true,\"width\":1280,\"height\":808,\"analyzed\":true}"], ["id", 1]]
[ActiveJob] [ActiveStorage::AnalyzeJob] [9c7e9039-74fc-4cbe-9172-3ae68d2f3371]   [1m[36mTRANSACTION (1.7ms)[0m  [1m[35mCOMMIT /*application:CodeCritic,job:ActiveStorage::AnalyzeJob*/[0m
[ActiveJob] [ActiveStorage::AnalyzeJob] [9c7e9039-74fc-4cbe-9172-3ae68d2f3371] Performed ActiveStorage::AnalyzeJob (Job ID: 9c7e9039-74fc-4cbe-9172-3ae68d2f3371) from Async(default) in 7262.88ms
  [1m[36mUser Load (0.4ms)[0m  [1m[34mSELECT "users".* FROM "users" WHERE "users"."id" = $1 ORDER BY "users"."id" ASC LIMIT $2 /*application:CodeCritic,controller:users,action:show*/[0m  [["id", 10], ["LIMIT", 1]]
  Rendering layout layouts/application.html.erb
  Rendering users/show.html.erb within layouts/application
  [1m[36mActiveStorage::Attachment Load (0.6ms)[0m  [1m[34mSELECT "active_storage_attachments".* FROM "active_storage_attachments" WHERE "active_storage_attachments"."record_id" = $1 AND "active_storage_attachments"."record_type" = $2 AND "active_storage_attachments"."name" = $3 LIMIT $4 /*application:CodeCritic,controller:users,action:show*/[0m  [["record_id", 10], ["record_type", "User"], ["name", "avatar"], ["LIMIT", 1]]
  ↳ app/views/shared/_navbar.html.erb:26
  [1m[36mActiveStorage::Blob Load (0.5ms)[0m  [1m[34mSELECT "active_storage_blobs".* FROM "active_storage_blobs" WHERE "active_storage_blobs"."id" = $1 LIMIT $2 /*application:CodeCritic,controller:users,action:show*/[0m  [["id", 1], ["LIMIT", 1]]
  ↳ app/views/shared/_navbar.html.erb:27
  Rendered shared/_navbar.html.erb (Duration: 12.5ms | Allocations: 3555)
  Rendered shared/_flash.html.erb (Duration: 0.1ms | Allocations: 24)
  [1m[36mProject Count (0.6ms)[0m  [1m[34mSELECT COUNT(*) FROM "projects" WHERE "projects"."user_id" = $1 /*application:CodeCritic,controller:users,action:show*/[0m  [["user_id", 10]]
  ↳ app/views/users/show.html.erb:58
  Rendered users/show.html.erb within layouts/application (Duration: 21.3ms | Allocations: 5502)
  Rendered layout layouts/application.html.erb (Duration: 22.6ms | Allocations: 6247)
Completed 200 OK in 2884ms (Views: 21.9ms | ActiveRecord: 2.0ms | Allocations: 14944)


Started GET "/rails/active_storage/blobs/redirect/eyJfcmFpbHMiOnsibWVzc2FnZSI6IkJBaHBCZz09IiwiZXhwIjpudWxsLCJwdXIiOiJibG9iX2lkIn19--2c064d12f7b69fd188e784c84d784bb8750617de/Untitled%20design.png" for 127.0.0.1 at 2026-07-29 13:57:54 +0500
Processing by ActiveStorage::Blobs::RedirectController#show as PNG
  Parameters: {"signed_id"=>"eyJfcmFpbHMiOnsibWVzc2FnZSI6IkJBaHBCZz09IiwiZXhwIjpudWxsLCJwdXIiOiJibG9iX2lkIn19--2c064d12f7b69fd188e784c84d784bb8750617de", "filename"=>"Untitled design"}
  [1m[36mActiveStorage::Blob Load (0.5ms)[0m  [1m[34mSELECT "active_storage_blobs".* FROM "active_storage_blobs" WHERE "active_storage_blobs"."id" = $1 LIMIT $2 /*application:CodeCritic,controller:redirect,action:show*/[0m  [["id", 1], ["LIMIT", 1]]
[36m  Disk Storage (32.1ms) [0m[34mGenerated URL for file at key: pe47vep50861t1v9eg1bkct9ql6f (http://127.0.0.1:3000/rails/active_storage/disk/eyJfcmFpbHMiOnsibWVzc2FnZSI6IkJBaDdDVG9JYTJWNVNTSWhjR1UwTjNabGNEVXdPRFl4ZERGMk9XVm5NV0pyWTNRNWNXdzJaZ1k2QmtWVU9oQmthWE53YjNOcGRHbHZia2tpVTJsdWJHbHVaVHNnWm1sc1pXNWhiV1U5SWxWdWRHbDBiR1ZrSUdSbGMybG5iaTV3Ym1jaU95Qm1hV3hsYm1GdFpTbzlWVlJHTFRnbkoxVnVkR2wwYkdWa0pUSXdaR1Z6YVdkdUxuQnVad1k3QmxRNkVXTnZiblJsYm5SZmRIbHdaVWtpRG1sdFlXZGxMM0J1WndZN0JsUTZFWE5sY25acFkyVmZibUZ0WlRvS2JHOWpZV3c9IiwiZXhwIjoiMjAyNi0wNy0yOVQwOTowMjo1Ni44OTJaIiwicHVyIjoiYmxvYl9rZXkifX0=--b4ee00e1d07b3ad873fe5f82d8b7eec15b2cdadc/Untitled%20design.png)[0m
Redirected to http://127.0.0.1:3000/rails/active_storage/disk/eyJfcmFpbHMiOnsibWVzc2FnZSI6IkJBaDdDVG9JYTJWNVNTSWhjR1UwTjNabGNEVXdPRFl4ZERGMk9XVm5NV0pyWTNRNWNXdzJaZ1k2QmtWVU9oQmthWE53YjNOcGRHbHZia2tpVTJsdWJHbHVaVHNnWm1sc1pXNWhiV1U5SWxWdWRHbDBiR1ZrSUdSbGMybG5iaTV3Ym1jaU95Qm1hV3hsYm1GdFpTbzlWVlJHTFRnbkoxVnVkR2wwYkdWa0pUSXdaR1Z6YVdkdUxuQnVad1k3QmxRNkVXTnZiblJsYm5SZmRIbHdaVWtpRG1sdFlXZGxMM0J1WndZN0JsUTZFWE5sY25acFkyVmZibUZ0WlRvS2JHOWpZV3c9IiwiZXhwIjoiMjAyNi0wNy0yOVQwOTowMjo1Ni44OTJaIiwicHVyIjoiYmxvYl9rZXkifX0=--b4ee00e1d07b3ad873fe5f82d8b7eec15b2cdadc/Untitled%20design.png
Completed 302 Found in 2355ms (ActiveRecord: 0.5ms | Allocations: 2655)


Started GET "/jamat_timings" for 127.0.0.1 at 2026-07-29 13:58:03 +0500
Started GET "/rails/active_storage/disk/eyJfcmFpbHMiOnsibWVzc2FnZSI6IkJBaDdDVG9JYTJWNVNTSWhjR1UwTjNabGNEVXdPRFl4ZERGMk9XVm5NV0pyWTNRNWNXdzJaZ1k2QmtWVU9oQmthWE53YjNOcGRHbHZia2tpVTJsdWJHbHVaVHNnWm1sc1pXNWhiV1U5SWxWdWRHbDBiR1ZrSUdSbGMybG5iaTV3Ym1jaU95Qm1hV3hsYm1GdFpTbzlWVlJHTFRnbkoxVnVkR2wwYkdWa0pUSXdaR1Z6YVdkdUxuQnVad1k3QmxRNkVXTnZiblJsYm5SZmRIbHdaVWtpRG1sdFlXZGxMM0J1WndZN0JsUTZFWE5sY25acFkyVmZibUZ0WlRvS2JHOWpZV3c9IiwiZXhwIjoiMjAyNi0wNy0yOVQwOTowMjo1Ni44OTJaIiwicHVyIjoiYmxvYl9rZXkifX0=--b4ee00e1d07b3ad873fe5f82d8b7eec15b2cdadc/Untitled%20design.png" for 127.0.0.1 at 2026-07-29 13:58:03 +0500
  
ActionController::RoutingError (No route matches [GET] "/jamat_timings"):
  
Processing by ActiveStorage::DiskController#show as PNG
  Parameters: {"encoded_key"=>"[FILTERED]", "filename"=>"Untitled design"}
Completed 200 OK in 882ms (ActiveRecord: 0.0ms | Allocations: 376)


Started GET "/" for 127.0.0.1 at 2026-07-29 13:58:05 +0500
Processing by ProjectsController#index as HTML
  [1m[36mUser Load (0.4ms)[0m  [1m[34mSELECT "users".* FROM "users" WHERE "users"."id" = $1 ORDER BY "users"."id" ASC LIMIT $2 /*application:CodeCritic,controller:projects,action:index*/[0m  [["id", 10], ["LIMIT", 1]]
  [1m[36mProject Load (0.3ms)[0m  [1m[34mSELECT "projects".* FROM "projects" WHERE "projects"."user_id" = $1 /*application:CodeCritic,controller:projects,action:index*/[0m  [["user_id", 10]]
  ↳ app/controllers/projects_controller.rb:7:in `block in index'
  Rendering layout layouts/application.html.erb
  Rendering projects/index.html.erb within layouts/application
  [1m[36mActiveStorage::Attachment Load (0.4ms)[0m  [1m[34mSELECT "active_storage_attachments".* FROM "active_storage_attachments" WHERE "active_storage_attachments"."record_id" = $1 AND "active_storage_attachments"."record_type" = $2 AND "active_storage_attachments"."name" = $3 LIMIT $4 /*application:CodeCritic,controller:projects,action:index*/[0m  [["record_id", 10], ["record_type", "User"], ["name", "avatar"], ["LIMIT", 1]]
  ↳ app/views/shared/_navbar.html.erb:26
  [1m[36mActiveStorage::Blob Load (0.6ms)[0m  [1m[34mSELECT "active_storage_blobs".* FROM "active_storage_blobs" WHERE "active_storage_blobs"."id" = $1 LIMIT $2 /*application:CodeCritic,controller:projects,action:index*/[0m  [["id", 1], ["LIMIT", 1]]
  ↳ app/views/shared/_navbar.html.erb:27
  Rendered shared/_navbar.html.erb (Duration: 7.7ms | Allocations: 2420)
  Rendered shared/_flash.html.erb (Duration: 0.1ms | Allocations: 22)
  [1m[36mCodeFile Count (2.3ms)[0m  [1m[34mSELECT COUNT(*) FROM "code_files" WHERE "code_files"."project_id" = $1 /*application:CodeCritic,controller:projects,action:index*/[0m  [["project_id", 10]]
  ↳ app/views/projects/index.html.erb:49
  Rendered projects/index.html.erb within layouts/application (Duration: 15.7ms | Allocations: 4002)
  Rendered layout layouts/application.html.erb (Duration: 17.8ms | Allocations: 4789)
Completed 200 OK in 940ms (Views: 23.9ms | ActiveRecord: 3.9ms | Allocations: 8277)


Started GET "/rails/active_storage/blobs/redirect/eyJfcmFpbHMiOnsibWVzc2FnZSI6IkJBaHBCZz09IiwiZXhwIjpudWxsLCJwdXIiOiJibG9iX2lkIn19--2c064d12f7b69fd188e784c84d784bb8750617de/Untitled%20design.png" for 127.0.0.1 at 2026-07-29 13:58:12 +0500
Processing by ActiveStorage::Blobs::RedirectController#show as PNG
  Parameters: {"signed_id"=>"eyJfcmFpbHMiOnsibWVzc2FnZSI6IkJBaHBCZz09IiwiZXhwIjpudWxsLCJwdXIiOiJibG9iX2lkIn19--2c064d12f7b69fd188e784c84d784bb8750617de", "filename"=>"Untitled design"}
  [1m[36mActiveStorage::Blob Load (0.3ms)[0m  [1m[34mSELECT "active_storage_blobs".* FROM "active_storage_blobs" WHERE "active_storage_blobs"."id" = $1 LIMIT $2 /*application:CodeCritic,controller:redirect,action:show*/[0m  [["id", 1], ["LIMIT", 1]]
[36m  Disk Storage (1.1ms) [0m[34mGenerated URL for file at key: pe47vep50861t1v9eg1bkct9ql6f (http://127.0.0.1:3000/rails/active_storage/disk/eyJfcmFpbHMiOnsibWVzc2FnZSI6IkJBaDdDVG9JYTJWNVNTSWhjR1UwTjNabGNEVXdPRFl4ZERGMk9XVm5NV0pyWTNRNWNXdzJaZ1k2QmtWVU9oQmthWE53YjNOcGRHbHZia2tpVTJsdWJHbHVaVHNnWm1sc1pXNWhiV1U5SWxWdWRHbDBiR1ZrSUdSbGMybG5iaTV3Ym1jaU95Qm1hV3hsYm1GdFpTbzlWVlJHTFRnbkoxVnVkR2wwYkdWa0pUSXdaR1Z6YVdkdUxuQnVad1k3QmxRNkVXTnZiblJsYm5SZmRIbHdaVWtpRG1sdFlXZGxMM0J1WndZN0JsUTZFWE5sY25acFkyVmZibUZ0WlRvS2JHOWpZV3c9IiwiZXhwIjoiMjAyNi0wNy0yOVQwOTowMzoxMy41MjVaIiwicHVyIjoiYmxvYl9rZXkifX0=--58a8ca7e81d4e313efe5cbb30703fb4b813ea08a/Untitled%20design.png)[0m
Redirected to http://127.0.0.1:3000/rails/active_storage/disk/eyJfcmFpbHMiOnsibWVzc2FnZSI6IkJBaDdDVG9JYTJWNVNTSWhjR1UwTjNabGNEVXdPRFl4ZERGMk9XVm5NV0pyWTNRNWNXdzJaZ1k2QmtWVU9oQmthWE53YjNOcGRHbHZia2tpVTJsdWJHbHVaVHNnWm1sc1pXNWhiV1U5SWxWdWRHbDBiR1ZrSUdSbGMybG5iaTV3Ym1jaU95Qm1hV3hsYm1GdFpTbzlWVlJHTFRnbkoxVnVkR2wwYkdWa0pUSXdaR1Z6YVdkdUxuQnVad1k3QmxRNkVXTnZiblJsYm5SZmRIbHdaVWtpRG1sdFlXZGxMM0J1WndZN0JsUTZFWE5sY25acFkyVmZibUZ0WlRvS2JHOWpZV3c9IiwiZXhwIjoiMjAyNi0wNy0yOVQwOTowMzoxMy41MjVaIiwicHVyIjoiYmxvYl9rZXkifX0=--58a8ca7e81d4e313efe5cbb30703fb4b813ea08a/Untitled%20design.png
Completed 302 Found in 816ms (ActiveRecord: 0.3ms | Allocations: 1520)


Started GET "/rails/active_storage/disk/eyJfcmFpbHMiOnsibWVzc2FnZSI6IkJBaDdDVG9JYTJWNVNTSWhjR1UwTjNabGNEVXdPRFl4ZERGMk9XVm5NV0pyWTNRNWNXdzJaZ1k2QmtWVU9oQmthWE53YjNOcGRHbHZia2tpVTJsdWJHbHVaVHNnWm1sc1pXNWhiV1U5SWxWdWRHbDBiR1ZrSUdSbGMybG5iaTV3Ym1jaU95Qm1hV3hsYm1GdFpTbzlWVlJHTFRnbkoxVnVkR2wwYkdWa0pUSXdaR1Z6YVdkdUxuQnVad1k3QmxRNkVXTnZiblJsYm5SZmRIbHdaVWtpRG1sdFlXZGxMM0J1WndZN0JsUTZFWE5sY25acFkyVmZibUZ0WlRvS2JHOWpZV3c9IiwiZXhwIjoiMjAyNi0wNy0yOVQwOTowMzoxMy41MjVaIiwicHVyIjoiYmxvYl9rZXkifX0=--58a8ca7e81d4e313efe5cbb30703fb4b813ea08a/Untitled%20design.png" for 127.0.0.1 at 2026-07-29 13:58:14 +0500
Processing by ActiveStorage::DiskController#show as PNG
  Parameters: {"encoded_key"=>"[FILTERED]", "filename"=>"Untitled design"}
Completed 200 OK in 962ms (ActiveRecord: 0.0ms | Allocations: 255)


Started GET "/user" for 127.0.0.1 at 2026-07-29 13:58:17 +0500
Processing by UsersController#show as HTML
  [1m[36mUser Load (0.4ms)[0m  [1m[34mSELECT "users".* FROM "users" WHERE "users"."id" = $1 ORDER BY "users"."id" ASC LIMIT $2 /*application:CodeCritic,controller:users,action:show*/[0m  [["id", 10], ["LIMIT", 1]]
  Rendering layout layouts/application.html.erb
  Rendering users/show.html.erb within layouts/application
  [1m[36mActiveStorage::Attachment Load (0.4ms)[0m  [1m[34mSELECT "active_storage_attachments".* FROM "active_storage_attachments" WHERE "active_storage_attachments"."record_id" = $1 AND "active_storage_attachments"."record_type" = $2 AND "active_storage_attachments"."name" = $3 LIMIT $4 /*application:CodeCritic,controller:users,action:show*/[0m  [["record_id", 10], ["record_type", "User"], ["name", "avatar"], ["LIMIT", 1]]
  ↳ app/views/shared/_navbar.html.erb:26
  [1m[36mActiveStorage::Blob Load (0.4ms)[0m  [1m[34mSELECT "active_storage_blobs".* FROM "active_storage_blobs" WHERE "active_storage_blobs"."id" = $1 LIMIT $2 /*application:CodeCritic,controller:users,action:show*/[0m  [["id", 1], ["LIMIT", 1]]
  ↳ app/views/shared/_navbar.html.erb:27
  Rendered shared/_navbar.html.erb (Duration: 10.8ms | Allocations: 2342)
  Rendered shared/_flash.html.erb (Duration: 0.1ms | Allocations: 20)
  [1m[36mProject Count (0.5ms)[0m  [1m[34mSELECT COUNT(*) FROM "projects" WHERE "projects"."user_id" = $1 /*application:CodeCritic,controller:users,action:show*/[0m  [["user_id", 10]]
  ↳ app/views/users/show.html.erb:58
  Rendered users/show.html.erb within layouts/application (Duration: 21.1ms | Allocations: 4214)
  Rendered layout layouts/application.html.erb (Duration: 23.9ms | Allocations: 4958)
Completed 200 OK in 912ms (Views: 23.4ms | ActiveRecord: 1.7ms | Allocations: 6723)


Started GET "/user" for 127.0.0.1 at 2026-07-29 13:58:23 +0500
Processing by UsersController#show as HTML
  [1m[36mUser Load (0.3ms)[0m  [1m[34mSELECT "users".* FROM "users" WHERE "users"."id" = $1 ORDER BY "users"."id" ASC LIMIT $2 /*application:CodeCritic,controller:users,action:show*/[0m  [["id", 10], ["LIMIT", 1]]
  Rendering layout layouts/application.html.erb
  Rendering users/show.html.erb within layouts/application
  [1m[36mActiveStorage::Attachment Load (0.4ms)[0m  [1m[34mSELECT "active_storage_attachments".* FROM "active_storage_attachments" WHERE "active_storage_attachments"."record_id" = $1 AND "active_storage_attachments"."record_type" = $2 AND "active_storage_attachments"."name" = $3 LIMIT $4 /*application:CodeCritic,controller:users,action:show*/[0m  [["record_id", 10], ["record_type", "User"], ["name", "avatar"], ["LIMIT", 1]]
  ↳ app/views/shared/_navbar.html.erb:26
  [1m[36mActiveStorage::Blob Load (0.6ms)[0m  [1m[34mSELECT "active_storage_blobs".* FROM "active_storage_blobs" WHERE "active_storage_blobs"."id" = $1 LIMIT $2 /*application:CodeCritic,controller:users,action:show*/[0m  [["id", 1], ["LIMIT", 1]]
  ↳ app/views/shared/_navbar.html.erb:27
  Rendered shared/_navbar.html.erb (Duration: 6.8ms | Allocations: 2342)
  Rendered shared/_flash.html.erb (Duration: 0.1ms | Allocations: 20)
  [1m[36mProject Count (0.6ms)[0m  [1m[34mSELECT COUNT(*) FROM "projects" WHERE "projects"."user_id" = $1 /*application:CodeCritic,controller:users,action:show*/[0m  [["user_id", 10]]
  ↳ app/views/users/show.html.erb:58
  Rendered users/show.html.erb within layouts/application (Duration: 12.9ms | Allocations: 4214)
  Rendered layout layouts/application.html.erb (Duration: 14.2ms | Allocations: 4958)
Completed 200 OK in 1054ms (Views: 13.4ms | ActiveRecord: 2.0ms | Allocations: 6746)


Started GET "/user" for 127.0.0.1 at 2026-07-29 13:58:32 +0500
Processing by UsersController#show as HTML
  [1m[36mUser Load (0.4ms)[0m  [1m[34mSELECT "users".* FROM "users" WHERE "users"."id" = $1 ORDER BY "users"."id" ASC LIMIT $2 /*application:CodeCritic,controller:users,action:show*/[0m  [["id", 10], ["LIMIT", 1]]
  Rendering layout layouts/application.html.erb
  Rendering users/show.html.erb within layouts/application
  [1m[36mActiveStorage::Attachment Load (0.8ms)[0m  [1m[34mSELECT "active_storage_attachments".* FROM "active_storage_attachments" WHERE "active_storage_attachments"."record_id" = $1 AND "active_storage_attachments"."record_type" = $2 AND "active_storage_attachments"."name" = $3 LIMIT $4 /*application:CodeCritic,controller:users,action:show*/[0m  [["record_id", 10], ["record_type", "User"], ["name", "avatar"], ["LIMIT", 1]]
  ↳ app/views/shared/_navbar.html.erb:26
  [1m[36mActiveStorage::Blob Load (0.5ms)[0m  [1m[34mSELECT "active_storage_blobs".* FROM "active_storage_blobs" WHERE "active_storage_blobs"."id" = $1 LIMIT $2 /*application:CodeCritic,controller:users,action:show*/[0m  [["id", 1], ["LIMIT", 1]]
  ↳ app/views/shared/_navbar.html.erb:27
  Rendered shared/_navbar.html.erb (Duration: 28.6ms | Allocations: 2342)
  Rendered shared/_flash.html.erb (Duration: 0.1ms | Allocations: 20)
  [1m[36mProject Count (0.7ms)[0m  [1m[34mSELECT COUNT(*) FROM "projects" WHERE "projects"."user_id" = $1 /*application:CodeCritic,controller:users,action:show*/[0m  [["user_id", 10]]
  ↳ app/views/users/show.html.erb:58
  Rendered users/show.html.erb within layouts/application (Duration: 88.9ms | Allocations: 4214)
  Rendered layout layouts/application.html.erb (Duration: 101.0ms | Allocations: 4958)
Completed 200 OK in 1426ms (Views: 235.3ms | ActiveRecord: 2.4ms | Allocations: 6725)


Started GET "/user" for 127.0.0.1 at 2026-07-29 13:59:31 +0500
Processing by UsersController#show as HTML
  [1m[36mUser Load (1.5ms)[0m  [1m[34mSELECT "users".* FROM "users" WHERE "users"."id" = $1 ORDER BY "users"."id" ASC LIMIT $2 /*application:CodeCritic,controller:users,action:show*/[0m  [["id", 10], ["LIMIT", 1]]
  Rendering layout layouts/application.html.erb
  Rendering users/show.html.erb within layouts/application
  [1m[36mActiveStorage::Attachment Load (2.5ms)[0m  [1m[34mSELECT "active_storage_attachments".* FROM "active_storage_attachments" WHERE "active_storage_attachments"."record_id" = $1 AND "active_storage_attachments"."record_type" = $2 AND "active_storage_attachments"."name" = $3 LIMIT $4 /*application:CodeCritic,controller:users,action:show*/[0m  [["record_id", 10], ["record_type", "User"], ["name", "avatar"], ["LIMIT", 1]]
  ↳ app/views/shared/_navbar.html.erb:26
  [1m[36mActiveStorage::Blob Load (1.7ms)[0m  [1m[34mSELECT "active_storage_blobs".* FROM "active_storage_blobs" WHERE "active_storage_blobs"."id" = $1 LIMIT $2 /*application:CodeCritic,controller:users,action:show*/[0m  [["id", 1], ["LIMIT", 1]]
  ↳ app/views/shared/_navbar.html.erb:27
  Rendered shared/_navbar.html.erb (Duration: 17.6ms | Allocations: 2342)
  Rendered shared/_flash.html.erb (Duration: 0.1ms | Allocations: 20)
  [1m[36mProject Count (1.3ms)[0m  [1m[34mSELECT COUNT(*) FROM "projects" WHERE "projects"."user_id" = $1 /*application:CodeCritic,controller:users,action:show*/[0m  [["user_id", 10]]
  ↳ app/views/users/show.html.erb:58
  Rendered users/show.html.erb within layouts/application (Duration: 34.3ms | Allocations: 4214)
  Rendered layout layouts/application.html.erb (Duration: 40.0ms | Allocations: 4958)
Completed 200 OK in 1331ms (Views: 37.8ms | ActiveRecord: 7.0ms | Allocations: 6854)


Started DELETE "/users/sign_out" for 127.0.0.1 at 2026-07-29 13:59:33 +0500
Processing by Devise::SessionsController#destroy as TURBO_STREAM
  Parameters: {"authenticity_token"=>"[FILTERED]"}
  [1m[36mUser Load (4.8ms)[0m  [1m[34mSELECT "users".* FROM "users" WHERE "users"."id" = $1 ORDER BY "users"."id" ASC LIMIT $2 /*application:CodeCritic,controller:sessions,action:destroy*/[0m  [["id", 10], ["LIMIT", 1]]
Started GET "/user" for 127.0.0.1 at 2026-07-29 13:59:34 +0500
Processing by UsersController#show as HTML
  [1m[36mTRANSACTION (1.0ms)[0m  [1m[35mBEGIN /*application:CodeCritic,controller:sessions,action:destroy*/[0m
  [1m[36mUser Update (1.0ms)[0m  [1m[33mUPDATE "users" SET "remember_created_at" = $1, "updated_at" = $2 WHERE "users"."id" = $3 /*application:CodeCritic,controller:sessions,action:destroy*/[0m  [["remember_created_at", nil], ["updated_at", "2026-07-29 08:59:35.491043"], ["id", 10]]
  [1m[36mTRANSACTION (1.4ms)[0m  [1m[35mCOMMIT /*application:CodeCritic,controller:sessions,action:destroy*/[0m
Redirected to http://127.0.0.1:3000/
Completed 303 See Other in 1648ms (ActiveRecord: 8.1ms | Allocations: 6746)


  [1m[36mUser Load (1.1ms)[0m  [1m[34mSELECT "users".* FROM "users" WHERE "users"."id" = $1 ORDER BY "users"."id" ASC LIMIT $2 /*application:CodeCritic,controller:users,action:show*/[0m  [["id", 10], ["LIMIT", 1]]
  Rendering layout layouts/application.html.erb
  Rendering users/show.html.erb within layouts/application
  [1m[36mActiveStorage::Attachment Load (4.9ms)[0m  [1m[34mSELECT "active_storage_attachments".* FROM "active_storage_attachments" WHERE "active_storage_attachments"."record_id" = $1 AND "active_storage_attachments"."record_type" = $2 AND "active_storage_attachments"."name" = $3 LIMIT $4 /*application:CodeCritic,controller:users,action:show*/[0m  [["record_id", 10], ["record_type", "User"], ["name", "avatar"], ["LIMIT", 1]]
  ↳ app/views/shared/_navbar.html.erb:26
  [1m[36mActiveStorage::Blob Load (1.7ms)[0m  [1m[34mSELECT "active_storage_blobs".* FROM "active_storage_blobs" WHERE "active_storage_blobs"."id" = $1 LIMIT $2 /*application:CodeCritic,controller:users,action:show*/[0m  [["id", 1], ["LIMIT", 1]]
  ↳ app/views/shared/_navbar.html.erb:27
  Rendered shared/_navbar.html.erb (Duration: 26.5ms | Allocations: 2342)
  Rendered shared/_flash.html.erb (Duration: 0.1ms | Allocations: 20)
  [1m[36mProject Count (4.4ms)[0m  [1m[34mSELECT COUNT(*) FROM "projects" WHERE "projects"."user_id" = $1 /*application:CodeCritic,controller:users,action:show*/[0m  [["user_id", 10]]
  ↳ app/views/users/show.html.erb:58
  Rendered users/show.html.erb within layouts/application (Duration: 46.4ms | Allocations: 4214)
  Rendered layout layouts/application.html.erb (Duration: 49.9ms | Allocations: 4958)
Completed 200 OK in 1909ms (Views: 44.0ms | ActiveRecord: 12.1ms | Allocations: 11293)


Started GET "/" for 127.0.0.1 at 2026-07-29 13:59:38 +0500
Processing by ProjectsController#index as TURBO_STREAM
Started GET "/user" for 127.0.0.1 at 2026-07-29 13:59:40 +0500
Processing by UsersController#show as HTML
Completed 401 Unauthorized in 2913ms (ActiveRecord: 0.0ms | Allocations: 1762)


  [1m[36mUser Load (2.5ms)[0m  [1m[34mSELECT "users".* FROM "users" WHERE "users"."id" = $1 ORDER BY "users"."id" ASC LIMIT $2 /*application:CodeCritic,controller:users,action:show*/[0m  [["id", 10], ["LIMIT", 1]]
  Rendering layout layouts/application.html.erb
  Rendering users/show.html.erb within layouts/application
  [1m[36mActiveStorage::Attachment Load (2.8ms)[0m  [1m[34mSELECT "active_storage_attachments".* FROM "active_storage_attachments" WHERE "active_storage_attachments"."record_id" = $1 AND "active_storage_attachments"."record_type" = $2 AND "active_storage_attachments"."name" = $3 LIMIT $4 /*application:CodeCritic,controller:users,action:show*/[0m  [["record_id", 10], ["record_type", "User"], ["name", "avatar"], ["LIMIT", 1]]
  ↳ app/views/shared/_navbar.html.erb:26
  [1m[36mActiveStorage::Blob Load (4.3ms)[0m  [1m[34mSELECT "active_storage_blobs".* FROM "active_storage_blobs" WHERE "active_storage_blobs"."id" = $1 LIMIT $2 /*application:CodeCritic,controller:users,action:show*/[0m  [["id", 1], ["LIMIT", 1]]
  ↳ app/views/shared/_navbar.html.erb:27
  Rendered shared/_navbar.html.erb (Duration: 34.4ms | Allocations: 2342)
  Rendered shared/_flash.html.erb (Duration: 0.1ms | Allocations: 20)
  [1m[36mProject Count (1.4ms)[0m  [1m[34mSELECT COUNT(*) FROM "projects" WHERE "projects"."user_id" = $1 /*application:CodeCritic,controller:users,action:show*/[0m  [["user_id", 10]]
  ↳ app/views/users/show.html.erb:58
  Rendered users/show.html.erb within layouts/application (Duration: 57.7ms | Allocations: 4214)
  Rendered layout layouts/application.html.erb (Duration: 67.5ms | Allocations: 4958)
Completed 200 OK in 2886ms (Views: 63.7ms | ActiveRecord: 11.0ms | Allocations: 7956)


Started GET "/users/sign_in" for 127.0.0.1 at 2026-07-29 13:59:44 +0500
Processing by Devise::SessionsController#new as TURBO_STREAM
Started GET "/user" for 127.0.0.1 at 2026-07-29 13:59:47 +0500
Processing by UsersController#show as HTML
  Rendering layout layouts/application.html.erb
  Rendering devise/sessions/new.html.erb within layouts/application
  Rendered devise/sessions/new.html.erb within layouts/application (Duration: 13.0ms | Allocations: 1787)
  Rendered layout layouts/application.html.erb (Duration: 30.5ms | Allocations: 2576)
Completed 200 OK in 3352ms (Views: 72.8ms | ActiveRecord: 0.0ms | Allocations: 5303)


  [1m[36mUser Load (1.7ms)[0m  [1m[34mSELECT "users".* FROM "users" WHERE "users"."id" = $1 ORDER BY "users"."id" ASC LIMIT $2 /*application:CodeCritic,controller:users,action:show*/[0m  [["id", 10], ["LIMIT", 1]]
  Rendering layout layouts/application.html.erb
  Rendering users/show.html.erb within layouts/application
  [1m[36mActiveStorage::Attachment Load (7.7ms)[0m  [1m[34mSELECT "active_storage_attachments".* FROM "active_storage_attachments" WHERE "active_storage_attachments"."record_id" = $1 AND "active_storage_attachments"."record_type" = $2 AND "active_storage_attachments"."name" = $3 LIMIT $4 /*application:CodeCritic,controller:users,action:show*/[0m  [["record_id", 10], ["record_type", "User"], ["name", "avatar"], ["LIMIT", 1]]
  ↳ app/views/shared/_navbar.html.erb:26
  [1m[36mActiveStorage::Blob Load (1.4ms)[0m  [1m[34mSELECT "active_storage_blobs".* FROM "active_storage_blobs" WHERE "active_storage_blobs"."id" = $1 LIMIT $2 /*application:CodeCritic,controller:users,action:show*/[0m  [["id", 1], ["LIMIT", 1]]
  ↳ app/views/shared/_navbar.html.erb:27
  Rendered shared/_navbar.html.erb (Duration: 30.3ms | Allocations: 2360)
  Rendered shared/_flash.html.erb (Duration: 0.1ms | Allocations: 20)
  [1m[36mProject Count (5.0ms)[0m  [1m[34mSELECT COUNT(*) FROM "projects" WHERE "projects"."user_id" = $1 /*application:CodeCritic,controller:users,action:show*/[0m  [["user_id", 10]]
  ↳ app/views/users/show.html.erb:58
  Rendered users/show.html.erb within layouts/application (Duration: 53.6ms | Allocations: 4244)
  Rendered layout layouts/application.html.erb (Duration: 63.2ms | Allocations: 4995)
Completed 200 OK in 3503ms (Views: 54.5ms | ActiveRecord: 15.9ms | Allocations: 11173)


Started GET "/user" for 127.0.0.1 at 2026-07-29 13:59:51 +0500
Processing by UsersController#show as HTML
Started GET "/user" for 127.0.0.1 at 2026-07-29 13:59:51 +0500
Processing by UsersController#show as HTML
Started GET "/user" for 127.0.0.1 at 2026-07-29 13:59:54 +0500
  [1m[36mUser Load (7.0ms)[0m  [1m[34mSELECT "users".* FROM "users" WHERE "users"."id" = $1 ORDER BY "users"."id" ASC LIMIT $2 /*application:CodeCritic,controller:users,action:show*/[0m  [["id", 10], ["LIMIT", 1]]
  Rendering layout layouts/application.html.erb
  Rendering users/show.html.erb within layouts/application
  [1m[36mActiveStorage::Attachment Load (9.5ms)[0m  [1m[34mSELECT "active_storage_attachments".* FROM "active_storage_attachments" WHERE "active_storage_attachments"."record_id" = $1 AND "active_storage_attachments"."record_type" = $2 AND "active_storage_attachments"."name" = $3 LIMIT $4 /*application:CodeCritic,controller:users,action:show*/[0m  [["record_id", 10], ["record_type", "User"], ["name", "avatar"], ["LIMIT", 1]]
  ↳ app/views/shared/_navbar.html.erb:26
  [1m[36mActiveStorage::Blob Load (1.4ms)[0m  [1m[34mSELECT "active_storage_blobs".* FROM "active_storage_blobs" WHERE "active_storage_blobs"."id" = $1 LIMIT $2 /*application:CodeCritic,controller:users,action:show*/[0m  [["id", 1], ["LIMIT", 1]]
  ↳ app/views/shared/_navbar.html.erb:27
  Rendered shared/_navbar.html.erb (Duration: 27.3ms | Allocations: 2358)
  Rendered shared/_flash.html.erb (Duration: 0.1ms | Allocations: 20)
  [1m[36mProject Count (7.8ms)[0m  [1m[34mSELECT COUNT(*) FROM "projects" WHERE "projects"."user_id" = $1 /*application:CodeCritic,controller:users,action:show*/[0m  [["user_id", 10]]
  ↳ app/views/users/show.html.erb:58
  Rendered users/show.html.erb within layouts/application (Duration: 54.7ms | Allocations: 4250)
  Rendered layout layouts/application.html.erb (Duration: 60.4ms | Allocations: 4995)
Completed 200 OK in 3000ms (Views: 46.8ms | ActiveRecord: 25.7ms | Allocations: 8755)


Processing by UsersController#show as HTML
  [1m[36mUser Load (0.4ms)[0m  [1m[34mSELECT "users".* FROM "users" WHERE "users"."id" = $1 ORDER BY "users"."id" ASC LIMIT $2 /*application:CodeCritic,controller:users,action:show*/[0m  [["id", 10], ["LIMIT", 1]]
  Rendering layout layouts/application.html.erb
  Rendering users/show.html.erb within layouts/application
  [1m[36mActiveStorage::Attachment Load (1.0ms)[0m  [1m[34mSELECT "active_storage_attachments".* FROM "active_storage_attachments" WHERE "active_storage_attachments"."record_id" = $1 AND "active_storage_attachments"."record_type" = $2 AND "active_storage_attachments"."name" = $3 LIMIT $4 /*application:CodeCritic,controller:users,action:show*/[0m  [["record_id", 10], ["record_type", "User"], ["name", "avatar"], ["LIMIT", 1]]
  ↳ app/views/shared/_navbar.html.erb:26
  [1m[36mActiveStorage::Blob Load (1.1ms)[0m  [1m[34mSELECT "active_storage_blobs".* FROM "active_storage_blobs" WHERE "active_storage_blobs"."id" = $1 LIMIT $2 /*application:CodeCritic,controller:users,action:show*/[0m  [["id", 1], ["LIMIT", 1]]
  ↳ app/views/shared/_navbar.html.erb:27
  Rendered shared/_navbar.html.erb (Duration: 18.3ms | Allocations: 2343)
  Rendered shared/_flash.html.erb (Duration: 0.1ms | Allocations: 20)
  [1m[36mProject Count (1.8ms)[0m  [1m[34mSELECT COUNT(*) FROM "projects" WHERE "projects"."user_id" = $1 /*application:CodeCritic,controller:users,action:show*/[0m  [["user_id", 10]]
  ↳ app/views/users/show.html.erb:58
  Rendered users/show.html.erb within layouts/application (Duration: 33.5ms | Allocations: 4215)
  Rendered layout layouts/application.html.erb (Duration: 41.0ms | Allocations: 4959)
Completed 200 OK in 2957ms (Views: 42.0ms | ActiveRecord: 4.3ms | Allocations: 15335)


  [1m[36mUser Load (0.4ms)[0m  [1m[34mSELECT "users".* FROM "users" WHERE "users"."id" = $1 ORDER BY "users"."id" ASC LIMIT $2 /*application:CodeCritic,controller:users,action:show*/[0m  [["id", 10], ["LIMIT", 1]]
  Rendering layout layouts/application.html.erb
  Rendering users/show.html.erb within layouts/application
  [1m[36mActiveStorage::Attachment Load (0.4ms)[0m  [1m[34mSELECT "active_storage_attachments".* FROM "active_storage_attachments" WHERE "active_storage_attachments"."record_id" = $1 AND "active_storage_attachments"."record_type" = $2 AND "active_storage_attachments"."name" = $3 LIMIT $4 /*application:CodeCritic,controller:users,action:show*/[0m  [["record_id", 10], ["record_type", "User"], ["name", "avatar"], ["LIMIT", 1]]
  ↳ app/views/shared/_navbar.html.erb:26
  [1m[36mActiveStorage::Blob Load (0.3ms)[0m  [1m[34mSELECT "active_storage_blobs".* FROM "active_storage_blobs" WHERE "active_storage_blobs"."id" = $1 LIMIT $2 /*application:CodeCritic,controller:users,action:show*/[0m  [["id", 1], ["LIMIT", 1]]
  ↳ app/views/shared/_navbar.html.erb:27
  Rendered shared/_navbar.html.erb (Duration: 11.6ms | Allocations: 2342)
  Rendered shared/_flash.html.erb (Duration: 0.1ms | Allocations: 20)
  [1m[36mProject Count (0.6ms)[0m  [1m[34mSELECT COUNT(*) FROM "projects" WHERE "projects"."user_id" = $1 /*application:CodeCritic,controller:users,action:show*/[0m  [["user_id", 10]]
  ↳ app/views/users/show.html.erb:58
  Rendered users/show.html.erb within layouts/application (Duration: 18.8ms | Allocations: 4214)
  Rendered layout layouts/application.html.erb (Duration: 40.3ms | Allocations: 4958)
Completed 200 OK in 1394ms (Views: 91.7ms | ActiveRecord: 1.7ms | Allocations: 13871)


Started GET "/" for 127.0.0.1 at 2026-08-02 19:04:41 +0500
  [1m[36mActiveRecord::SchemaMigration Pluck (3.1ms)[0m  [1m[34mSELECT "schema_migrations"."version" FROM "schema_migrations" ORDER BY "schema_migrations"."version" ASC /*application:CodeCritic*/[0m
Processing by ProjectsController#index as HTML
Completed 401 Unauthorized in 1900ms (ActiveRecord: 0.0ms | Allocations: 2496)


Started GET "/users/sign_in" for 127.0.0.1 at 2026-08-02 19:04:56 +0500
Started GET "/" for 127.0.0.1 at 2026-08-02 19:04:56 +0500
Processing by Devise::SessionsController#new as HTML
Processing by ProjectsController#index as HTML
  Rendering layout layouts/application.html.erb
  Rendering devise/sessions/new.html.erb within layouts/application
Completed 401 Unauthorized in 1960ms (ActiveRecord: 0.0ms | Allocations: 8621)


  Rendered devise/sessions/new.html.erb within layouts/application (Duration: 404.0ms | Allocations: 4134)
  Rendered layout layouts/application.html.erb (Duration: 991.9ms | Allocations: 12768)
Completed 200 OK in 3124ms (Views: 1245.4ms | ActiveRecord: 42.9ms | Allocations: 22213)


Started GET "/users/sign_in" for 127.0.0.1 at 2026-08-02 19:05:03 +0500
Processing by Devise::SessionsController#new as HTML
  Rendering layout layouts/application.html.erb
  Rendering devise/sessions/new.html.erb within layouts/application
  Rendered devise/sessions/new.html.erb within layouts/application (Duration: 2.2ms | Allocations: 1142)
  Rendered layout layouts/application.html.erb (Duration: 8.8ms | Allocations: 1888)
Completed 200 OK in 3914ms (Views: 16.2ms | ActiveRecord: 0.0ms | Allocations: 3275)


Started GET "/favicon.ico" for 127.0.0.1 at 2026-08-02 19:05:14 +0500
  
ActionController::RoutingError (No route matches [GET] "/favicon.ico"):
  
Started POST "/users/sign_in" for 127.0.0.1 at 2026-08-02 19:05:36 +0500
Processing by Devise::SessionsController#create as TURBO_STREAM
  Parameters: {"authenticity_token"=>"[FILTERED]", "user"=>{"email"=>"[FILTERED]", "password"=>"[FILTERED]", "remember_me"=>"0"}, "commit"=>"Sign in"}
  [1m[36mUser Load (15.0ms)[0m  [1m[34mSELECT "users".* FROM "users" WHERE "users"."email" = $1 ORDER BY "users"."id" ASC LIMIT $2 /*application:CodeCritic,controller:sessions,action:create*/[0m  [["email", "[FILTERED]"], ["LIMIT", 1]]
Redirected to http://127.0.0.1:3000/
Completed 303 See Other in 1445ms (ActiveRecord: 15.3ms | Allocations: 5504)


Started GET "/" for 127.0.0.1 at 2026-08-02 19:05:39 +0500
Processing by ProjectsController#index as TURBO_STREAM
  [1m[36mUser Load (0.5ms)[0m  [1m[34mSELECT "users".* FROM "users" WHERE "users"."id" = $1 ORDER BY "users"."id" ASC LIMIT $2 /*application:CodeCritic,controller:projects,action:index*/[0m  [["id", 10], ["LIMIT", 1]]
  [1m[36mProject Load (5.9ms)[0m  [1m[34mSELECT "projects".* FROM "projects" WHERE "projects"."user_id" = $1 /*application:CodeCritic,controller:projects,action:index*/[0m  [["user_id", 10]]
  ↳ app/controllers/projects_controller.rb:7:in `block in index'
  Rendering layout layouts/application.html.erb
  Rendering projects/index.html.erb within layouts/application
  [1m[36mActiveStorage::Attachment Load (8.2ms)[0m  [1m[34mSELECT "active_storage_attachments".* FROM "active_storage_attachments" WHERE "active_storage_attachments"."record_id" = $1 AND "active_storage_attachments"."record_type" = $2 AND "active_storage_attachments"."name" = $3 LIMIT $4 /*application:CodeCritic,controller:projects,action:index*/[0m  [["record_id", 10], ["record_type", "User"], ["name", "avatar"], ["LIMIT", 1]]
  ↳ app/views/shared/_navbar.html.erb:26
  [1m[36mActiveStorage::Blob Load (5.0ms)[0m  [1m[34mSELECT "active_storage_blobs".* FROM "active_storage_blobs" WHERE "active_storage_blobs"."id" = $1 LIMIT $2 /*application:CodeCritic,controller:projects,action:index*/[0m  [["id", 1], ["LIMIT", 1]]
  ↳ app/views/shared/_navbar.html.erb:27
  Rendered shared/_navbar.html.erb (Duration: 632.8ms | Allocations: 19120)
  Rendered shared/_flash.html.erb (Duration: 39.9ms | Allocations: 219)
  [1m[36mCodeFile Count (14.2ms)[0m  [1m[34mSELECT COUNT(*) FROM "code_files" WHERE "code_files"."project_id" = $1 /*application:CodeCritic,controller:projects,action:index*/[0m  [["project_id", 10]]
  ↳ app/views/projects/index.html.erb:49
  Rendered projects/index.html.erb within layouts/application (Duration: 817.1ms | Allocations: 23850)
  Rendered layout layouts/application.html.erb (Duration: 818.8ms | Allocations: 24641)
Completed 200 OK in 2859ms (Views: 793.9ms | ActiveRecord: 53.9ms | Allocations: 35571)


Started GET "/rails/active_storage/blobs/redirect/eyJfcmFpbHMiOnsibWVzc2FnZSI6IkJBaHBCZz09IiwiZXhwIjpudWxsLCJwdXIiOiJibG9iX2lkIn19--2c064d12f7b69fd188e784c84d784bb8750617de/Untitled%20design.png" for 127.0.0.1 at 2026-08-02 19:05:43 +0500
Processing by ActiveStorage::Blobs::RedirectController#show as PNG
  Parameters: {"signed_id"=>"eyJfcmFpbHMiOnsibWVzc2FnZSI6IkJBaHBCZz09IiwiZXhwIjpudWxsLCJwdXIiOiJibG9iX2lkIn19--2c064d12f7b69fd188e784c84d784bb8750617de", "filename"=>"Untitled design"}
  [1m[36mActiveStorage::Blob Load (0.4ms)[0m  [1m[34mSELECT "active_storage_blobs".* FROM "active_storage_blobs" WHERE "active_storage_blobs"."id" = $1 LIMIT $2 /*application:CodeCritic,controller:redirect,action:show*/[0m  [["id", 1], ["LIMIT", 1]]
[36m  Disk Storage (5.6ms) [0m[34mGenerated URL for file at key: pe47vep50861t1v9eg1bkct9ql6f (http://127.0.0.1:3000/rails/active_storage/disk/eyJfcmFpbHMiOnsibWVzc2FnZSI6IkJBaDdDVG9JYTJWNVNTSWhjR1UwTjNabGNEVXdPRFl4ZERGMk9XVm5NV0pyWTNRNWNXdzJaZ1k2QmtWVU9oQmthWE53YjNOcGRHbHZia2tpVTJsdWJHbHVaVHNnWm1sc1pXNWhiV1U5SWxWdWRHbDBiR1ZrSUdSbGMybG5iaTV3Ym1jaU95Qm1hV3hsYm1GdFpTbzlWVlJHTFRnbkoxVnVkR2wwYkdWa0pUSXdaR1Z6YVdkdUxuQnVad1k3QmxRNkVXTnZiblJsYm5SZmRIbHdaVWtpRG1sdFlXZGxMM0J1WndZN0JsUTZFWE5sY25acFkyVmZibUZ0WlRvS2JHOWpZV3c9IiwiZXhwIjoiMjAyNi0wOC0wMlQxNDoxMDo0Ni4wNjdaIiwicHVyIjoiYmxvYl9rZXkifX0=--8350509427d286c96c5eff78fb109ef22a2e6a4a/Untitled%20design.png)[0m
Redirected to http://127.0.0.1:3000/rails/active_storage/disk/eyJfcmFpbHMiOnsibWVzc2FnZSI6IkJBaDdDVG9JYTJWNVNTSWhjR1UwTjNabGNEVXdPRFl4ZERGMk9XVm5NV0pyWTNRNWNXdzJaZ1k2QmtWVU9oQmthWE53YjNOcGRHbHZia2tpVTJsdWJHbHVaVHNnWm1sc1pXNWhiV1U5SWxWdWRHbDBiR1ZrSUdSbGMybG5iaTV3Ym1jaU95Qm1hV3hsYm1GdFpTbzlWVlJHTFRnbkoxVnVkR2wwYkdWa0pUSXdaR1Z6YVdkdUxuQnVad1k3QmxRNkVXTnZiblJsYm5SZmRIbHdaVWtpRG1sdFlXZGxMM0J1WndZN0JsUTZFWE5sY25acFkyVmZibUZ0WlRvS2JHOWpZV3c9IiwiZXhwIjoiMjAyNi0wOC0wMlQxNDoxMDo0Ni4wNjdaIiwicHVyIjoiYmxvYl9rZXkifX0=--8350509427d286c96c5eff78fb109ef22a2e6a4a/Untitled%20design.png
Completed 302 Found in 2008ms (ActiveRecord: 0.4ms | Allocations: 10530)


Started GET "/rails/active_storage/disk/eyJfcmFpbHMiOnsibWVzc2FnZSI6IkJBaDdDVG9JYTJWNVNTSWhjR1UwTjNabGNEVXdPRFl4ZERGMk9XVm5NV0pyWTNRNWNXdzJaZ1k2QmtWVU9oQmthWE53YjNOcGRHbHZia2tpVTJsdWJHbHVaVHNnWm1sc1pXNWhiV1U5SWxWdWRHbDBiR1ZrSUdSbGMybG5iaTV3Ym1jaU95Qm1hV3hsYm1GdFpTbzlWVlJHTFRnbkoxVnVkR2wwYkdWa0pUSXdaR1Z6YVdkdUxuQnVad1k3QmxRNkVXTnZiblJsYm5SZmRIbHdaVWtpRG1sdFlXZGxMM0J1WndZN0JsUTZFWE5sY25acFkyVmZibUZ0WlRvS2JHOWpZV3c9IiwiZXhwIjoiMjAyNi0wOC0wMlQxNDoxMDo0Ni4wNjdaIiwicHVyIjoiYmxvYl9rZXkifX0=--8350509427d286c96c5eff78fb109ef22a2e6a4a/Untitled%20design.png" for 127.0.0.1 at 2026-08-02 19:05:47 +0500
Processing by ActiveStorage::DiskController#show as PNG
  Parameters: {"encoded_key"=>"[FILTERED]", "filename"=>"Untitled design"}
Completed 200 OK in 1624ms (ActiveRecord: 0.0ms | Allocations: 380)


Started GET "/user" for 127.0.0.1 at 2026-08-02 19:06:05 +0500
Processing by UsersController#show as HTML
  [1m[36mUser Load (0.5ms)[0m  [1m[34mSELECT "users".* FROM "users" WHERE "users"."id" = $1 ORDER BY "users"."id" ASC LIMIT $2 /*application:CodeCritic,controller:users,action:show*/[0m  [["id", 10], ["LIMIT", 1]]
  Rendering layout layouts/application.html.erb
  Rendering users/show.html.erb within layouts/application
  [1m[36mActiveStorage::Attachment Load (0.6ms)[0m  [1m[34mSELECT "active_storage_attachments".* FROM "active_storage_attachments" WHERE "active_storage_attachments"."record_id" = $1 AND "active_storage_attachments"."record_type" = $2 AND "active_storage_attachments"."name" = $3 LIMIT $4 /*application:CodeCritic,controller:users,action:show*/[0m  [["record_id", 10], ["record_type", "User"], ["name", "avatar"], ["LIMIT", 1]]
  ↳ app/views/shared/_navbar.html.erb:26
  [1m[36mActiveStorage::Blob Load (0.8ms)[0m  [1m[34mSELECT "active_storage_blobs".* FROM "active_storage_blobs" WHERE "active_storage_blobs"."id" = $1 LIMIT $2 /*application:CodeCritic,controller:users,action:show*/[0m  [["id", 1], ["LIMIT", 1]]
  ↳ app/views/shared/_navbar.html.erb:27
  Rendered shared/_navbar.html.erb (Duration: 11.1ms | Allocations: 2439)
  Rendered shared/_flash.html.erb (Duration: 0.1ms | Allocations: 23)
  [1m[36mProject Count (0.6ms)[0m  [1m[34mSELECT COUNT(*) FROM "projects" WHERE "projects"."user_id" = $1 /*application:CodeCritic,controller:users,action:show*/[0m  [["user_id", 10]]
  ↳ app/views/users/show.html.erb:58
  Rendered users/show.html.erb within layouts/application (Duration: 210.9ms | Allocations: 5382)
  Rendered layout layouts/application.html.erb (Duration: 220.7ms | Allocations: 6171)
Completed 200 OK in 1510ms (Views: 243.2ms | ActiveRecord: 2.4ms | Allocations: 8430)


Started GET "/projects/10" for 127.0.0.1 at 2026-08-02 19:06:10 +0500
Processing by ProjectsController#show as HTML
  Parameters: {"id"=>"10"}
  [1m[36mUser Load (0.5ms)[0m  [1m[34mSELECT "users".* FROM "users" WHERE "users"."id" = $1 ORDER BY "users"."id" ASC LIMIT $2 /*application:CodeCritic,controller:projects,action:show*/[0m  [["id", 10], ["LIMIT", 1]]
  ↳ app/controllers/projects_controller.rb:51:in `set_project'
  [1m[36mProject Load (0.5ms)[0m  [1m[34mSELECT "projects".* FROM "projects" WHERE "projects"."user_id" = $1 AND "projects"."id" = $2 LIMIT $3 /*application:CodeCritic,controller:projects,action:show*/[0m  [["user_id", 10], ["id", 10], ["LIMIT", 1]]
  ↳ app/controllers/projects_controller.rb:51:in `set_project'
  Rendering layout layouts/application.html.erb
  Rendering projects/show.html.erb within layouts/application
  [1m[36mActiveStorage::Attachment Load (0.4ms)[0m  [1m[34mSELECT "active_storage_attachments".* FROM "active_storage_attachments" WHERE "active_storage_attachments"."record_id" = $1 AND "active_storage_attachments"."record_type" = $2 AND "active_storage_attachments"."name" = $3 LIMIT $4 /*application:CodeCritic,controller:projects,action:show*/[0m  [["record_id", 10], ["record_type", "User"], ["name", "avatar"], ["LIMIT", 1]]
  ↳ app/views/shared/_navbar.html.erb:26
  [1m[36mActiveStorage::Blob Load (0.3ms)[0m  [1m[34mSELECT "active_storage_blobs".* FROM "active_storage_blobs" WHERE "active_storage_blobs"."id" = $1 LIMIT $2 /*application:CodeCritic,controller:projects,action:show*/[0m  [["id", 1], ["LIMIT", 1]]
  ↳ app/views/shared/_navbar.html.erb:27
  Rendered shared/_navbar.html.erb (Duration: 9.4ms | Allocations: 2350)
  Rendered shared/_flash.html.erb (Duration: 0.1ms | Allocations: 20)
  [1m[36mCodeFile Count (0.5ms)[0m  [1m[34mSELECT COUNT(*) FROM "code_files" WHERE "code_files"."project_id" = $1 /*application:CodeCritic,controller:projects,action:show*/[0m  [["project_id", 10]]
  ↳ app/views/projects/show.html.erb:39
  [1m[36mCACHE CodeFile Count (0.0ms)[0m  [1m[34mSELECT COUNT(*) FROM "code_files" WHERE "code_files"."project_id" = $1[0m  [["project_id", 10]]
  ↳ app/views/projects/show.html.erb:64
  [1m[36mCodeFile Exists? (0.4ms)[0m  [1m[34mSELECT 1 AS one FROM "code_files" WHERE "code_files"."project_id" = $1 LIMIT $2 /*application:CodeCritic,controller:projects,action:show*/[0m  [["project_id", 10], ["LIMIT", 1]]
  ↳ app/views/projects/show.html.erb:67
  Rendered projects/show.html.erb within layouts/application (Duration: 126.8ms | Allocations: 5676)
  Rendered layout layouts/application.html.erb (Duration: 129.6ms | Allocations: 6420)
Completed 200 OK in 1520ms (Views: 129.2ms | ActiveRecord: 2.5ms | Allocations: 9256)


Started GET "/user" for 127.0.0.1 at 2026-08-02 19:06:16 +0500
Processing by UsersController#show as HTML
  [1m[36mUser Load (0.5ms)[0m  [1m[34mSELECT "users".* FROM "users" WHERE "users"."id" = $1 ORDER BY "users"."id" ASC LIMIT $2 /*application:CodeCritic,controller:users,action:show*/[0m  [["id", 10], ["LIMIT", 1]]
  Rendering layout layouts/application.html.erb
  Rendering users/show.html.erb within layouts/application
  [1m[36mActiveStorage::Attachment Load (0.4ms)[0m  [1m[34mSELECT "active_storage_attachments".* FROM "active_storage_attachments" WHERE "active_storage_attachments"."record_id" = $1 AND "active_storage_attachments"."record_type" = $2 AND "active_storage_attachments"."name" = $3 LIMIT $4 /*application:CodeCritic,controller:users,action:show*/[0m  [["record_id", 10], ["record_type", "User"], ["name", "avatar"], ["LIMIT", 1]]
  ↳ app/views/shared/_navbar.html.erb:26
  [1m[36mActiveStorage::Blob Load (0.5ms)[0m  [1m[34mSELECT "active_storage_blobs".* FROM "active_storage_blobs" WHERE "active_storage_blobs"."id" = $1 LIMIT $2 /*application:CodeCritic,controller:users,action:show*/[0m  [["id", 1], ["LIMIT", 1]]
  ↳ app/views/shared/_navbar.html.erb:27
  Rendered shared/_navbar.html.erb (Duration: 6.9ms | Allocations: 2342)
  Rendered shared/_flash.html.erb (Duration: 0.1ms | Allocations: 20)
  [1m[36mProject Count (0.4ms)[0m  [1m[34mSELECT COUNT(*) FROM "projects" WHERE "projects"."user_id" = $1 /*application:CodeCritic,controller:users,action:show*/[0m  [["user_id", 10]]
  ↳ app/views/users/show.html.erb:58
  Rendered users/show.html.erb within layouts/application (Duration: 12.2ms | Allocations: 4214)
  Rendered layout layouts/application.html.erb (Duration: 15.1ms | Allocations: 4958)
Completed 200 OK in 952ms (Views: 14.9ms | ActiveRecord: 1.9ms | Allocations: 6708)


Started GET "/projects/10/code_files/new" for 127.0.0.1 at 2026-08-02 19:06:24 +0500
Processing by CodeFilesController#new as HTML
  Parameters: {"project_id"=>"10"}
  [1m[36mUser Load (0.5ms)[0m  [1m[34mSELECT "users".* FROM "users" WHERE "users"."id" = $1 ORDER BY "users"."id" ASC LIMIT $2 /*application:CodeCritic,controller:code_files,action:new*/[0m  [["id", 10], ["LIMIT", 1]]
  ↳ app/controllers/code_files_controller.rb:50:in `set_project'
  [1m[36mProject Load (0.5ms)[0m  [1m[34mSELECT "projects".* FROM "projects" WHERE "projects"."user_id" = $1 AND "projects"."id" = $2 LIMIT $3 /*application:CodeCritic,controller:code_files,action:new*/[0m  [["user_id", 10], ["id", 10], ["LIMIT", 1]]
  ↳ app/controllers/code_files_controller.rb:50:in `set_project'
  Rendering layout layouts/application.html.erb
  Rendering code_files/new.html.erb within layouts/application
  [1m[36mActiveStorage::Attachment Load (0.6ms)[0m  [1m[34mSELECT "active_storage_attachments".* FROM "active_storage_attachments" WHERE "active_storage_attachments"."record_id" = $1 AND "active_storage_attachments"."record_type" = $2 AND "active_storage_attachments"."name" = $3 LIMIT $4 /*application:CodeCritic,controller:code_files,action:new*/[0m  [["record_id", 10], ["record_type", "User"], ["name", "avatar"], ["LIMIT", 1]]
  ↳ app/views/shared/_navbar.html.erb:26
  [1m[36mActiveStorage::Blob Load (0.5ms)[0m  [1m[34mSELECT "active_storage_blobs".* FROM "active_storage_blobs" WHERE "active_storage_blobs"."id" = $1 LIMIT $2 /*application:CodeCritic,controller:code_files,action:new*/[0m  [["id", 1], ["LIMIT", 1]]
  ↳ app/views/shared/_navbar.html.erb:27
  Rendered shared/_navbar.html.erb (Duration: 9.9ms | Allocations: 2438)
  Rendered shared/_flash.html.erb (Duration: 0.1ms | Allocations: 23)
  Rendered code_files/new.html.erb within layouts/application (Duration: 272.6ms | Allocations: 5151)
  Rendered layout layouts/application.html.erb (Duration: 275.3ms | Allocations: 5939)
Completed 200 OK in 1624ms (Views: 287.2ms | ActiveRecord: 5.5ms | Allocations: 11712)


Started POST "/projects/10/code_files" for 127.0.0.1 at 2026-08-02 19:07:07 +0500
Processing by CodeFilesController#create as TURBO_STREAM
  Parameters: {"authenticity_token"=>"[FILTERED]", "code_file"=>{"language"=>"ruby", "content"=>"# Model representing a mosque with location and prayer times\r\nclass Masjid < ApplicationRecord\r\n  acts_as_paranoid\r\n\r\n  belongs_to :user\r\n  has_many :jamat_timings, dependent: :destroy\r\n  validates :name, :address, :city, :area, presence: true\r\n\r\n  scope :latest_active_timing, -> { jamat_timings.max_by(&:date) }\r\nend\r\n"}, "commit"=>"Add File", "project_id"=>"10"}
  [1m[36mUser Load (0.5ms)[0m  [1m[34mSELECT "users".* FROM "users" WHERE "users"."id" = $1 ORDER BY "users"."id" ASC LIMIT $2 /*application:CodeCritic,controller:code_files,action:create*/[0m  [["id", 10], ["LIMIT", 1]]
  ↳ app/controllers/code_files_controller.rb:50:in `set_project'
  [1m[36mProject Load (0.4ms)[0m  [1m[34mSELECT "projects".* FROM "projects" WHERE "projects"."user_id" = $1 AND "projects"."id" = $2 LIMIT $3 /*application:CodeCritic,controller:code_files,action:create*/[0m  [["user_id", 10], ["id", 10], ["LIMIT", 1]]
  ↳ app/controllers/code_files_controller.rb:50:in `set_project'
Completed 500 Internal Server Error in 2012ms (ActiveRecord: 0.9ms | Allocations: 2454)


  
NoMethodError (undefined method `authorize_code_file' for #<CodeFilesController:0x00000000010298>):
  
activesupport (7.0.10) lib/active_support/callbacks.rb:400:in `block in make_lambda'
activesupport (7.0.10) lib/active_support/callbacks.rb:180:in `block (2 levels) in halting_and_conditional'
actionpack (7.0.10) lib/abstract_controller/callbacks.rb:34:in `block (2 levels) in <module:Callbacks>'
activesupport (7.0.10) lib/active_support/callbacks.rb:181:in `block in halting_and_conditional'
activesupport (7.0.10) lib/active_support/callbacks.rb:595:in `block in invoke_before'
activesupport (7.0.10) lib/active_support/callbacks.rb:595:in `each'
activesupport (7.0.10) lib/active_support/callbacks.rb:595:in `invoke_before'
activesupport (7.0.10) lib/active_support/callbacks.rb:116:in `block in run_callbacks'
turbo-rails (2.0.12) lib/turbo-rails.rb:24:in `with_request_id'
turbo-rails (2.0.12) app/controllers/concerns/turbo/request_id_tracking.rb:10:in `turbo_tracking_request_id'
activesupport (7.0.10) lib/active_support/callbacks.rb:127:in `block in run_callbacks'
actiontext (7.0.10) lib/action_text/rendering.rb:20:in `with_renderer'
actiontext (7.0.10) lib/action_text/engine.rb:69:in `block (4 levels) in <class:Engine>'
activesupport (7.0.10) lib/active_support/callbacks.rb:127:in `instance_exec'
activesupport (7.0.10) lib/active_support/callbacks.rb:127:in `block in run_callbacks'
activesupport (7.0.10) lib/active_support/callbacks.rb:138:in `run_callbacks'
actionpack (7.0.10) lib/abstract_controller/callbacks.rb:233:in `process_action'
actionpack (7.0.10) lib/action_controller/metal/rescue.rb:23:in `process_action'
actionpack (7.0.10) lib/action_controller/metal/instrumentation.rb:67:in `block in process_action'
activesupport (7.0.10) lib/active_support/notifications.rb:206:in `block in instrument'
activesupport (7.0.10) lib/active_support/notifications/instrumenter.rb:24:in `instrument'
activesupport (7.0.10) lib/active_support/notifications.rb:206:in `instrument'
actionpack (7.0.10) lib/action_controller/metal/instrumentation.rb:66:in `process_action'
actionpack (7.0.10) lib/action_controller/metal/params_wrapper.rb:259:in `process_action'
activerecord (7.0.10) lib/active_record/railties/controller_runtime.rb:27:in `process_action'
actionpack (7.0.10) lib/abstract_controller/base.rb:151:in `process'
actionview (7.0.10) lib/action_view/rendering.rb:39:in `process'
actionpack (7.0.10) lib/action_controller/metal.rb:188:in `dispatch'
actionpack (7.0.10) lib/action_controller/metal.rb:251:in `dispatch'
actionpack (7.0.10) lib/action_dispatch/routing/route_set.rb:49:in `dispatch'
actionpack (7.0.10) lib/action_dispatch/routing/route_set.rb:32:in `serve'
actionpack (7.0.10) lib/action_dispatch/journey/router.rb:50:in `block in serve'
actionpack (7.0.10) lib/action_dispatch/journey/router.rb:32:in `each'
actionpack (7.0.10) lib/action_dispatch/journey/router.rb:32:in `serve'
actionpack (7.0.10) lib/action_dispatch/routing/route_set.rb:852:in `call'
warden (1.2.9) lib/warden/manager.rb:36:in `block in call'
warden (1.2.9) lib/warden/manager.rb:34:in `catch'
warden (1.2.9) lib/warden/manager.rb:34:in `call'
rack (2.2.22) lib/rack/tempfile_reaper.rb:15:in `call'
rack (2.2.22) lib/rack/etag.rb:27:in `call'
rack (2.2.22) lib/rack/conditional_get.rb:40:in `call'
rack (2.2.22) lib/rack/head.rb:12:in `call'
actionpack (7.0.10) lib/action_dispatch/http/permissions_policy.rb:38:in `call'
actionpack (7.0.10) lib/action_dispatch/http/content_security_policy.rb:39:in `call'
rack (2.2.22) lib/rack/session/abstract/id.rb:266:in `context'
rack (2.2.22) lib/rack/session/abstract/id.rb:260:in `call'
actionpack (7.0.10) lib/action_dispatch/middleware/cookies.rb:704:in `call'
activerecord (7.0.10) lib/active_record/migration.rb:639:in `call'
actionpack (7.0.10) lib/action_dispatch/middleware/callbacks.rb:27:in `block in call'
activesupport (7.0.10) lib/active_support/callbacks.rb:99:in `run_callbacks'
actionpack (7.0.10) lib/action_dispatch/middleware/callbacks.rb:26:in `call'
actionpack (7.0.10) lib/action_dispatch/middleware/executor.rb:14:in `call'
actionpack (7.0.10) lib/action_dispatch/middleware/actionable_exceptions.rb:17:in `call'
actionpack (7.0.10) lib/action_dispatch/middleware/debug_exceptions.rb:28:in `call'
web-console (4.2.1) lib/web_console/middleware.rb:132:in `call_app'
web-console (4.2.1) lib/web_console/middleware.rb:28:in `block in call'
web-console (4.2.1) lib/web_console/middleware.rb:17:in `catch'
web-console (4.2.1) lib/web_console/middleware.rb:17:in `call'
actionpack (7.0.10) lib/action_dispatch/middleware/show_exceptions.rb:29:in `call'
railties (7.0.10) lib/rails/rack/logger.rb:40:in `call_app'
railties (7.0.10) lib/rails/rack/logger.rb:25:in `block in call'
activesupport (7.0.10) lib/active_support/tagged_logging.rb:99:in `block in tagged'
activesupport (7.0.10) lib/active_support/tagged_logging.rb:37:in `tagged'
activesupport (7.0.10) lib/active_support/tagged_logging.rb:99:in `tagged'
railties (7.0.10) lib/rails/rack/logger.rb:25:in `call'
actionpack (7.0.10) lib/action_dispatch/middleware/remote_ip.rb:93:in `call'
actionpack (7.0.10) lib/action_dispatch/middleware/request_id.rb:26:in `call'
rack (2.2.22) lib/rack/method_override.rb:24:in `call'
rack (2.2.22) lib/rack/runtime.rb:22:in `call'
actionpack (7.0.10) lib/action_dispatch/middleware/server_timing.rb:61:in `block in call'
actionpack (7.0.10) lib/action_dispatch/middleware/server_timing.rb:26:in `collect_events'
actionpack (7.0.10) lib/action_dispatch/middleware/server_timing.rb:60:in `call'
actionpack (7.0.10) lib/action_dispatch/middleware/executor.rb:14:in `call'
propshaft (1.3.1) lib/propshaft/server.rb:37:in `call'
actionpack (7.0.10) lib/action_dispatch/middleware/static.rb:23:in `call'
rack (2.2.22) lib/rack/sendfile.rb:127:in `call'
actionpack (7.0.10) lib/action_dispatch/middleware/host_authorization.rb:138:in `call'
railties (7.0.10) lib/rails/engine.rb:531:in `call'
puma (7.2.0) lib/puma/configuration.rb:296:in `call'
puma (7.2.0) lib/puma/request.rb:103:in `block in handle_request'
puma (7.2.0) lib/puma/thread_pool.rb:355:in `with_force_shutdown'
puma (7.2.0) lib/puma/request.rb:102:in `handle_request'
puma (7.2.0) lib/puma/server.rb:503:in `process_client'
puma (7.2.0) lib/puma/server.rb:262:in `block in run'
puma (7.2.0) lib/puma/thread_pool.rb:182:in `block in spawn_thread'
Started GET "/projects/10/code_files/new" for 127.0.0.1 at 2026-08-02 19:12:00 +0500
Processing by CodeFilesController#new as HTML
  Parameters: {"project_id"=>"10"}
  [1m[36mUser Load (0.6ms)[0m  [1m[34mSELECT "users".* FROM "users" WHERE "users"."id" = $1 ORDER BY "users"."id" ASC LIMIT $2 /*application:CodeCritic,controller:code_files,action:new*/[0m  [["id", 10], ["LIMIT", 1]]
  ↳ app/controllers/code_files_controller.rb:50:in `set_project'
  [1m[36mProject Load (0.8ms)[0m  [1m[34mSELECT "projects".* FROM "projects" WHERE "projects"."user_id" = $1 AND "projects"."id" = $2 LIMIT $3 /*application:CodeCritic,controller:code_files,action:new*/[0m  [["user_id", 10], ["id", 10], ["LIMIT", 1]]
  ↳ app/controllers/code_files_controller.rb:50:in `set_project'
  Rendering layout layouts/application.html.erb
  Rendering code_files/new.html.erb within layouts/application
  [1m[36mActiveStorage::Attachment Load (0.5ms)[0m  [1m[34mSELECT "active_storage_attachments".* FROM "active_storage_attachments" WHERE "active_storage_attachments"."record_id" = $1 AND "active_storage_attachments"."record_type" = $2 AND "active_storage_attachments"."name" = $3 LIMIT $4 /*application:CodeCritic,controller:code_files,action:new*/[0m  [["record_id", 10], ["record_type", "User"], ["name", "avatar"], ["LIMIT", 1]]
  ↳ app/views/shared/_navbar.html.erb:26
  [1m[36mActiveStorage::Blob Load (0.4ms)[0m  [1m[34mSELECT "active_storage_blobs".* FROM "active_storage_blobs" WHERE "active_storage_blobs"."id" = $1 LIMIT $2 /*application:CodeCritic,controller:code_files,action:new*/[0m  [["id", 1], ["LIMIT", 1]]
  ↳ app/views/shared/_navbar.html.erb:27
  Rendered shared/_navbar.html.erb (Duration: 71.1ms | Allocations: 13540)
  Rendered shared/_flash.html.erb (Duration: 0.1ms | Allocations: 23)
  Rendered code_files/new.html.erb within layouts/application (Duration: 80.0ms | Allocations: 15080)
  Rendered layout layouts/application.html.erb (Duration: 95.5ms | Allocations: 17473)
Completed 200 OK in 2007ms (Views: 87.5ms | ActiveRecord: 34.1ms | Allocations: 31341)


Started GET "/rails/active_storage/blobs/redirect/eyJfcmFpbHMiOnsibWVzc2FnZSI6IkJBaHBCZz09IiwiZXhwIjpudWxsLCJwdXIiOiJibG9iX2lkIn19--2c064d12f7b69fd188e784c84d784bb8750617de/Untitled%20design.png" for 127.0.0.1 at 2026-08-02 19:12:05 +0500
Processing by ActiveStorage::Blobs::RedirectController#show as PNG
  Parameters: {"signed_id"=>"eyJfcmFpbHMiOnsibWVzc2FnZSI6IkJBaHBCZz09IiwiZXhwIjpudWxsLCJwdXIiOiJibG9iX2lkIn19--2c064d12f7b69fd188e784c84d784bb8750617de", "filename"=>"Untitled design"}
  [1m[36mActiveStorage::Blob Load (0.4ms)[0m  [1m[34mSELECT "active_storage_blobs".* FROM "active_storage_blobs" WHERE "active_storage_blobs"."id" = $1 LIMIT $2 /*application:CodeCritic,controller:redirect,action:show*/[0m  [["id", 1], ["LIMIT", 1]]
[36m  Disk Storage (1.1ms) [0m[34mGenerated URL for file at key: pe47vep50861t1v9eg1bkct9ql6f (http://127.0.0.1:3000/rails/active_storage/disk/eyJfcmFpbHMiOnsibWVzc2FnZSI6IkJBaDdDVG9JYTJWNVNTSWhjR1UwTjNabGNEVXdPRFl4ZERGMk9XVm5NV0pyWTNRNWNXdzJaZ1k2QmtWVU9oQmthWE53YjNOcGRHbHZia2tpVTJsdWJHbHVaVHNnWm1sc1pXNWhiV1U5SWxWdWRHbDBiR1ZrSUdSbGMybG5iaTV3Ym1jaU95Qm1hV3hsYm1GdFpTbzlWVlJHTFRnbkoxVnVkR2wwYkdWa0pUSXdaR1Z6YVdkdUxuQnVad1k3QmxRNkVXTnZiblJsYm5SZmRIbHdaVWtpRG1sdFlXZGxMM0J1WndZN0JsUTZFWE5sY25acFkyVmZibUZ0WlRvS2JHOWpZV3c9IiwiZXhwIjoiMjAyNi0wOC0wMlQxNDoxNzowNy44NjlaIiwicHVyIjoiYmxvYl9rZXkifX0=--7bc742e50a6088008a016a7edb2f61f01bb3323e/Untitled%20design.png)[0m
Redirected to http://127.0.0.1:3000/rails/active_storage/disk/eyJfcmFpbHMiOnsibWVzc2FnZSI6IkJBaDdDVG9JYTJWNVNTSWhjR1UwTjNabGNEVXdPRFl4ZERGMk9XVm5NV0pyWTNRNWNXdzJaZ1k2QmtWVU9oQmthWE53YjNOcGRHbHZia2tpVTJsdWJHbHVaVHNnWm1sc1pXNWhiV1U5SWxWdWRHbDBiR1ZrSUdSbGMybG5iaTV3Ym1jaU95Qm1hV3hsYm1GdFpTbzlWVlJHTFRnbkoxVnVkR2wwYkdWa0pUSXdaR1Z6YVdkdUxuQnVad1k3QmxRNkVXTnZiblJsYm5SZmRIbHdaVWtpRG1sdFlXZGxMM0J1WndZN0JsUTZFWE5sY25acFkyVmZibUZ0WlRvS2JHOWpZV3c9IiwiZXhwIjoiMjAyNi0wOC0wMlQxNDoxNzowNy44NjlaIiwicHVyIjoiYmxvYl9rZXkifX0=--7bc742e50a6088008a016a7edb2f61f01bb3323e/Untitled%20design.png
Completed 302 Found in 1699ms (ActiveRecord: 0.4ms | Allocations: 2388)


Started GET "/rails/active_storage/disk/eyJfcmFpbHMiOnsibWVzc2FnZSI6IkJBaDdDVG9JYTJWNVNTSWhjR1UwTjNabGNEVXdPRFl4ZERGMk9XVm5NV0pyWTNRNWNXdzJaZ1k2QmtWVU9oQmthWE53YjNOcGRHbHZia2tpVTJsdWJHbHVaVHNnWm1sc1pXNWhiV1U5SWxWdWRHbDBiR1ZrSUdSbGMybG5iaTV3Ym1jaU95Qm1hV3hsYm1GdFpTbzlWVlJHTFRnbkoxVnVkR2wwYkdWa0pUSXdaR1Z6YVdkdUxuQnVad1k3QmxRNkVXTnZiblJsYm5SZmRIbHdaVWtpRG1sdFlXZGxMM0J1WndZN0JsUTZFWE5sY25acFkyVmZibUZ0WlRvS2JHOWpZV3c9IiwiZXhwIjoiMjAyNi0wOC0wMlQxNDoxNzowNy44NjlaIiwicHVyIjoiYmxvYl9rZXkifX0=--7bc742e50a6088008a016a7edb2f61f01bb3323e/Untitled%20design.png" for 127.0.0.1 at 2026-08-02 19:12:09 +0500
Processing by ActiveStorage::DiskController#show as PNG
  Parameters: {"encoded_key"=>"[FILTERED]", "filename"=>"Untitled design"}
Completed 200 OK in 1626ms (ActiveRecord: 0.0ms | Allocations: 349)


Started GET "/projects/10" for 127.0.0.1 at 2026-08-02 19:12:19 +0500
Processing by ProjectsController#show as HTML
  Parameters: {"id"=>"10"}
  [1m[36mUser Load (0.6ms)[0m  [1m[34mSELECT "users".* FROM "users" WHERE "users"."id" = $1 ORDER BY "users"."id" ASC LIMIT $2 /*application:CodeCritic,controller:projects,action:show*/[0m  [["id", 10], ["LIMIT", 1]]
  ↳ app/controllers/projects_controller.rb:51:in `set_project'
  [1m[36mProject Load (0.6ms)[0m  [1m[34mSELECT "projects".* FROM "projects" WHERE "projects"."user_id" = $1 AND "projects"."id" = $2 LIMIT $3 /*application:CodeCritic,controller:projects,action:show*/[0m  [["user_id", 10], ["id", 10], ["LIMIT", 1]]
  ↳ app/controllers/projects_controller.rb:51:in `set_project'
  Rendering layout layouts/application.html.erb
  Rendering projects/show.html.erb within layouts/application
  [1m[36mActiveStorage::Attachment Load (0.6ms)[0m  [1m[34mSELECT "active_storage_attachments".* FROM "active_storage_attachments" WHERE "active_storage_attachments"."record_id" = $1 AND "active_storage_attachments"."record_type" = $2 AND "active_storage_attachments"."name" = $3 LIMIT $4 /*application:CodeCritic,controller:projects,action:show*/[0m  [["record_id", 10], ["record_type", "User"], ["name", "avatar"], ["LIMIT", 1]]
  ↳ app/views/shared/_navbar.html.erb:26
  [1m[36mActiveStorage::Blob Load (2.4ms)[0m  [1m[34mSELECT "active_storage_blobs".* FROM "active_storage_blobs" WHERE "active_storage_blobs"."id" = $1 LIMIT $2 /*application:CodeCritic,controller:projects,action:show*/[0m  [["id", 1], ["LIMIT", 1]]
  ↳ app/views/shared/_navbar.html.erb:27
  Rendered shared/_navbar.html.erb (Duration: 15.1ms | Allocations: 2432)
  Rendered shared/_flash.html.erb (Duration: 0.1ms | Allocations: 23)
  [1m[36mCodeFile Count (0.6ms)[0m  [1m[34mSELECT COUNT(*) FROM "code_files" WHERE "code_files"."project_id" = $1 /*application:CodeCritic,controller:projects,action:show*/[0m  [["project_id", 10]]
  ↳ app/views/projects/show.html.erb:39
  [1m[36mCACHE CodeFile Count (0.0ms)[0m  [1m[34mSELECT COUNT(*) FROM "code_files" WHERE "code_files"."project_id" = $1[0m  [["project_id", 10]]
  ↳ app/views/projects/show.html.erb:64
  [1m[36mCodeFile Exists? (0.6ms)[0m  [1m[34mSELECT 1 AS one FROM "code_files" WHERE "code_files"."project_id" = $1 LIMIT $2 /*application:CodeCritic,controller:projects,action:show*/[0m  [["project_id", 10], ["LIMIT", 1]]
  ↳ app/views/projects/show.html.erb:67
  Rendered projects/show.html.erb within layouts/application (Duration: 28.9ms | Allocations: 4903)
  Rendered layout layouts/application.html.erb (Duration: 31.2ms | Allocations: 5692)
Completed 200 OK in 1285ms (Views: 28.8ms | ActiveRecord: 5.5ms | Allocations: 8489)


Started POST "/projects/10/code_files" for 127.0.0.1 at 2026-08-02 19:12:27 +0500
Processing by CodeFilesController#create as TURBO_STREAM
  Parameters: {"authenticity_token"=>"[FILTERED]", "code_file"=>{"language"=>"", "content"=>"# Model representing a mosque with location and prayer times\r\nclass Masjid < ApplicationRecord\r\n  acts_as_paranoid\r\n\r\n  belongs_to :user\r\n  has_many :jamat_timings, dependent: :destroy\r\n  validates :name, :address, :city, :area, presence: true\r\n\r\n  scope :latest_active_timing, -> { jamat_timings.max_by(&:date) }\r\nend\r\n"}, "commit"=>"Add File", "project_id"=>"10"}
  [1m[36mUser Load (0.7ms)[0m  [1m[34mSELECT "users".* FROM "users" WHERE "users"."id" = $1 ORDER BY "users"."id" ASC LIMIT $2 /*application:CodeCritic,controller:code_files,action:create*/[0m  [["id", 10], ["LIMIT", 1]]
  ↳ app/controllers/code_files_controller.rb:50:in `set_project'
  [1m[36mProject Load (0.5ms)[0m  [1m[34mSELECT "projects".* FROM "projects" WHERE "projects"."user_id" = $1 AND "projects"."id" = $2 LIMIT $3 /*application:CodeCritic,controller:code_files,action:create*/[0m  [["user_id", 10], ["id", 10], ["LIMIT", 1]]
  ↳ app/controllers/code_files_controller.rb:50:in `set_project'
  Rendering layout layouts/application.html.erb
  Rendering code_files/new.html.erb within layouts/application
  [1m[36mActiveStorage::Attachment Load (0.8ms)[0m  [1m[34mSELECT "active_storage_attachments".* FROM "active_storage_attachments" WHERE "active_storage_attachments"."record_id" = $1 AND "active_storage_attachments"."record_type" = $2 AND "active_storage_attachments"."name" = $3 LIMIT $4 /*application:CodeCritic,controller:code_files,action:create*/[0m  [["record_id", 10], ["record_type", "User"], ["name", "avatar"], ["LIMIT", 1]]
  ↳ app/views/shared/_navbar.html.erb:26
  [1m[36mActiveStorage::Blob Load (0.5ms)[0m  [1m[34mSELECT "active_storage_blobs".* FROM "active_storage_blobs" WHERE "active_storage_blobs"."id" = $1 LIMIT $2 /*application:CodeCritic,controller:code_files,action:create*/[0m  [["id", 1], ["LIMIT", 1]]
  ↳ app/views/shared/_navbar.html.erb:27
  Rendered shared/_navbar.html.erb (Duration: 31.8ms | Allocations: 2348)
  Rendered shared/_flash.html.erb (Duration: 0.3ms | Allocations: 20)
  Rendered code_files/new.html.erb within layouts/application (Duration: 50.9ms | Allocations: 5441)
  Rendered layout layouts/application.html.erb (Duration: 53.8ms | Allocations: 6185)
Completed 422 Unprocessable Entity in 1715ms (Views: 54.6ms | ActiveRecord: 2.5ms | Allocations: 10158)


Started POST "/projects/10/code_files" for 127.0.0.1 at 2026-08-02 19:12:42 +0500
Processing by CodeFilesController#create as TURBO_STREAM
  Parameters: {"authenticity_token"=>"[FILTERED]", "code_file"=>{"language"=>"ruby", "content"=>"# Model representing a mosque with location and prayer times\r\nclass Masjid < ApplicationRecord\r\n  acts_as_paranoid\r\n\r\n  belongs_to :user\r\n  has_many :jamat_timings, dependent: :destroy\r\n  validates :name, :address, :city, :area, presence: true\r\n\r\n  scope :latest_active_timing, -> { jamat_timings.max_by(&:date) }\r\nend\r\n"}, "commit"=>"Add File", "project_id"=>"10"}
  [1m[36mUser Load (0.7ms)[0m  [1m[34mSELECT "users".* FROM "users" WHERE "users"."id" = $1 ORDER BY "users"."id" ASC LIMIT $2 /*application:CodeCritic,controller:code_files,action:create*/[0m  [["id", 10], ["LIMIT", 1]]
  ↳ app/controllers/code_files_controller.rb:50:in `set_project'
  [1m[36mProject Load (0.6ms)[0m  [1m[34mSELECT "projects".* FROM "projects" WHERE "projects"."user_id" = $1 AND "projects"."id" = $2 LIMIT $3 /*application:CodeCritic,controller:code_files,action:create*/[0m  [["user_id", 10], ["id", 10], ["LIMIT", 1]]
  ↳ app/controllers/code_files_controller.rb:50:in `set_project'
  [1m[36mTRANSACTION (1.0ms)[0m  [1m[35mBEGIN /*application:CodeCritic,controller:code_files,action:create*/[0m
  ↳ app/controllers/code_files_controller.rb:21:in `create'
  [1m[36mCodeFile Create (55.2ms)[0m  [1m[32mINSERT INTO "code_files" ("content", "language", "project_id", "created_at", "updated_at") VALUES ($1, $2, $3, $4, $5) RETURNING "id" /*application:CodeCritic,controller:code_files,action:create*/[0m  [["content", "# Model representing a mosque with location and prayer times\r\nclass Masjid < ApplicationRecord\r\n  acts_as_paranoid\r\n\r\n  belongs_to :user\r\n  has_many :jamat_timings, dependent: :destroy\r\n  validates :name, :address, :city, :area, presence: true\r\n\r\n  scope :latest_active_timing, -> { jamat_timings.max_by(&:date) }\r\nend\r\n"], ["language", "ruby"], ["project_id", 10], ["created_at", "2026-08-02 14:12:44.240103"], ["updated_at", "2026-08-02 14:12:44.240103"]]
  ↳ app/controllers/code_files_controller.rb:21:in `create'
  [1m[36mTRANSACTION (5.0ms)[0m  [1m[35mCOMMIT /*application:CodeCritic,controller:code_files,action:create*/[0m
  ↳ app/controllers/code_files_controller.rb:21:in `create'
Redirected to http://127.0.0.1:3000/code_files/16
Completed 302 Found in 1975ms (ActiveRecord: 62.6ms | Allocations: 5236)


Started GET "/code_files/16" for 127.0.0.1 at 2026-08-02 19:12:46 +0500
Processing by CodeFilesController#show as TURBO_STREAM
  Parameters: {"id"=>"16"}
Completed 500 Internal Server Error in 2007ms (ActiveRecord: 0.0ms | Allocations: 591)


  
NoMethodError (undefined method `project' for nil:NilClass):
  
app/controllers/code_files_controller.rb:52:in `set_project'
Started GET "/projects/10/code_files/new" for 127.0.0.1 at 2026-08-02 19:31:26 +0500
Processing by CodeFilesController#new as HTML
  Parameters: {"project_id"=>"10"}
  [1m[36mUser Load (7.4ms)[0m  [1m[34mSELECT "users".* FROM "users" WHERE "users"."id" = $1 ORDER BY "users"."id" ASC LIMIT $2 /*application:CodeCritic,controller:code_files,action:new*/[0m  [["id", 10], ["LIMIT", 1]]
  ↳ app/controllers/code_files_controller.rb:50:in `set_project'
  [1m[36mProject Load (3.2ms)[0m  [1m[34mSELECT "projects".* FROM "projects" WHERE "projects"."user_id" = $1 AND "projects"."id" = $2 LIMIT $3 /*application:CodeCritic,controller:code_files,action:new*/[0m  [["user_id", 10], ["id", 10], ["LIMIT", 1]]
  ↳ app/controllers/code_files_controller.rb:50:in `set_project'
  Rendering layout layouts/application.html.erb
  Rendering code_files/new.html.erb within layouts/application
  [1m[36mActiveStorage::Attachment Load (6.5ms)[0m  [1m[34mSELECT "active_storage_attachments".* FROM "active_storage_attachments" WHERE "active_storage_attachments"."record_id" = $1 AND "active_storage_attachments"."record_type" = $2 AND "active_storage_attachments"."name" = $3 LIMIT $4 /*application:CodeCritic,controller:code_files,action:new*/[0m  [["record_id", 10], ["record_type", "User"], ["name", "avatar"], ["LIMIT", 1]]
  ↳ app/views/shared/_navbar.html.erb:26
  [1m[36mActiveStorage::Blob Load (3.2ms)[0m  [1m[34mSELECT "active_storage_blobs".* FROM "active_storage_blobs" WHERE "active_storage_blobs"."id" = $1 LIMIT $2 /*application:CodeCritic,controller:code_files,action:new*/[0m  [["id", 1], ["LIMIT", 1]]
  ↳ app/views/shared/_navbar.html.erb:27
  Rendered shared/_navbar.html.erb (Duration: 23.4ms | Allocations: 2347)
  Rendered shared/_flash.html.erb (Duration: 0.1ms | Allocations: 23)
  Rendered code_files/new.html.erb within layouts/application (Duration: 27.1ms | Allocations: 3799)
  Rendered layout layouts/application.html.erb (Duration: 29.9ms | Allocations: 4544)
Completed 200 OK in 1897ms (Views: 21.5ms | ActiveRecord: 96.4ms | Allocations: 10847)


Started GET "/rails/active_storage/blobs/redirect/eyJfcmFpbHMiOnsibWVzc2FnZSI6IkJBaHBCZz09IiwiZXhwIjpudWxsLCJwdXIiOiJibG9iX2lkIn19--2c064d12f7b69fd188e784c84d784bb8750617de/Untitled%20design.png" for 127.0.0.1 at 2026-08-02 19:31:31 +0500
Processing by ActiveStorage::Blobs::RedirectController#show as PNG
  Parameters: {"signed_id"=>"eyJfcmFpbHMiOnsibWVzc2FnZSI6IkJBaHBCZz09IiwiZXhwIjpudWxsLCJwdXIiOiJibG9iX2lkIn19--2c064d12f7b69fd188e784c84d784bb8750617de", "filename"=>"Untitled design"}
  [1m[36mActiveStorage::Blob Load (0.4ms)[0m  [1m[34mSELECT "active_storage_blobs".* FROM "active_storage_blobs" WHERE "active_storage_blobs"."id" = $1 LIMIT $2 /*application:CodeCritic,controller:redirect,action:show*/[0m  [["id", 1], ["LIMIT", 1]]
[36m  Disk Storage (1.2ms) [0m[34mGenerated URL for file at key: pe47vep50861t1v9eg1bkct9ql6f (http://127.0.0.1:3000/rails/active_storage/disk/eyJfcmFpbHMiOnsibWVzc2FnZSI6IkJBaDdDVG9JYTJWNVNTSWhjR1UwTjNabGNEVXdPRFl4ZERGMk9XVm5NV0pyWTNRNWNXdzJaZ1k2QmtWVU9oQmthWE53YjNOcGRHbHZia2tpVTJsdWJHbHVaVHNnWm1sc1pXNWhiV1U5SWxWdWRHbDBiR1ZrSUdSbGMybG5iaTV3Ym1jaU95Qm1hV3hsYm1GdFpTbzlWVlJHTFRnbkoxVnVkR2wwYkdWa0pUSXdaR1Z6YVdkdUxuQnVad1k3QmxRNkVXTnZiblJsYm5SZmRIbHdaVWtpRG1sdFlXZGxMM0J1WndZN0JsUTZFWE5sY25acFkyVmZibUZ0WlRvS2JHOWpZV3c9IiwiZXhwIjoiMjAyNi0wOC0wMlQxNDozNjozMy4yNzFaIiwicHVyIjoiYmxvYl9rZXkifX0=--d27917ee8e3f1305b230725df1da83179ffee9af/Untitled%20design.png)[0m
Redirected to http://127.0.0.1:3000/rails/active_storage/disk/eyJfcmFpbHMiOnsibWVzc2FnZSI6IkJBaDdDVG9JYTJWNVNTSWhjR1UwTjNabGNEVXdPRFl4ZERGMk9XVm5NV0pyWTNRNWNXdzJaZ1k2QmtWVU9oQmthWE53YjNOcGRHbHZia2tpVTJsdWJHbHVaVHNnWm1sc1pXNWhiV1U5SWxWdWRHbDBiR1ZrSUdSbGMybG5iaTV3Ym1jaU95Qm1hV3hsYm1GdFpTbzlWVlJHTFRnbkoxVnVkR2wwYkdWa0pUSXdaR1Z6YVdkdUxuQnVad1k3QmxRNkVXTnZiblJsYm5SZmRIbHdaVWtpRG1sdFlXZGxMM0J1WndZN0JsUTZFWE5sY25acFkyVmZibUZ0WlRvS2JHOWpZV3c9IiwiZXhwIjoiMjAyNi0wOC0wMlQxNDozNjozMy4yNzFaIiwicHVyIjoiYmxvYl9rZXkifX0=--d27917ee8e3f1305b230725df1da83179ffee9af/Untitled%20design.png
Completed 302 Found in 1887ms (ActiveRecord: 0.4ms | Allocations: 1525)


Started GET "/rails/active_storage/disk/eyJfcmFpbHMiOnsibWVzc2FnZSI6IkJBaDdDVG9JYTJWNVNTSWhjR1UwTjNabGNEVXdPRFl4ZERGMk9XVm5NV0pyWTNRNWNXdzJaZ1k2QmtWVU9oQmthWE53YjNOcGRHbHZia2tpVTJsdWJHbHVaVHNnWm1sc1pXNWhiV1U5SWxWdWRHbDBiR1ZrSUdSbGMybG5iaTV3Ym1jaU95Qm1hV3hsYm1GdFpTbzlWVlJHTFRnbkoxVnVkR2wwYkdWa0pUSXdaR1Z6YVdkdUxuQnVad1k3QmxRNkVXTnZiblJsYm5SZmRIbHdaVWtpRG1sdFlXZGxMM0J1WndZN0JsUTZFWE5sY25acFkyVmZibUZ0WlRvS2JHOWpZV3c9IiwiZXhwIjoiMjAyNi0wOC0wMlQxNDozNjozMy4yNzFaIiwicHVyIjoiYmxvYl9rZXkifX0=--d27917ee8e3f1305b230725df1da83179ffee9af/Untitled%20design.png" for 127.0.0.1 at 2026-08-02 19:31:34 +0500
Processing by ActiveStorage::DiskController#show as PNG
  Parameters: {"encoded_key"=>"[FILTERED]", "filename"=>"Untitled design"}
Completed 200 OK in 1458ms (ActiveRecord: 0.0ms | Allocations: 261)


Started POST "/projects/10/code_files" for 127.0.0.1 at 2026-08-02 19:31:41 +0500
Processing by CodeFilesController#create as TURBO_STREAM
  Parameters: {"authenticity_token"=>"[FILTERED]", "code_file"=>{"language"=>"ruby", "content"=>"class CodeFilesController < ApplicationController\r\n  #before_action :set_code_file, only: [:show, :edit, :update, :destroy]\r\n  before_action :set_project\r\n  #before_action :authorize_code_file, only: [:show, :create, :update, :destroy]\r\n  before_action :authenticate_user!\r\n  def index\r\n    @code_files = @project.code_files\r\n  end\r\n\r\n  def show\r\n    authorize @code_file\r\n  end\r\n\r\n  def new\r\n    @code_file = @project.code_files.build\r\n  end\r\n\r\n  def create\r\n    @code_file = @project.code_files.build(code_file_params)\r\n    authorize @code_file\r\n    if @code_file.save\r\n      redirect_to code_file_path(@code_file), notice: \"Code file created successfully\"\r\n    else\r\n      render :new, status: :unprocessable_entity\r\n    end\r\n  end\r\n\r\n  def edit\r\n  end\r\n\r\n  def update\r\n    authorize @code_file\r\n    if @code_file.update(code_file_params)\r\n      redirect_to code_file_path(@code_file), notice: \"Code file updated successfully\"\r\n    else\r\n      render :edit, status: :unprocessable_entity\r\n    end\r\n  end\r\n\r\n  def destroy\r\n    authorize @code_file\r\n    @code_file.destroy\r\n    redirect_to project_code_files_path(@project), notice: \"Code file deleted\"\r\n  end\r\n\r\n  private\r\n\r\n  def set_project\r\n    if params[:project_id]\r\n      @project = current_user.projects.find(params[:project_id])\r\n    else\r\n      @project = @code_file.project\r\n    end\r\n  end\r\n\r\n  def set_code_file\r\n    @code_file = CodeFile.find(params[:id])\r\n  end\r\n\r\n  def code_file_params\r\n    params.require(:code_file).permit(:content, :language, :file)\r\n  end\r\nend"}, "commit"=>"Add File", "project_id"=>"10"}
  [1m[36mUser Load (1.1ms)[0m  [1m[34mSELECT "users".* FROM "users" WHERE "users"."id" = $1 ORDER BY "users"."id" ASC LIMIT $2 /*application:CodeCritic,controller:code_files,action:create*/[0m  [["id", 10], ["LIMIT", 1]]
  ↳ app/controllers/code_files_controller.rb:50:in `set_project'
  [1m[36mProject Load (0.5ms)[0m  [1m[34mSELECT "projects".* FROM "projects" WHERE "projects"."user_id" = $1 AND "projects"."id" = $2 LIMIT $3 /*application:CodeCritic,controller:code_files,action:create*/[0m  [["user_id", 10], ["id", 10], ["LIMIT", 1]]
  ↳ app/controllers/code_files_controller.rb:50:in `set_project'
  [1m[36mTRANSACTION (3.2ms)[0m  [1m[35mBEGIN /*application:CodeCritic,controller:code_files,action:create*/[0m
  ↳ app/controllers/code_files_controller.rb:21:in `create'
  [1m[36mCodeFile Create (33.5ms)[0m  [1m[32mINSERT INTO "code_files" ("content", "language", "project_id", "created_at", "updated_at") VALUES ($1, $2, $3, $4, $5) RETURNING "id" /*application:CodeCritic,controller:code_files,action:create*/[0m  [["content", "class CodeFilesController < ApplicationController\r\n  #before_action :set_code_file, only: [:show, :edit, :update, :destroy]\r\n  before_action :set_project\r\n  #before_action :authorize_code_file, only: [:show, :create, :update, :destroy]\r\n  before_action :authenticate_user!\r\n  def index\r\n    @code_files = @project.code_files\r\n  end\r\n\r\n  def show\r\n    authorize @code_file\r\n  end\r\n\r\n  def new\r\n    @code_file = @project.code_files.build\r\n  end\r\n\r\n  def create\r\n    @code_file = @project.code_files.build(code_file_params)\r\n    authorize @code_file\r\n    if @code_file.save\r\n      redirect_to code_file_path(@code_file), notice: \"Code file created successfully\"\r\n    else\r\n      render :new, status: :unprocessable_entity\r\n    end\r\n  end\r\n\r\n  def edit\r\n  end\r\n\r\n  def update\r\n    authorize @code_file\r\n    if @code_file.update(code_file_params)\r\n      redirect_to code_file_path(@code_file), notice: \"Code file updated successfully\"\r\n    else\r\n      render :edit, status: :unprocessable_entity\r\n    end\r\n  end\r\n\r\n  def destroy\r\n    authorize @code_file\r\n    @code_file.destroy\r\n    redirect_to project_code_files_path(@project), notice: \"Code file deleted\"\r\n  end\r\n\r\n  private\r\n\r\n  def set_project\r\n    if params[:project_id]\r\n      @project = current_user.projects.find(params[:project_id])\r\n    else\r\n      @project = @code_file.project\r\n    end\r\n  end\r\n\r\n  def set_code_file\r\n    @code_file = CodeFile.find(params[:id])\r\n  end\r\n\r\n  def code_file_params\r\n    params.require(:code_file).permit(:content, :language, :file)\r\n  end\r\nend"], ["language", "ruby"], ["project_id", 10], ["created_at", "2026-08-02 14:31:43.000373"], ["updated_at", "2026-08-02 14:31:43.000373"]]
  ↳ app/controllers/code_files_controller.rb:21:in `create'
  [1m[36mTRANSACTION (2.1ms)[0m  [1m[35mCOMMIT /*application:CodeCritic,controller:code_files,action:create*/[0m
  ↳ app/controllers/code_files_controller.rb:21:in `create'
Redirected to http://127.0.0.1:3000/code_files/17
Completed 302 Found in 1801ms (ActiveRecord: 40.4ms | Allocations: 4299)


Started GET "/code_files/17" for 127.0.0.1 at 2026-08-02 19:31:44 +0500
Processing by CodeFilesController#show as TURBO_STREAM
  Parameters: {"id"=>"17"}
Completed 500 Internal Server Error in 1580ms (ActiveRecord: 0.0ms | Allocations: 579)


  
NoMethodError (undefined method `project' for nil:NilClass):
  
app/controllers/code_files_controller.rb:52:in `set_project'
Started GET "/projects/10/code_files/new" for 127.0.0.1 at 2026-08-02 19:32:46 +0500
Processing by CodeFilesController#new as HTML
  Parameters: {"project_id"=>"10"}
  [1m[36mUser Load (0.6ms)[0m  [1m[34mSELECT "users".* FROM "users" WHERE "users"."id" = $1 ORDER BY "users"."id" ASC LIMIT $2 /*application:CodeCritic,controller:code_files,action:new*/[0m  [["id", 10], ["LIMIT", 1]]
  ↳ app/controllers/code_files_controller.rb:50:in `set_project'
  [1m[36mProject Load (0.7ms)[0m  [1m[34mSELECT "projects".* FROM "projects" WHERE "projects"."user_id" = $1 AND "projects"."id" = $2 LIMIT $3 /*application:CodeCritic,controller:code_files,action:new*/[0m  [["user_id", 10], ["id", 10], ["LIMIT", 1]]
  ↳ app/controllers/code_files_controller.rb:50:in `set_project'
  Rendering layout layouts/application.html.erb
  Rendering code_files/new.html.erb within layouts/application
  [1m[36mActiveStorage::Attachment Load (0.7ms)[0m  [1m[34mSELECT "active_storage_attachments".* FROM "active_storage_attachments" WHERE "active_storage_attachments"."record_id" = $1 AND "active_storage_attachments"."record_type" = $2 AND "active_storage_attachments"."name" = $3 LIMIT $4 /*application:CodeCritic,controller:code_files,action:new*/[0m  [["record_id", 10], ["record_type", "User"], ["name", "avatar"], ["LIMIT", 1]]
  ↳ app/views/shared/_navbar.html.erb:26
  [1m[36mActiveStorage::Blob Load (0.5ms)[0m  [1m[34mSELECT "active_storage_blobs".* FROM "active_storage_blobs" WHERE "active_storage_blobs"."id" = $1 LIMIT $2 /*application:CodeCritic,controller:code_files,action:new*/[0m  [["id", 1], ["LIMIT", 1]]
  ↳ app/views/shared/_navbar.html.erb:27
  Rendered shared/_navbar.html.erb (Duration: 244.0ms | Allocations: 13538)
  Rendered shared/_flash.html.erb (Duration: 0.2ms | Allocations: 26)
  Rendered code_files/new.html.erb within layouts/application (Duration: 351.8ms | Allocations: 15081)
  Rendered layout layouts/application.html.erb (Duration: 369.3ms | Allocations: 17474)
Completed 200 OK in 1638ms (Views: 365.3ms | ActiveRecord: 78.7ms | Allocations: 31466)


Started GET "/rails/active_storage/disk/eyJfcmFpbHMiOnsibWVzc2FnZSI6IkJBaDdDVG9JYTJWNVNTSWhjR1UwTjNabGNEVXdPRFl4ZERGMk9XVm5NV0pyWTNRNWNXdzJaZ1k2QmtWVU9oQmthWE53YjNOcGRHbHZia2tpVTJsdWJHbHVaVHNnWm1sc1pXNWhiV1U5SWxWdWRHbDBiR1ZrSUdSbGMybG5iaTV3Ym1jaU95Qm1hV3hsYm1GdFpTbzlWVlJHTFRnbkoxVnVkR2wwYkdWa0pUSXdaR1Z6YVdkdUxuQnVad1k3QmxRNkVXTnZiblJsYm5SZmRIbHdaVWtpRG1sdFlXZGxMM0J1WndZN0JsUTZFWE5sY25acFkyVmZibUZ0WlRvS2JHOWpZV3c9IiwiZXhwIjoiMjAyNi0wOC0wMlQxNDozNjozMy4yNzFaIiwicHVyIjoiYmxvYl9rZXkifX0=--d27917ee8e3f1305b230725df1da83179ffee9af/Untitled%20design.png" for 127.0.0.1 at 2026-08-02 19:32:50 +0500
Processing by ActiveStorage::DiskController#show as PNG
  Parameters: {"encoded_key"=>"[FILTERED]", "filename"=>"Untitled design"}
Completed 304 Not Modified in 1572ms (ActiveRecord: 0.0ms | Allocations: 446)


Started POST "/projects/10/code_files" for 127.0.0.1 at 2026-08-02 19:32:57 +0500
Processing by CodeFilesController#create as TURBO_STREAM
  Parameters: {"authenticity_token"=>"[FILTERED]", "code_file"=>{"language"=>"ruby", "content"=>"class CodeFilesController < ApplicationController\r\n  #before_action :set_code_file, only: [:show, :edit, :update, :destroy]\r\n  before_action :set_project\r\n  #before_action :authorize_code_file, only: [:show, :create, :update, :destroy]\r\n  before_action :authenticate_user!\r\n  def index\r\n    @code_files = @project.code_files\r\n  end\r\n\r\n  def show\r\n    authorize @code_file\r\n  end\r\n\r\n  def new\r\n    @code_file = @project.code_files.build\r\n  end\r\n\r\n  def create\r\n    @code_file = @project.code_files.build(code_file_params)\r\n    authorize @code_file\r\n    if @code_file.save\r\n      redirect_to code_file_path(@code_file), notice: \"Code file created successfully\"\r\n    else\r\n      render :new, status: :unprocessable_entity\r\n    end\r\n  end\r\n\r\n  def edit\r\n  end\r\n\r\n  def update\r\n    authorize @code_file\r\n    if @code_file.update(code_file_params)\r\n      redirect_to code_file_path(@code_file), notice: \"Code file updated successfully\"\r\n    else\r\n      render :edit, status: :unprocessable_entity\r\n    end\r\n  end\r\n\r\n  def destroy\r\n    authorize @code_file\r\n    @code_file.destroy\r\n    redirect_to project_code_files_path(@project), notice: \"Code file deleted\"\r\n  end\r\n\r\n  private\r\n\r\n  def set_project\r\n    if params[:project_id]\r\n      @project = current_user.projects.find(params[:project_id])\r\n    else\r\n      @project = @code_file.project\r\n    end\r\n  end\r\n\r\n  def set_code_file\r\n    @code_file = CodeFile.find(params[:id])\r\n  end\r\n\r\n  def code_file_params\r\n    params.require(:code_file).permit(:content, :language, :file)\r\n  end\r\nend"}, "commit"=>"Add File", "project_id"=>"10"}
  [1m[36mUser Load (0.4ms)[0m  [1m[34mSELECT "users".* FROM "users" WHERE "users"."id" = $1 ORDER BY "users"."id" ASC LIMIT $2 /*application:CodeCritic,controller:code_files,action:create*/[0m  [["id", 10], ["LIMIT", 1]]
  ↳ app/controllers/code_files_controller.rb:50:in `set_project'
  [1m[36mProject Load (0.4ms)[0m  [1m[34mSELECT "projects".* FROM "projects" WHERE "projects"."user_id" = $1 AND "projects"."id" = $2 LIMIT $3 /*application:CodeCritic,controller:code_files,action:create*/[0m  [["user_id", 10], ["id", 10], ["LIMIT", 1]]
  ↳ app/controllers/code_files_controller.rb:50:in `set_project'
  [1m[36mTRANSACTION (0.2ms)[0m  [1m[35mBEGIN /*application:CodeCritic,controller:code_files,action:create*/[0m
  ↳ app/controllers/code_files_controller.rb:21:in `create'
  [1m[36mCodeFile Create (0.7ms)[0m  [1m[32mINSERT INTO "code_files" ("content", "language", "project_id", "created_at", "updated_at") VALUES ($1, $2, $3, $4, $5) RETURNING "id" /*application:CodeCritic,controller:code_files,action:create*/[0m  [["content", "class CodeFilesController < ApplicationController\r\n  #before_action :set_code_file, only: [:show, :edit, :update, :destroy]\r\n  before_action :set_project\r\n  #before_action :authorize_code_file, only: [:show, :create, :update, :destroy]\r\n  before_action :authenticate_user!\r\n  def index\r\n    @code_files = @project.code_files\r\n  end\r\n\r\n  def show\r\n    authorize @code_file\r\n  end\r\n\r\n  def new\r\n    @code_file = @project.code_files.build\r\n  end\r\n\r\n  def create\r\n    @code_file = @project.code_files.build(code_file_params)\r\n    authorize @code_file\r\n    if @code_file.save\r\n      redirect_to code_file_path(@code_file), notice: \"Code file created successfully\"\r\n    else\r\n      render :new, status: :unprocessable_entity\r\n    end\r\n  end\r\n\r\n  def edit\r\n  end\r\n\r\n  def update\r\n    authorize @code_file\r\n    if @code_file.update(code_file_params)\r\n      redirect_to code_file_path(@code_file), notice: \"Code file updated successfully\"\r\n    else\r\n      render :edit, status: :unprocessable_entity\r\n    end\r\n  end\r\n\r\n  def destroy\r\n    authorize @code_file\r\n    @code_file.destroy\r\n    redirect_to project_code_files_path(@project), notice: \"Code file deleted\"\r\n  end\r\n\r\n  private\r\n\r\n  def set_project\r\n    if params[:project_id]\r\n      @project = current_user.projects.find(params[:project_id])\r\n    else\r\n      @project = @code_file.project\r\n    end\r\n  end\r\n\r\n  def set_code_file\r\n    @code_file = CodeFile.find(params[:id])\r\n  end\r\n\r\n  def code_file_params\r\n    params.require(:code_file).permit(:content, :language, :file)\r\n  end\r\nend"], ["language", "ruby"], ["project_id", 10], ["created_at", "2026-08-02 14:32:58.922407"], ["updated_at", "2026-08-02 14:32:58.922407"]]
  ↳ app/controllers/code_files_controller.rb:21:in `create'
  [1m[36mTRANSACTION (0.5ms)[0m  [1m[35mCOMMIT /*application:CodeCritic,controller:code_files,action:create*/[0m
  ↳ app/controllers/code_files_controller.rb:21:in `create'
Redirected to http://127.0.0.1:3000/code_files/18
Completed 302 Found in 1317ms (ActiveRecord: 2.1ms | Allocations: 5334)


Started GET "/code_files/18" for 127.0.0.1 at 2026-08-02 19:33:00 +0500
Processing by CodeFilesController#show as TURBO_STREAM
  Parameters: {"id"=>"18"}
  [1m[36mCodeFile Load (1.5ms)[0m  [1m[34mSELECT "code_files".* FROM "code_files" WHERE "code_files"."id" = $1 LIMIT $2 /*application:CodeCritic,controller:code_files,action:show*/[0m  [["id", 18], ["LIMIT", 1]]
  ↳ app/controllers/code_files_controller.rb:57:in `set_code_file'
  [1m[36mProject Load (0.3ms)[0m  [1m[34mSELECT "projects".* FROM "projects" WHERE "projects"."id" = $1 LIMIT $2 /*application:CodeCritic,controller:code_files,action:show*/[0m  [["id", 10], ["LIMIT", 1]]
  ↳ app/controllers/code_files_controller.rb:52:in `set_project'
  [1m[36mUser Load (0.3ms)[0m  [1m[34mSELECT "users".* FROM "users" WHERE "users"."id" = $1 ORDER BY "users"."id" ASC LIMIT $2 /*application:CodeCritic,controller:code_files,action:show*/[0m  [["id", 10], ["LIMIT", 1]]
  Rendering layout layouts/application.html.erb
  Rendering code_files/show.html.erb within layouts/application
  [1m[36mActiveStorage::Attachment Load (0.4ms)[0m  [1m[34mSELECT "active_storage_attachments".* FROM "active_storage_attachments" WHERE "active_storage_attachments"."record_id" = $1 AND "active_storage_attachments"."record_type" = $2 AND "active_storage_attachments"."name" = $3 LIMIT $4 /*application:CodeCritic,controller:code_files,action:show*/[0m  [["record_id", 10], ["record_type", "User"], ["name", "avatar"], ["LIMIT", 1]]
  ↳ app/views/shared/_navbar.html.erb:26
  [1m[36mActiveStorage::Blob Load (0.4ms)[0m  [1m[34mSELECT "active_storage_blobs".* FROM "active_storage_blobs" WHERE "active_storage_blobs"."id" = $1 LIMIT $2 /*application:CodeCritic,controller:code_files,action:show*/[0m  [["id", 1], ["LIMIT", 1]]
  ↳ app/views/shared/_navbar.html.erb:27
  Rendered shared/_navbar.html.erb (Duration: 7.2ms | Allocations: 2352)
  Rendered shared/_flash.html.erb (Duration: 0.1ms | Allocations: 23)
  [1m[36mReview Load (5.1ms)[0m  [1m[34mSELECT "reviews".* FROM "reviews" WHERE "reviews"."code_file_id" = $1 LIMIT $2 /*application:CodeCritic,controller:code_files,action:show*/[0m  [["code_file_id", 18], ["LIMIT", 1]]
  ↳ app/views/code_files/show.html.erb:38
  Rendered code_files/show.html.erb within layouts/application (Duration: 271.0ms | Allocations: 7972)
  Rendered layout layouts/application.html.erb (Duration: 272.5ms | Allocations: 8717)
Completed 200 OK in 1328ms (Views: 266.3ms | ActiveRecord: 9.6ms | Allocations: 13030)


Started GET "/user" for 127.0.0.1 at 2026-08-02 19:33:02 +0500
Processing by UsersController#show as HTML
  [1m[36mUser Load (0.4ms)[0m  [1m[34mSELECT "users".* FROM "users" WHERE "users"."id" = $1 ORDER BY "users"."id" ASC LIMIT $2 /*application:CodeCritic,controller:users,action:show*/[0m  [["id", 10], ["LIMIT", 1]]
  Rendering layout layouts/application.html.erb
  Rendering users/show.html.erb within layouts/application
  [1m[36mActiveStorage::Attachment Load (0.5ms)[0m  [1m[34mSELECT "active_storage_attachments".* FROM "active_storage_attachments" WHERE "active_storage_attachments"."record_id" = $1 AND "active_storage_attachments"."record_type" = $2 AND "active_storage_attachments"."name" = $3 LIMIT $4 /*application:CodeCritic,controller:users,action:show*/[0m  [["record_id", 10], ["record_type", "User"], ["name", "avatar"], ["LIMIT", 1]]
  ↳ app/views/shared/_navbar.html.erb:26
  [1m[36mActiveStorage::Blob Load (0.8ms)[0m  [1m[34mSELECT "active_storage_blobs".* FROM "active_storage_blobs" WHERE "active_storage_blobs"."id" = $1 LIMIT $2 /*application:CodeCritic,controller:users,action:show*/[0m  [["id", 1], ["LIMIT", 1]]
  ↳ app/views/shared/_navbar.html.erb:27
  Rendered shared/_navbar.html.erb (Duration: 12.2ms | Allocations: 2440)
  Rendered shared/_flash.html.erb (Duration: 0.2ms | Allocations: 23)
  [1m[36mProject Count (0.8ms)[0m  [1m[34mSELECT COUNT(*) FROM "projects" WHERE "projects"."user_id" = $1 /*application:CodeCritic,controller:users,action:show*/[0m  [["user_id", 10]]
  ↳ app/views/users/show.html.erb:58
  Rendered users/show.html.erb within layouts/application (Duration: 22.6ms | Allocations: 4414)
  Rendered layout layouts/application.html.erb (Duration: 24.7ms | Allocations: 5203)
Completed 200 OK in 1273ms (Views: 25.4ms | ActiveRecord: 2.4ms | Allocations: 7305)


Started POST "/code_files/18/review" for 127.0.0.1 at 2026-08-02 19:33:08 +0500
Processing by ReviewsController#create as TURBO_STREAM
  Parameters: {"authenticity_token"=>"[FILTERED]", "code_file_id"=>"18"}
  [1m[36mUser Load (0.4ms)[0m  [1m[34mSELECT "users".* FROM "users" WHERE "users"."id" = $1 ORDER BY "users"."id" ASC LIMIT $2 /*application:CodeCritic,controller:reviews,action:create*/[0m  [["id", 10], ["LIMIT", 1]]
  [1m[36mCodeFile Load (0.4ms)[0m  [1m[34mSELECT "code_files".* FROM "code_files" WHERE "code_files"."id" = $1 LIMIT $2 /*application:CodeCritic,controller:reviews,action:create*/[0m  [["id", 18], ["LIMIT", 1]]
  ↳ app/controllers/reviews_controller.rb:8:in `create'
  [1m[36mReview Load (0.5ms)[0m  [1m[34mSELECT "reviews".* FROM "reviews" WHERE "reviews"."code_file_id" = $1 LIMIT $2 /*application:CodeCritic,controller:reviews,action:create*/[0m  [["code_file_id", 18], ["LIMIT", 1]]
  ↳ app/controllers/reviews_controller.rb:9:in `create'
  [1m[36mProject Load (0.5ms)[0m  [1m[34mSELECT "projects".* FROM "projects" WHERE "projects"."id" = $1 LIMIT $2 /*application:CodeCritic,controller:reviews,action:create*/[0m  [["id", 10], ["LIMIT", 1]]
  ↳ app/policies/review_policy.rb:6:in `create?'
  [1m[36mUser Load (0.5ms)[0m  [1m[34mSELECT "users".* FROM "users" WHERE "users"."id" = $1 LIMIT $2 /*application:CodeCritic,controller:reviews,action:create*/[0m  [["id", 10], ["LIMIT", 1]]
  ↳ app/policies/review_policy.rb:6:in `create?'
  [1m[36mReview Load (0.5ms)[0m  [1m[34mSELECT "reviews".* FROM "reviews" WHERE "reviews"."code_file_id" = $1 /*application:CodeCritic,controller:reviews,action:create*/[0m  [["code_file_id", 18]]
  ↳ app/controllers/reviews_controller.rb:12:in `create'
Completed 500 Internal Server Error in 1135ms (ActiveRecord: 4.9ms | Allocations: 9682)


  
NameError (uninitialized constant ReviewsController::AiReviewService):
  
app/controllers/reviews_controller.rb:14:in `create'
Started GET "/code_files/18" for 127.0.0.1 at 2026-08-02 19:34:59 +0500
Processing by CodeFilesController#show as HTML
  Parameters: {"id"=>"18"}
  [1m[36mCodeFile Load (0.4ms)[0m  [1m[34mSELECT "code_files".* FROM "code_files" WHERE "code_files"."id" = $1 LIMIT $2 /*application:CodeCritic,controller:code_files,action:show*/[0m  [["id", 18], ["LIMIT", 1]]
  ↳ app/controllers/code_files_controller.rb:57:in `set_code_file'
  [1m[36mProject Load (0.4ms)[0m  [1m[34mSELECT "projects".* FROM "projects" WHERE "projects"."id" = $1 LIMIT $2 /*application:CodeCritic,controller:code_files,action:show*/[0m  [["id", 10], ["LIMIT", 1]]
  ↳ app/controllers/code_files_controller.rb:52:in `set_project'
  [1m[36mUser Load (0.5ms)[0m  [1m[34mSELECT "users".* FROM "users" WHERE "users"."id" = $1 ORDER BY "users"."id" ASC LIMIT $2 /*application:CodeCritic,controller:code_files,action:show*/[0m  [["id", 10], ["LIMIT", 1]]
  Rendering layout layouts/application.html.erb
  Rendering code_files/show.html.erb within layouts/application
  [1m[36mActiveStorage::Attachment Load (0.4ms)[0m  [1m[34mSELECT "active_storage_attachments".* FROM "active_storage_attachments" WHERE "active_storage_attachments"."record_id" = $1 AND "active_storage_attachments"."record_type" = $2 AND "active_storage_attachments"."name" = $3 LIMIT $4 /*application:CodeCritic,controller:code_files,action:show*/[0m  [["record_id", 10], ["record_type", "User"], ["name", "avatar"], ["LIMIT", 1]]
  ↳ app/views/shared/_navbar.html.erb:26
  [1m[36mActiveStorage::Blob Load (0.4ms)[0m  [1m[34mSELECT "active_storage_blobs".* FROM "active_storage_blobs" WHERE "active_storage_blobs"."id" = $1 LIMIT $2 /*application:CodeCritic,controller:code_files,action:show*/[0m  [["id", 1], ["LIMIT", 1]]
  ↳ app/views/shared/_navbar.html.erb:27
  Rendered shared/_navbar.html.erb (Duration: 44.0ms | Allocations: 13549)
  Rendered shared/_flash.html.erb (Duration: 0.1ms | Allocations: 23)
  [1m[36mReview Load (0.5ms)[0m  [1m[34mSELECT "reviews".* FROM "reviews" WHERE "reviews"."code_file_id" = $1 LIMIT $2 /*application:CodeCritic,controller:code_files,action:show*/[0m  [["code_file_id", 18], ["LIMIT", 1]]
  ↳ app/views/code_files/show.html.erb:38
  Rendered code_files/show.html.erb within layouts/application (Duration: 56.8ms | Allocations: 17609)
  Rendered layout layouts/application.html.erb (Duration: 63.3ms | Allocations: 20002)
Completed 200 OK in 974ms (Views: 55.1ms | ActiveRecord: 21.3ms | Allocations: 34355)


Started GET "/rails/active_storage/disk/eyJfcmFpbHMiOnsibWVzc2FnZSI6IkJBaDdDVG9JYTJWNVNTSWhjR1UwTjNabGNEVXdPRFl4ZERGMk9XVm5NV0pyWTNRNWNXdzJaZ1k2QmtWVU9oQmthWE53YjNOcGRHbHZia2tpVTJsdWJHbHVaVHNnWm1sc1pXNWhiV1U5SWxWdWRHbDBiR1ZrSUdSbGMybG5iaTV3Ym1jaU95Qm1hV3hsYm1GdFpTbzlWVlJHTFRnbkoxVnVkR2wwYkdWa0pUSXdaR1Z6YVdkdUxuQnVad1k3QmxRNkVXTnZiblJsYm5SZmRIbHdaVWtpRG1sdFlXZGxMM0J1WndZN0JsUTZFWE5sY25acFkyVmZibUZ0WlRvS2JHOWpZV3c9IiwiZXhwIjoiMjAyNi0wOC0wMlQxNDozNjozMy4yNzFaIiwicHVyIjoiYmxvYl9rZXkifX0=--d27917ee8e3f1305b230725df1da83179ffee9af/Untitled%20design.png" for 127.0.0.1 at 2026-08-02 19:35:02 +0500
Processing by ActiveStorage::DiskController#show as PNG
  Parameters: {"encoded_key"=>"[FILTERED]", "filename"=>"Untitled design"}
Completed 304 Not Modified in 1218ms (ActiveRecord: 0.0ms | Allocations: 446)


Started POST "/code_files/18/review" for 127.0.0.1 at 2026-08-02 19:35:06 +0500
Processing by ReviewsController#create as TURBO_STREAM
  Parameters: {"authenticity_token"=>"[FILTERED]", "code_file_id"=>"18"}
  [1m[36mUser Load (0.3ms)[0m  [1m[34mSELECT "users".* FROM "users" WHERE "users"."id" = $1 ORDER BY "users"."id" ASC LIMIT $2 /*application:CodeCritic,controller:reviews,action:create*/[0m  [["id", 10], ["LIMIT", 1]]
  [1m[36mCodeFile Load (0.4ms)[0m  [1m[34mSELECT "code_files".* FROM "code_files" WHERE "code_files"."id" = $1 LIMIT $2 /*application:CodeCritic,controller:reviews,action:create*/[0m  [["id", 18], ["LIMIT", 1]]
  ↳ app/controllers/reviews_controller.rb:8:in `create'
  [1m[36mReview Load (0.6ms)[0m  [1m[34mSELECT "reviews".* FROM "reviews" WHERE "reviews"."code_file_id" = $1 LIMIT $2 /*application:CodeCritic,controller:reviews,action:create*/[0m  [["code_file_id", 18], ["LIMIT", 1]]
  ↳ app/controllers/reviews_controller.rb:9:in `create'
  [1m[36mProject Load (0.4ms)[0m  [1m[34mSELECT "projects".* FROM "projects" WHERE "projects"."id" = $1 LIMIT $2 /*application:CodeCritic,controller:reviews,action:create*/[0m  [["id", 10], ["LIMIT", 1]]
  ↳ app/policies/review_policy.rb:6:in `create?'
  [1m[36mUser Load (0.4ms)[0m  [1m[34mSELECT "users".* FROM "users" WHERE "users"."id" = $1 LIMIT $2 /*application:CodeCritic,controller:reviews,action:create*/[0m  [["id", 10], ["LIMIT", 1]]
  ↳ app/policies/review_policy.rb:6:in `create?'
  [1m[36mReview Load (0.3ms)[0m  [1m[34mSELECT "reviews".* FROM "reviews" WHERE "reviews"."code_file_id" = $1 /*application:CodeCritic,controller:reviews,action:create*/[0m  [["code_file_id", 18]]
  ↳ app/controllers/reviews_controller.rb:12:in `create'
Completed 500 Internal Server Error in 1792ms (ActiveRecord: 4.0ms | Allocations: 22720)


  
Zeitwerk::NameError (expected file D:/code_critic/code_critic/app/services/ai_review_services.rb to define constant AiReviewServices, but didn't):
  
app/controllers/reviews_controller.rb:14:in `create'
Started GET "/code_files/18" for 127.0.0.1 at 2026-08-02 19:36:43 +0500
Processing by CodeFilesController#show as HTML
  Parameters: {"id"=>"18"}
  [1m[36mCodeFile Load (0.4ms)[0m  [1m[34mSELECT "code_files".* FROM "code_files" WHERE "code_files"."id" = $1 LIMIT $2 /*application:CodeCritic,controller:code_files,action:show*/[0m  [["id", 18], ["LIMIT", 1]]
  ↳ app/controllers/code_files_controller.rb:57:in `set_code_file'
  [1m[36mProject Load (0.5ms)[0m  [1m[34mSELECT "projects".* FROM "projects" WHERE "projects"."id" = $1 LIMIT $2 /*application:CodeCritic,controller:code_files,action:show*/[0m  [["id", 10], ["LIMIT", 1]]
  ↳ app/controllers/code_files_controller.rb:52:in `set_project'
  [1m[36mUser Load (0.5ms)[0m  [1m[34mSELECT "users".* FROM "users" WHERE "users"."id" = $1 ORDER BY "users"."id" ASC LIMIT $2 /*application:CodeCritic,controller:code_files,action:show*/[0m  [["id", 10], ["LIMIT", 1]]
  Rendering layout layouts/application.html.erb
  Rendering code_files/show.html.erb within layouts/application
  [1m[36mActiveStorage::Attachment Load (0.5ms)[0m  [1m[34mSELECT "active_storage_attachments".* FROM "active_storage_attachments" WHERE "active_storage_attachments"."record_id" = $1 AND "active_storage_attachments"."record_type" = $2 AND "active_storage_attachments"."name" = $3 LIMIT $4 /*application:CodeCritic,controller:code_files,action:show*/[0m  [["record_id", 10], ["record_type", "User"], ["name", "avatar"], ["LIMIT", 1]]
  ↳ app/views/shared/_navbar.html.erb:26
  [1m[36mActiveStorage::Blob Load (0.4ms)[0m  [1m[34mSELECT "active_storage_blobs".* FROM "active_storage_blobs" WHERE "active_storage_blobs"."id" = $1 LIMIT $2 /*application:CodeCritic,controller:code_files,action:show*/[0m  [["id", 1], ["LIMIT", 1]]
  ↳ app/views/shared/_navbar.html.erb:27
  Rendered shared/_navbar.html.erb (Duration: 53.1ms | Allocations: 13961)
  Rendered shared/_flash.html.erb (Duration: 0.1ms | Allocations: 35)
  [1m[36mReview Load (0.4ms)[0m  [1m[34mSELECT "reviews".* FROM "reviews" WHERE "reviews"."code_file_id" = $1 LIMIT $2 /*application:CodeCritic,controller:code_files,action:show*/[0m  [["code_file_id", 18], ["LIMIT", 1]]
  ↳ app/views/code_files/show.html.erb:38
  Rendered code_files/show.html.erb within layouts/application (Duration: 65.6ms | Allocations: 18137)
  Rendered layout layouts/application.html.erb (Duration: 72.8ms | Allocations: 20625)
Completed 200 OK in 945ms (Views: 65.2ms | ActiveRecord: 20.7ms | Allocations: 36228)


Started GET "/rails/active_storage/blobs/redirect/eyJfcmFpbHMiOnsibWVzc2FnZSI6IkJBaHBCZz09IiwiZXhwIjpudWxsLCJwdXIiOiJibG9iX2lkIn19--2c064d12f7b69fd188e784c84d784bb8750617de/Untitled%20design.png" for 127.0.0.1 at 2026-08-02 19:36:46 +0500
Processing by ActiveStorage::Blobs::RedirectController#show as PNG
  Parameters: {"signed_id"=>"eyJfcmFpbHMiOnsibWVzc2FnZSI6IkJBaHBCZz09IiwiZXhwIjpudWxsLCJwdXIiOiJibG9iX2lkIn19--2c064d12f7b69fd188e784c84d784bb8750617de", "filename"=>"Untitled design"}
  [1m[36mActiveStorage::Blob Load (0.3ms)[0m  [1m[34mSELECT "active_storage_blobs".* FROM "active_storage_blobs" WHERE "active_storage_blobs"."id" = $1 LIMIT $2 /*application:CodeCritic,controller:redirect,action:show*/[0m  [["id", 1], ["LIMIT", 1]]
[36m  Disk Storage (1.7ms) [0m[34mGenerated URL for file at key: pe47vep50861t1v9eg1bkct9ql6f (http://127.0.0.1:3000/rails/active_storage/disk/eyJfcmFpbHMiOnsibWVzc2FnZSI6IkJBaDdDVG9JYTJWNVNTSWhjR1UwTjNabGNEVXdPRFl4ZERGMk9XVm5NV0pyWTNRNWNXdzJaZ1k2QmtWVU9oQmthWE53YjNOcGRHbHZia2tpVTJsdWJHbHVaVHNnWm1sc1pXNWhiV1U5SWxWdWRHbDBiR1ZrSUdSbGMybG5iaTV3Ym1jaU95Qm1hV3hsYm1GdFpTbzlWVlJHTFRnbkoxVnVkR2wwYkdWa0pUSXdaR1Z6YVdkdUxuQnVad1k3QmxRNkVXTnZiblJsYm5SZmRIbHdaVWtpRG1sdFlXZGxMM0J1WndZN0JsUTZFWE5sY25acFkyVmZibUZ0WlRvS2JHOWpZV3c9IiwiZXhwIjoiMjAyNi0wOC0wMlQxNDo0MTo0Ny4zMjRaIiwicHVyIjoiYmxvYl9rZXkifX0=--9accb9d72e61ad1802045da0f173717e89a22804/Untitled%20design.png)[0m
Redirected to http://127.0.0.1:3000/rails/active_storage/disk/eyJfcmFpbHMiOnsibWVzc2FnZSI6IkJBaDdDVG9JYTJWNVNTSWhjR1UwTjNabGNEVXdPRFl4ZERGMk9XVm5NV0pyWTNRNWNXdzJaZ1k2QmtWVU9oQmthWE53YjNOcGRHbHZia2tpVTJsdWJHbHVaVHNnWm1sc1pXNWhiV1U5SWxWdWRHbDBiR1ZrSUdSbGMybG5iaTV3Ym1jaU95Qm1hV3hsYm1GdFpTbzlWVlJHTFRnbkoxVnVkR2wwYkdWa0pUSXdaR1Z6YVdkdUxuQnVad1k3QmxRNkVXTnZiblJsYm5SZmRIbHdaVWtpRG1sdFlXZGxMM0J1WndZN0JsUTZFWE5sY25acFkyVmZibUZ0WlRvS2JHOWpZV3c9IiwiZXhwIjoiMjAyNi0wOC0wMlQxNDo0MTo0Ny4zMjRaIiwicHVyIjoiYmxvYl9rZXkifX0=--9accb9d72e61ad1802045da0f173717e89a22804/Untitled%20design.png
Completed 302 Found in 1030ms (ActiveRecord: 0.3ms | Allocations: 2534)


Started GET "/rails/active_storage/disk/eyJfcmFpbHMiOnsibWVzc2FnZSI6IkJBaDdDVG9JYTJWNVNTSWhjR1UwTjNabGNEVXdPRFl4ZERGMk9XVm5NV0pyWTNRNWNXdzJaZ1k2QmtWVU9oQmthWE53YjNOcGRHbHZia2tpVTJsdWJHbHVaVHNnWm1sc1pXNWhiV1U5SWxWdWRHbDBiR1ZrSUdSbGMybG5iaTV3Ym1jaU95Qm1hV3hsYm1GdFpTbzlWVlJHTFRnbkoxVnVkR2wwYkdWa0pUSXdaR1Z6YVdkdUxuQnVad1k3QmxRNkVXTnZiblJsYm5SZmRIbHdaVWtpRG1sdFlXZGxMM0J1WndZN0JsUTZFWE5sY25acFkyVmZibUZ0WlRvS2JHOWpZV3c9IiwiZXhwIjoiMjAyNi0wOC0wMlQxNDo0MTo0Ny4zMjRaIiwicHVyIjoiYmxvYl9rZXkifX0=--9accb9d72e61ad1802045da0f173717e89a22804/Untitled%20design.png" for 127.0.0.1 at 2026-08-02 19:36:48 +0500
Processing by ActiveStorage::DiskController#show as PNG
  Parameters: {"encoded_key"=>"[FILTERED]", "filename"=>"Untitled design"}
Completed 200 OK in 1176ms (ActiveRecord: 0.0ms | Allocations: 482)


Started POST "/code_files/18/review" for 127.0.0.1 at 2026-08-02 19:36:50 +0500
Processing by ReviewsController#create as TURBO_STREAM
  Parameters: {"authenticity_token"=>"[FILTERED]", "code_file_id"=>"18"}
  [1m[36mUser Load (0.4ms)[0m  [1m[34mSELECT "users".* FROM "users" WHERE "users"."id" = $1 ORDER BY "users"."id" ASC LIMIT $2 /*application:CodeCritic,controller:reviews,action:create*/[0m  [["id", 10], ["LIMIT", 1]]
  [1m[36mCodeFile Load (0.4ms)[0m  [1m[34mSELECT "code_files".* FROM "code_files" WHERE "code_files"."id" = $1 LIMIT $2 /*application:CodeCritic,controller:reviews,action:create*/[0m  [["id", 18], ["LIMIT", 1]]
  ↳ app/controllers/reviews_controller.rb:8:in `create'
  [1m[36mReview Load (0.4ms)[0m  [1m[34mSELECT "reviews".* FROM "reviews" WHERE "reviews"."code_file_id" = $1 LIMIT $2 /*application:CodeCritic,controller:reviews,action:create*/[0m  [["code_file_id", 18], ["LIMIT", 1]]
  ↳ app/controllers/reviews_controller.rb:9:in `create'
  [1m[36mProject Load (0.5ms)[0m  [1m[34mSELECT "projects".* FROM "projects" WHERE "projects"."id" = $1 LIMIT $2 /*application:CodeCritic,controller:reviews,action:create*/[0m  [["id", 10], ["LIMIT", 1]]
  ↳ app/policies/review_policy.rb:6:in `create?'
  [1m[36mUser Load (0.5ms)[0m  [1m[34mSELECT "users".* FROM "users" WHERE "users"."id" = $1 LIMIT $2 /*application:CodeCritic,controller:reviews,action:create*/[0m  [["id", 10], ["LIMIT", 1]]
  ↳ app/policies/review_policy.rb:6:in `create?'
  [1m[36mReview Load (0.4ms)[0m  [1m[34mSELECT "reviews".* FROM "reviews" WHERE "reviews"."code_file_id" = $1 /*application:CodeCritic,controller:reviews,action:create*/[0m  [["code_file_id", 18]]
  ↳ app/controllers/reviews_controller.rb:12:in `create'
Completed 500 Internal Server Error in 825ms (ActiveRecord: 4.4ms | Allocations: 8902)


  
Zeitwerk::NameError (expected file D:/code_critic/code_critic/app/services/ai_review_services.rb to define constant AiReviewServices, but didn't):
  
app/controllers/reviews_controller.rb:14:in `create'
Started GET "/code_files/18" for 127.0.0.1 at 2026-08-02 19:39:16 +0500
Processing by CodeFilesController#show as HTML
  Parameters: {"id"=>"18"}
  [1m[36mCodeFile Load (0.4ms)[0m  [1m[34mSELECT "code_files".* FROM "code_files" WHERE "code_files"."id" = $1 LIMIT $2 /*application:CodeCritic,controller:code_files,action:show*/[0m  [["id", 18], ["LIMIT", 1]]
  ↳ app/controllers/code_files_controller.rb:57:in `set_code_file'
  [1m[36mProject Load (0.7ms)[0m  [1m[34mSELECT "projects".* FROM "projects" WHERE "projects"."id" = $1 LIMIT $2 /*application:CodeCritic,controller:code_files,action:show*/[0m  [["id", 10], ["LIMIT", 1]]
  ↳ app/controllers/code_files_controller.rb:52:in `set_project'
  [1m[36mUser Load (0.4ms)[0m  [1m[34mSELECT "users".* FROM "users" WHERE "users"."id" = $1 ORDER BY "users"."id" ASC LIMIT $2 /*application:CodeCritic,controller:code_files,action:show*/[0m  [["id", 10], ["LIMIT", 1]]
  Rendering layout layouts/application.html.erb
  Rendering code_files/show.html.erb within layouts/application
  [1m[36mActiveStorage::Attachment Load (0.4ms)[0m  [1m[34mSELECT "active_storage_attachments".* FROM "active_storage_attachments" WHERE "active_storage_attachments"."record_id" = $1 AND "active_storage_attachments"."record_type" = $2 AND "active_storage_attachments"."name" = $3 LIMIT $4 /*application:CodeCritic,controller:code_files,action:show*/[0m  [["record_id", 10], ["record_type", "User"], ["name", "avatar"], ["LIMIT", 1]]
  ↳ app/views/shared/_navbar.html.erb:26
  [1m[36mActiveStorage::Blob Load (0.4ms)[0m  [1m[34mSELECT "active_storage_blobs".* FROM "active_storage_blobs" WHERE "active_storage_blobs"."id" = $1 LIMIT $2 /*application:CodeCritic,controller:code_files,action:show*/[0m  [["id", 1], ["LIMIT", 1]]
  ↳ app/views/shared/_navbar.html.erb:27
  Rendered shared/_navbar.html.erb (Duration: 55.0ms | Allocations: 13552)
  Rendered shared/_flash.html.erb (Duration: 0.1ms | Allocations: 23)
  [1m[36mReview Load (0.7ms)[0m  [1m[34mSELECT "reviews".* FROM "reviews" WHERE "reviews"."code_file_id" = $1 LIMIT $2 /*application:CodeCritic,controller:code_files,action:show*/[0m  [["code_file_id", 18], ["LIMIT", 1]]
  ↳ app/views/code_files/show.html.erb:38
  Rendered code_files/show.html.erb within layouts/application (Duration: 69.0ms | Allocations: 17612)
  Rendered layout layouts/application.html.erb (Duration: 75.5ms | Allocations: 20005)
Completed 200 OK in 959ms (Views: 65.7ms | ActiveRecord: 23.3ms | Allocations: 34402)


Started GET "/rails/active_storage/disk/eyJfcmFpbHMiOnsibWVzc2FnZSI6IkJBaDdDVG9JYTJWNVNTSWhjR1UwTjNabGNEVXdPRFl4ZERGMk9XVm5NV0pyWTNRNWNXdzJaZ1k2QmtWVU9oQmthWE53YjNOcGRHbHZia2tpVTJsdWJHbHVaVHNnWm1sc1pXNWhiV1U5SWxWdWRHbDBiR1ZrSUdSbGMybG5iaTV3Ym1jaU95Qm1hV3hsYm1GdFpTbzlWVlJHTFRnbkoxVnVkR2wwYkdWa0pUSXdaR1Z6YVdkdUxuQnVad1k3QmxRNkVXTnZiblJsYm5SZmRIbHdaVWtpRG1sdFlXZGxMM0J1WndZN0JsUTZFWE5sY25acFkyVmZibUZ0WlRvS2JHOWpZV3c9IiwiZXhwIjoiMjAyNi0wOC0wMlQxNDo0MTo0Ny4zMjRaIiwicHVyIjoiYmxvYl9rZXkifX0=--9accb9d72e61ad1802045da0f173717e89a22804/Untitled%20design.png" for 127.0.0.1 at 2026-08-02 19:39:19 +0500
Processing by ActiveStorage::DiskController#show as PNG
  Parameters: {"encoded_key"=>"[FILTERED]", "filename"=>"Untitled design"}
Completed 304 Not Modified in 955ms (ActiveRecord: 0.0ms | Allocations: 443)


Started GET "/user" for 127.0.0.1 at 2026-08-02 19:39:23 +0500
Processing by UsersController#show as HTML
  [1m[36mUser Load (0.4ms)[0m  [1m[34mSELECT "users".* FROM "users" WHERE "users"."id" = $1 ORDER BY "users"."id" ASC LIMIT $2 /*application:CodeCritic,controller:users,action:show*/[0m  [["id", 10], ["LIMIT", 1]]
  Rendering layout layouts/application.html.erb
  Rendering users/show.html.erb within layouts/application
  [1m[36mActiveStorage::Attachment Load (0.4ms)[0m  [1m[34mSELECT "active_storage_attachments".* FROM "active_storage_attachments" WHERE "active_storage_attachments"."record_id" = $1 AND "active_storage_attachments"."record_type" = $2 AND "active_storage_attachments"."name" = $3 LIMIT $4 /*application:CodeCritic,controller:users,action:show*/[0m  [["record_id", 10], ["record_type", "User"], ["name", "avatar"], ["LIMIT", 1]]
  ↳ app/views/shared/_navbar.html.erb:26
  [1m[36mActiveStorage::Blob Load (0.4ms)[0m  [1m[34mSELECT "active_storage_blobs".* FROM "active_storage_blobs" WHERE "active_storage_blobs"."id" = $1 LIMIT $2 /*application:CodeCritic,controller:users,action:show*/[0m  [["id", 1], ["LIMIT", 1]]
  ↳ app/views/shared/_navbar.html.erb:27
  Rendered shared/_navbar.html.erb (Duration: 6.7ms | Allocations: 2434)
  Rendered shared/_flash.html.erb (Duration: 0.1ms | Allocations: 23)
  [1m[36mProject Count (0.5ms)[0m  [1m[34mSELECT COUNT(*) FROM "projects" WHERE "projects"."user_id" = $1 /*application:CodeCritic,controller:users,action:show*/[0m  [["user_id", 10]]
  ↳ app/views/users/show.html.erb:58
  Rendered users/show.html.erb within layouts/application (Duration: 13.2ms | Allocations: 5319)
  Rendered layout layouts/application.html.erb (Duration: 15.0ms | Allocations: 6108)
Completed 200 OK in 891ms (Views: 15.2ms | ActiveRecord: 1.6ms | Allocations: 8191)


Started POST "/code_files/18/review" for 127.0.0.1 at 2026-08-02 19:39:26 +0500
Processing by ReviewsController#create as TURBO_STREAM
  Parameters: {"authenticity_token"=>"[FILTERED]", "code_file_id"=>"18"}
  [1m[36mUser Load (0.3ms)[0m  [1m[34mSELECT "users".* FROM "users" WHERE "users"."id" = $1 ORDER BY "users"."id" ASC LIMIT $2 /*application:CodeCritic,controller:reviews,action:create*/[0m  [["id", 10], ["LIMIT", 1]]
  [1m[36mCodeFile Load (0.4ms)[0m  [1m[34mSELECT "code_files".* FROM "code_files" WHERE "code_files"."id" = $1 LIMIT $2 /*application:CodeCritic,controller:reviews,action:create*/[0m  [["id", 18], ["LIMIT", 1]]
  ↳ app/controllers/reviews_controller.rb:8:in `create'
  [1m[36mReview Load (0.4ms)[0m  [1m[34mSELECT "reviews".* FROM "reviews" WHERE "reviews"."code_file_id" = $1 LIMIT $2 /*application:CodeCritic,controller:reviews,action:create*/[0m  [["code_file_id", 18], ["LIMIT", 1]]
  ↳ app/controllers/reviews_controller.rb:9:in `create'
  [1m[36mProject Load (0.4ms)[0m  [1m[34mSELECT "projects".* FROM "projects" WHERE "projects"."id" = $1 LIMIT $2 /*application:CodeCritic,controller:reviews,action:create*/[0m  [["id", 10], ["LIMIT", 1]]
  ↳ app/policies/review_policy.rb:6:in `create?'
  [1m[36mUser Load (0.5ms)[0m  [1m[34mSELECT "users".* FROM "users" WHERE "users"."id" = $1 LIMIT $2 /*application:CodeCritic,controller:reviews,action:create*/[0m  [["id", 10], ["LIMIT", 1]]
  ↳ app/policies/review_policy.rb:6:in `create?'
  [1m[36mReview Load (0.4ms)[0m  [1m[34mSELECT "reviews".* FROM "reviews" WHERE "reviews"."code_file_id" = $1 /*application:CodeCritic,controller:reviews,action:create*/[0m  [["code_file_id", 18]]
  ↳ app/controllers/reviews_controller.rb:12:in `create'
HF AI HTTP Error: 404 - Not Found
HF Raw Response: {"error"=>"HTTP 404: Not Found"}
  [1m[36mTRANSACTION (1.2ms)[0m  [1m[35mBEGIN /*application:CodeCritic,controller:reviews,action:create*/[0m
  ↳ app/controllers/reviews_controller.rb:22:in `create'
  [1m[36mCodeFile Load (0.5ms)[0m  [1m[34mSELECT "code_files".* FROM "code_files" WHERE "code_files"."id" = $1 LIMIT $2 /*application:CodeCritic,controller:reviews,action:create*/[0m  [["id", 18], ["LIMIT", 1]]
  ↳ app/controllers/reviews_controller.rb:22:in `create'
  [1m[36mReview Create (4.7ms)[0m  [1m[32mINSERT INTO "reviews" ("status", "result", "summary", "code_file_id", "created_at", "updated_at") VALUES ($1, $2, $3, $4, $5, $6) RETURNING "id" /*application:CodeCritic,controller:reviews,action:create*/[0m  [["status", "completed"], ["result", "[{\"line\":1,\"severity\":\"critical\",\"issue\":\"API Error: HTTP 404: Not Found\",\"suggestion\":\"Check your API key or try again\"}]"], ["summary", "Review could not be completed."], ["code_file_id", 18], ["created_at", "2026-08-02 14:39:28.397515"], ["updated_at", "2026-08-02 14:39:28.397515"]]
  ↳ app/controllers/reviews_controller.rb:22:in `create'
  [1m[36mTRANSACTION (0.6ms)[0m  [1m[35mCOMMIT /*application:CodeCritic,controller:reviews,action:create*/[0m
  ↳ app/controllers/reviews_controller.rb:22:in `create'
Redirected to http://127.0.0.1:3000/code_files/18
Completed 302 Found in 1874ms (ActiveRecord: 11.1ms | Allocations: 14117)


Started GET "/code_files/18" for 127.0.0.1 at 2026-08-02 19:39:29 +0500
Processing by CodeFilesController#show as TURBO_STREAM
  Parameters: {"id"=>"18"}
  [1m[36mCodeFile Load (0.3ms)[0m  [1m[34mSELECT "code_files".* FROM "code_files" WHERE "code_files"."id" = $1 LIMIT $2 /*application:CodeCritic,controller:code_files,action:show*/[0m  [["id", 18], ["LIMIT", 1]]
  ↳ app/controllers/code_files_controller.rb:57:in `set_code_file'
  [1m[36mProject Load (0.3ms)[0m  [1m[34mSELECT "projects".* FROM "projects" WHERE "projects"."id" = $1 LIMIT $2 /*application:CodeCritic,controller:code_files,action:show*/[0m  [["id", 10], ["LIMIT", 1]]
  ↳ app/controllers/code_files_controller.rb:52:in `set_project'
  [1m[36mUser Load (0.3ms)[0m  [1m[34mSELECT "users".* FROM "users" WHERE "users"."id" = $1 ORDER BY "users"."id" ASC LIMIT $2 /*application:CodeCritic,controller:code_files,action:show*/[0m  [["id", 10], ["LIMIT", 1]]
  Rendering layout layouts/application.html.erb
  Rendering code_files/show.html.erb within layouts/application
  [1m[36mActiveStorage::Attachment Load (0.6ms)[0m  [1m[34mSELECT "active_storage_attachments".* FROM "active_storage_attachments" WHERE "active_storage_attachments"."record_id" = $1 AND "active_storage_attachments"."record_type" = $2 AND "active_storage_attachments"."name" = $3 LIMIT $4 /*application:CodeCritic,controller:code_files,action:show*/[0m  [["record_id", 10], ["record_type", "User"], ["name", "avatar"], ["LIMIT", 1]]
  ↳ app/views/shared/_navbar.html.erb:26
  [1m[36mActiveStorage::Blob Load (0.3ms)[0m  [1m[34mSELECT "active_storage_blobs".* FROM "active_storage_blobs" WHERE "active_storage_blobs"."id" = $1 LIMIT $2 /*application:CodeCritic,controller:code_files,action:show*/[0m  [["id", 1], ["LIMIT", 1]]
  ↳ app/views/shared/_navbar.html.erb:27
  Rendered shared/_navbar.html.erb (Duration: 7.1ms | Allocations: 2342)
  Rendered shared/_flash.html.erb (Duration: 0.2ms | Allocations: 24)
  [1m[36mReview Load (0.5ms)[0m  [1m[34mSELECT "reviews".* FROM "reviews" WHERE "reviews"."code_file_id" = $1 LIMIT $2 /*application:CodeCritic,controller:code_files,action:show*/[0m  [["code_file_id", 18], ["LIMIT", 1]]
  ↳ app/views/code_files/show.html.erb:38
  [1m[36mComment Count (4.9ms)[0m  [1m[34mSELECT COUNT(*) FROM "comments" WHERE "comments"."review_id" = $1 /*application:CodeCritic,controller:code_files,action:show*/[0m  [["review_id", 8]]
  ↳ app/views/code_files/show.html.erb:203
  [1m[36mComment Load (3.3ms)[0m  [1m[34mSELECT "comments".* FROM "comments" WHERE "comments"."review_id" = $1 ORDER BY "comments"."created_at" ASC /*application:CodeCritic,controller:code_files,action:show*/[0m  [["review_id", 8]]
  ↳ app/views/code_files/show.html.erb:224
  Rendered collection of templates [0 times] (Duration: 0.1ms | Allocations: 28)
  [1m[36mComment Exists? (0.5ms)[0m  [1m[34mSELECT 1 AS one FROM "comments" WHERE "comments"."review_id" = $1 LIMIT $2 /*application:CodeCritic,controller:code_files,action:show*/[0m  [["review_id", 8], ["LIMIT", 1]]
  ↳ app/views/code_files/show.html.erb:227
  Rendered code_files/show.html.erb within layouts/application (Duration: 54.7ms | Allocations: 9060)
  Rendered layout layouts/application.html.erb (Duration: 57.0ms | Allocations: 9805)
Completed 200 OK in 909ms (Views: 46.3ms | ActiveRecord: 12.7ms | Allocations: 12828)


Started GET "/user" for 127.0.0.1 at 2026-08-02 19:39:31 +0500
Processing by UsersController#show as HTML
  [1m[36mUser Load (0.5ms)[0m  [1m[34mSELECT "users".* FROM "users" WHERE "users"."id" = $1 ORDER BY "users"."id" ASC LIMIT $2 /*application:CodeCritic,controller:users,action:show*/[0m  [["id", 10], ["LIMIT", 1]]
  Rendering layout layouts/application.html.erb
  Rendering users/show.html.erb within layouts/application
  [1m[36mActiveStorage::Attachment Load (0.4ms)[0m  [1m[34mSELECT "active_storage_attachments".* FROM "active_storage_attachments" WHERE "active_storage_attachments"."record_id" = $1 AND "active_storage_attachments"."record_type" = $2 AND "active_storage_attachments"."name" = $3 LIMIT $4 /*application:CodeCritic,controller:users,action:show*/[0m  [["record_id", 10], ["record_type", "User"], ["name", "avatar"], ["LIMIT", 1]]
  ↳ app/views/shared/_navbar.html.erb:26
  [1m[36mActiveStorage::Blob Load (0.4ms)[0m  [1m[34mSELECT "active_storage_blobs".* FROM "active_storage_blobs" WHERE "active_storage_blobs"."id" = $1 LIMIT $2 /*application:CodeCritic,controller:users,action:show*/[0m  [["id", 1], ["LIMIT", 1]]
  ↳ app/views/shared/_navbar.html.erb:27
  Rendered shared/_navbar.html.erb (Duration: 7.6ms | Allocations: 2346)
  Rendered shared/_flash.html.erb (Duration: 0.1ms | Allocations: 20)
  [1m[36mProject Count (1.2ms)[0m  [1m[34mSELECT COUNT(*) FROM "projects" WHERE "projects"."user_id" = $1 /*application:CodeCritic,controller:users,action:show*/[0m  [["user_id", 10]]
  ↳ app/views/users/show.html.erb:58
  Rendered users/show.html.erb within layouts/application (Duration: 16.6ms | Allocations: 4219)
  Rendered layout layouts/application.html.erb (Duration: 18.0ms | Allocations: 4963)
Completed 200 OK in 1172ms (Views: 17.0ms | ActiveRecord: 2.5ms | Allocations: 6707)


Started GET "/user" for 127.0.0.1 at 2026-08-02 19:39:44 +0500
Processing by UsersController#show as HTML
  [1m[36mUser Load (0.3ms)[0m  [1m[34mSELECT "users".* FROM "users" WHERE "users"."id" = $1 ORDER BY "users"."id" ASC LIMIT $2 /*application:CodeCritic,controller:users,action:show*/[0m  [["id", 10], ["LIMIT", 1]]
  Rendering layout layouts/application.html.erb
  Rendering users/show.html.erb within layouts/application
  [1m[36mActiveStorage::Attachment Load (0.4ms)[0m  [1m[34mSELECT "active_storage_attachments".* FROM "active_storage_attachments" WHERE "active_storage_attachments"."record_id" = $1 AND "active_storage_attachments"."record_type" = $2 AND "active_storage_attachments"."name" = $3 LIMIT $4 /*application:CodeCritic,controller:users,action:show*/[0m  [["record_id", 10], ["record_type", "User"], ["name", "avatar"], ["LIMIT", 1]]
  ↳ app/views/shared/_navbar.html.erb:26
  [1m[36mActiveStorage::Blob Load (0.3ms)[0m  [1m[34mSELECT "active_storage_blobs".* FROM "active_storage_blobs" WHERE "active_storage_blobs"."id" = $1 LIMIT $2 /*application:CodeCritic,controller:users,action:show*/[0m  [["id", 1], ["LIMIT", 1]]
  ↳ app/views/shared/_navbar.html.erb:27
  Rendered shared/_navbar.html.erb (Duration: 7.8ms | Allocations: 2342)
  Rendered shared/_flash.html.erb (Duration: 0.1ms | Allocations: 20)
  [1m[36mProject Count (0.4ms)[0m  [1m[34mSELECT COUNT(*) FROM "projects" WHERE "projects"."user_id" = $1 /*application:CodeCritic,controller:users,action:show*/[0m  [["user_id", 10]]
  ↳ app/views/users/show.html.erb:58
  Rendered users/show.html.erb within layouts/application (Duration: 14.4ms | Allocations: 4214)
  Rendered layout layouts/application.html.erb (Duration: 16.0ms | Allocations: 4958)
Completed 200 OK in 937ms (Views: 15.6ms | ActiveRecord: 1.4ms | Allocations: 6712)


Started GET "/user" for 127.0.0.1 at 2026-08-02 19:39:47 +0500
Processing by UsersController#show as HTML
  [1m[36mUser Load (0.3ms)[0m  [1m[34mSELECT "users".* FROM "users" WHERE "users"."id" = $1 ORDER BY "users"."id" ASC LIMIT $2 /*application:CodeCritic,controller:users,action:show*/[0m  [["id", 10], ["LIMIT", 1]]
  Rendering layout layouts/application.html.erb
  Rendering users/show.html.erb within layouts/application
  [1m[36mActiveStorage::Attachment Load (0.5ms)[0m  [1m[34mSELECT "active_storage_attachments".* FROM "active_storage_attachments" WHERE "active_storage_attachments"."record_id" = $1 AND "active_storage_attachments"."record_type" = $2 AND "active_storage_attachments"."name" = $3 LIMIT $4 /*application:CodeCritic,controller:users,action:show*/[0m  [["record_id", 10], ["record_type", "User"], ["name", "avatar"], ["LIMIT", 1]]
  ↳ app/views/shared/_navbar.html.erb:26
  [1m[36mActiveStorage::Blob Load (0.4ms)[0m  [1m[34mSELECT "active_storage_blobs".* FROM "active_storage_blobs" WHERE "active_storage_blobs"."id" = $1 LIMIT $2 /*application:CodeCritic,controller:users,action:show*/[0m  [["id", 1], ["LIMIT", 1]]
  ↳ app/views/shared/_navbar.html.erb:27
  Rendered shared/_navbar.html.erb (Duration: 8.4ms | Allocations: 2342)
  Rendered shared/_flash.html.erb (Duration: 0.1ms | Allocations: 20)
  [1m[36mProject Count (2.6ms)[0m  [1m[34mSELECT COUNT(*) FROM "projects" WHERE "projects"."user_id" = $1 /*application:CodeCritic,controller:users,action:show*/[0m  [["user_id", 10]]
  ↳ app/views/users/show.html.erb:58
  Rendered users/show.html.erb within layouts/application (Duration: 19.5ms | Allocations: 4214)
  Rendered layout layouts/application.html.erb (Duration: 27.8ms | Allocations: 4958)
Completed 200 OK in 821ms (Views: 32.0ms | ActiveRecord: 3.8ms | Allocations: 6716)


Started GET "/user" for 127.0.0.1 at 2026-08-02 19:39:51 +0500
Processing by UsersController#show as HTML
  [1m[36mUser Load (0.4ms)[0m  [1m[34mSELECT "users".* FROM "users" WHERE "users"."id" = $1 ORDER BY "users"."id" ASC LIMIT $2 /*application:CodeCritic,controller:users,action:show*/[0m  [["id", 10], ["LIMIT", 1]]
  Rendering layout layouts/application.html.erb
  Rendering users/show.html.erb within layouts/application
  [1m[36mActiveStorage::Attachment Load (0.5ms)[0m  [1m[34mSELECT "active_storage_attachments".* FROM "active_storage_attachments" WHERE "active_storage_attachments"."record_id" = $1 AND "active_storage_attachments"."record_type" = $2 AND "active_storage_attachments"."name" = $3 LIMIT $4 /*application:CodeCritic,controller:users,action:show*/[0m  [["record_id", 10], ["record_type", "User"], ["name", "avatar"], ["LIMIT", 1]]
  ↳ app/views/shared/_navbar.html.erb:26
  [1m[36mActiveStorage::Blob Load (0.4ms)[0m  [1m[34mSELECT "active_storage_blobs".* FROM "active_storage_blobs" WHERE "active_storage_blobs"."id" = $1 LIMIT $2 /*application:CodeCritic,controller:users,action:show*/[0m  [["id", 1], ["LIMIT", 1]]
  ↳ app/views/shared/_navbar.html.erb:27
  Rendered shared/_navbar.html.erb (Duration: 8.4ms | Allocations: 2342)
  Rendered shared/_flash.html.erb (Duration: 0.1ms | Allocations: 20)
  [1m[36mProject Count (0.7ms)[0m  [1m[34mSELECT COUNT(*) FROM "projects" WHERE "projects"."user_id" = $1 /*application:CodeCritic,controller:users,action:show*/[0m  [["user_id", 10]]
  ↳ app/views/users/show.html.erb:58
  Rendered users/show.html.erb within layouts/application (Duration: 15.5ms | Allocations: 4214)
  Rendered layout layouts/application.html.erb (Duration: 17.8ms | Allocations: 4958)
Completed 200 OK in 1583ms (Views: 20.5ms | ActiveRecord: 2.0ms | Allocations: 6734)


Started GET "/user" for 127.0.0.1 at 2026-08-02 19:39:55 +0500
Processing by UsersController#show as HTML
  [1m[36mUser Load (0.3ms)[0m  [1m[34mSELECT "users".* FROM "users" WHERE "users"."id" = $1 ORDER BY "users"."id" ASC LIMIT $2 /*application:CodeCritic,controller:users,action:show*/[0m  [["id", 10], ["LIMIT", 1]]
  Rendering layout layouts/application.html.erb
  Rendering users/show.html.erb within layouts/application
  [1m[36mActiveStorage::Attachment Load (0.3ms)[0m  [1m[34mSELECT "active_storage_attachments".* FROM "active_storage_attachments" WHERE "active_storage_attachments"."record_id" = $1 AND "active_storage_attachments"."record_type" = $2 AND "active_storage_attachments"."name" = $3 LIMIT $4 /*application:CodeCritic,controller:users,action:show*/[0m  [["record_id", 10], ["record_type", "User"], ["name", "avatar"], ["LIMIT", 1]]
  ↳ app/views/shared/_navbar.html.erb:26
  [1m[36mActiveStorage::Blob Load (0.3ms)[0m  [1m[34mSELECT "active_storage_blobs".* FROM "active_storage_blobs" WHERE "active_storage_blobs"."id" = $1 LIMIT $2 /*application:CodeCritic,controller:users,action:show*/[0m  [["id", 1], ["LIMIT", 1]]
  ↳ app/views/shared/_navbar.html.erb:27
  Rendered shared/_navbar.html.erb (Duration: 7.2ms | Allocations: 2342)
  Rendered shared/_flash.html.erb (Duration: 0.1ms | Allocations: 20)
  [1m[36mProject Count (0.6ms)[0m  [1m[34mSELECT COUNT(*) FROM "projects" WHERE "projects"."user_id" = $1 /*application:CodeCritic,controller:users,action:show*/[0m  [["user_id", 10]]
  ↳ app/views/users/show.html.erb:58
  Rendered users/show.html.erb within layouts/application (Duration: 13.1ms | Allocations: 4214)
  Rendered layout layouts/application.html.erb (Duration: 14.3ms | Allocations: 4958)
Completed 200 OK in 859ms (Views: 14.0ms | ActiveRecord: 1.4ms | Allocations: 6717)


